plus_a100_20260930	ratio_0.02	tissuemnist	mv_l075	seed_42	0.49729952648826237	0.3823796548592189
plus_a100_20260930	ratio_0.02	tissuemnist	mv_l075	seed_43	0.49060211162888645	0.4102104791759964
plus_a100_20260930	ratio_0.02	tissuemnist	mv_l075	seed_44	0.4948439096347239	0.40826521344232514
plus_a100_20260930	ratio_0.02	tissuemnist	mv_l075	seed_45	0.4756711026503036	0.3773841961852861
plus_a100_20260930	ratio_0.02	tissuemnist	mv_l075	seed_46	0.496225532451244	0.4361845051500224
plus_a100_20260930	ratio_0.02	tissuemnist	mv_mean	seed_42	0.4875023788898923	0.4361845051500224
plus_a100_20260930	ratio_0.02	tissuemnist	mv_mean	seed_43	0.4956208933430314	0.3991825613079019
plus_a100_20260930	ratio_0.02	tissuemnist	mv_mean	seed_44	0.4905354332004705	0.4366323331840573
plus_a100_20260930	ratio_0.02	tissuemnist	mv_mean	seed_45	0.4845554688112692	0.4073194856577646
plus_a100_20260930	ratio_0.02	tissuemnist	mv_mean	seed_46	0.4773545695147129	0.43158207183140396
plus_a100_20260930	ratio_0.02	pathmnist	cls_clip	seed_42	0.7923118608058198	0.3681710213776722
plus_a100_20260930	ratio_0.02	pathmnist	cls_clip	seed_43	0.7751213784350444	0.34679334916864607
plus_a100_20260930	ratio_0.02	pathmnist	cls_clip	seed_44	0.7384040762028691	0.2494061757719715
plus_a100_20260930	ratio_0.02	pathmnist	cls_clip	seed_45	0.8298763401732736	0.3254156769596199
plus_a100_20260930	ratio_0.02	pathmnist	cls_clip	seed_46	0.7762277124306307	0.33729216152019004
plus_a100_20260930	ratio_0.02	pathmnist	hpc_cls	seed_42	0.8506951128283844	0.37054631828978624
plus_a100_20260930	ratio_0.02	pathmnist	hpc_cls	seed_43	0.8156924604583944	0.37767220902612825
plus_a100_20260930	ratio_0.02	pathmnist	hpc_cls	seed_44	0.8317889369149258	0.3919239904988123
plus_a100_20260930	ratio_0.02	pathmnist	hpc_cls	seed_45	0.8434951438602588	0.34441805225653205
plus_a100_20260930	ratio_0.02	pathmnist	hpc_cls	seed_46	0.8111144006588188	0.3515439429928741
plus_a100_20260930	ratio_0.02	pathmnist	mvf_t050	seed_42	0.8305879870326471	0.37054631828978624
plus_a100_20260930	ratio_0.02	pathmnist	mvf_t050	seed_43	0.8010775999386189	0.3491686460807601
plus_a100_20260930	ratio_0.02	pathmnist	mvf_t050	seed_44	0.8095255081187556	0.32066508313539194
plus_a100_20260930	ratio_0.02	pathmnist	mvf_t050	seed_45	0.8018947329991032	0.3847980997624703
plus_a100_20260930	ratio_0.02	pathmnist	mvf_t050	seed_46	0.8286574316349513	0.43705463182897863
plus_a100_20260930	ratio_0.02	pathmnist	px_d25	seed_42	0.8142737602418539	0.4323040380047506
plus_a100_20260930	ratio_0.02	pathmnist	px_d25	seed_43	0.815431232507507	0.38954869358669836
plus_a100_20260930	ratio_0.02	pathmnist	px_d25	seed_44	0.8194236675180515	0.43705463182897863
plus_a100_20260930	ratio_0.02	pathmnist	px_d50	seed_42	0.8431166636059086	0.4085510688836104
plus_a100_20260930	ratio_0.02	pathmnist	px_d50	seed_43	0.8065019027717987	0.3491686460807601
plus_a100_20260930	ratio_0.02	pathmnist	px_d50	seed_44	0.8430050007945092	0.48931116389548696
plus_a100_20260930	ratio_0.02	pathmnist	px_e25	seed_42	0.7878939607354337	0.37767220902612825
plus_a100_20260930	ratio_0.02	pathmnist	px_e25	seed_43	0.7851281029114398	0.39429928741092635
plus_a100_20260930	ratio_0.02	pathmnist	px_e25	seed_44	0.7976238932339935	0.35629453681710216
plus_a100_20260930	ratio_0.02	pathmnist	px_e50	seed_42	0.7913629249404294	0.37054631828978624
plus_a100_20260930	ratio_0.02	pathmnist	px_e50	seed_43	0.816568397930453	0.39429928741092635
plus_a100_20260930	ratio_0.02	pathmnist	px_e50	seed_44	0.7887254550673866	0.4014251781472684
plus_a100_20260930	ratio_0.02	pathmnist	px_d25e25	seed_42	0.7935448376947786	0.37292161520190026
plus_a100_20260930	ratio_0.02	pathmnist	px_d25e25	seed_43	0.7999519895745014	0.3515439429928741
plus_a100_20260930	ratio_0.02	pathmnist	px_d25e25	seed_44	0.7914054685062627	0.38954869358669836
plus_a100_20260930	ratio_0.02	pathmnist	px_b15	seed_42	0.8408828199086014	0.3990498812351544
plus_a100_20260930	ratio_0.02	pathmnist	px_b15	seed_43	0.8150674839651763	0.42280285035629456
plus_a100_20260930	ratio_0.02	pathmnist	px_b15	seed_44	0.8349602915156955	0.4014251781472684
plus_a100_20260930	ratio_0.02	pathmnist	px_b30	seed_42	0.8195715894426645	0.32304038004750596
plus_a100_20260930	ratio_0.02	pathmnist	px_b30	seed_43	0.8160765232203001	0.36342042755344417
plus_a100_20260930	ratio_0.02	pathmnist	px_b30	seed_44	0.805687360202956	0.2850356294536817
plus_a100_20260930	ratio_0.02	pathmnist	px_d25b15	seed_42	0.828344089630439	0.46080760095011875
plus_a100_20260930	ratio_0.02	pathmnist	px_d25b15	seed_43	0.8078883355472692	0.2826603325415677
plus_a100_20260930	ratio_0.02	pathmnist	px_d25b15	seed_44	0.8233571287504255	0.33966745843230406
plus_a100_20260930	ratio_0.02	pathmnist	px_l75b15	seed_42	0.7854749670359507	0.40117994100294985
plus_a100_20260930	ratio_0.02	pathmnist	px_l75b15	seed_43	0.8284663811836585	0.37054631828978624
plus_a100_20260930	ratio_0.02	pathmnist	px_l75b15	seed_44	0.8043348536468486	0.3016627078384798
plus_a100_20260930	ratio_0.02	pathmnist	px_l90	seed_42	0.8038442909313999	0.3919239904988123
plus_a100_20260930	ratio_0.02	pathmnist	px_l90	seed_43	0.7911577427270432	0.3990498812351544
plus_a100_20260930	ratio_0.02	pathmnist	px_l90	seed_44	0.8257774160068216	0.38004750593824227
plus_a100_20260930	ratio_0.02	pathmnist	px_cv	seed_42	0.8256461571798661	0.42755344418052255
plus_a100_20260930	ratio_0.02	pathmnist	px_cv	seed_43	0.8120325108850666	0.34441805225653205
plus_a100_20260930	ratio_0.02	pathmnist	px_cv	seed_44	0.8078870150780625	0.3824228028503563
plus_a100_20260930	ratio_0.02	pathmnist	px_cve25	seed_42	0.8407100757370799	0.38717339667458434
plus_a100_20260930	ratio_0.02	pathmnist	px_cve25	seed_43	0.8078045120270771	0.38717339667458434
plus_a100_20260930	ratio_0.02	pathmnist	px_cve25	seed_44	0.8323487181516855	0.3752969121140142
plus_a100_20260930	ratio_0.02	pathmnist	px_dino_e25	seed_42	0.8150529340538122	0.39429928741092635
plus_a100_20260930	ratio_0.02	pathmnist	px_dino_e25	seed_43	0.794549249607239	0.38954869358669836
plus_a100_20260930	ratio_0.02	pathmnist	px_dino_e25	seed_44	0.8405224688060697	0.34679334916864607
plus_a100_20260930	ratio_0.02	pathmnist	px_dino_d25	seed_42	0.8075498769142526	0.4584323040380047
plus_a100_20260930	ratio_0.02	pathmnist	px_dino_d25	seed_43	0.820375322372724	0.4679334916864608
plus_a100_20260930	ratio_0.02	pathmnist	px_dino_d25	seed_44	0.8356130810471959	0.39429928741092635
plus_a100_20260930	ratio_0.02	bloodmnist	px_d25	seed_42	0.8492340072611375	0.5820379965457686
plus_a100_20260930	ratio_0.02	bloodmnist	px_d25	seed_43	0.8312188571038708	0.5267702936096719
plus_a100_20260930	ratio_0.02	bloodmnist	px_d25	seed_44	0.8556405056678764	0.6079447322970639
plus_a100_20260930	ratio_0.02	bloodmnist	px_d50	seed_42	0.809502928896182	0.6200345423143351
plus_a100_20260930	ratio_0.02	bloodmnist	px_d50	seed_43	0.8362631849673915	0.6200345423143351
plus_a100_20260930	ratio_0.02	bloodmnist	px_d50	seed_44	0.8357642225046369	0.5129533678756477
plus_a100_20260930	ratio_0.02	bloodmnist	px_e25	seed_42	0.8021820399709325	0.48877374784110533
plus_a100_20260930	ratio_0.02	bloodmnist	px_e25	seed_43	0.8543801329789715	0.6407599309153713
plus_a100_20260930	ratio_0.02	bloodmnist	px_e25	seed_44	0.8432085264205531	0.6390328151986183
plus_a100_20260930	ratio_0.02	bloodmnist	px_e50	seed_42	0.8000103375932389	0.6217616580310881
plus_a100_20260930	ratio_0.02	bloodmnist	px_e50	seed_43	0.8389503646636923	0.6079447322970639
plus_a100_20260930	ratio_0.02	bloodmnist	px_e50	seed_44	0.8482039276344128	0.616580310880829
plus_a100_20260930	ratio_0.02	bloodmnist	px_d25e25	seed_42	0.8049346871407825	0.6338028169014085
plus_a100_20260930	ratio_0.02	bloodmnist	px_d25e25	seed_43	0.7996661468089812	0.6373239436619719
plus_a100_20260930	ratio_0.02	bloodmnist	px_d25e25	seed_44	0.8515248359283103	0.6217616580310881
plus_a100_20260930	ratio_0.02	bloodmnist	px_b15	seed_42	0.8264964103343877	0.5647668393782384
plus_a100_20260930	ratio_0.02	bloodmnist	px_b15	seed_43	0.8622093519990279	0.6390328151986183
plus_a100_20260930	ratio_0.02	bloodmnist	px_b15	seed_44	0.8540559040686131	0.6614853195164075
plus_a100_20260930	ratio_0.02	bloodmnist	px_b30	seed_42	0.8590950919947806	0.697754749568221
plus_a100_20260930	ratio_0.02	bloodmnist	px_b30	seed_43	0.8734410349762423	0.690846286701209
plus_a100_20260930	ratio_0.02	bloodmnist	px_b30	seed_44	0.8503141491641172	0.5803108808290155
plus_a100_20260930	ratio_0.02	bloodmnist	px_b30	seed_45	0.8736161317737948	0.6856649395509499
plus_a100_20260930	ratio_0.02	bloodmnist	px_b30	seed_46	0.864869503748613	0.7098445595854922
plus_a100_20260930	ratio_0.02	bloodmnist	px_d25b15	seed_42	0.8421844349856975	0.6252158894645942
plus_a100_20260930	ratio_0.02	bloodmnist	px_d25b15	seed_43	0.8528641980144821	0.6338514680483592
plus_a100_20260930	ratio_0.02	bloodmnist	px_d25b15	seed_44	0.8474213591047188	0.6804835924006909
plus_a100_20260930	ratio_0.02	bloodmnist	px_l75b15	seed_42	0.819017676964048	0.6493955094991365
plus_a100_20260930	ratio_0.02	bloodmnist	px_l75b15	seed_43	0.8563606738410464	0.6994818652849741
plus_a100_20260930	ratio_0.02	bloodmnist	px_l75b15	seed_44	0.8160826931007996	0.5924006908462867
plus_a100_20260930	ratio_0.02	bloodmnist	px_l90	seed_42	0.8399886064864277	0.5993091537132987
plus_a100_20260930	ratio_0.02	bloodmnist	px_l90	seed_43	0.8823862300436753	0.6718480138169257
plus_a100_20260930	ratio_0.02	bloodmnist	px_l90	seed_44	0.8740562409720016	0.6666666666666666
plus_a100_20260930	ratio_0.02	bloodmnist	px_l90	seed_45	0.8489194703637007	0.7115716753022453
plus_a100_20260930	ratio_0.02	bloodmnist	px_l90	seed_46	0.8450194852323787	0.6770293609671848
plus_a100_20260930	ratio_0.02	bloodmnist	px_cv	seed_42	0.8454094719161735	0.5872193436960277
plus_a100_20260930	ratio_0.02	bloodmnist	px_cv	seed_43	0.8375907278318122	0.6338514680483592
plus_a100_20260930	ratio_0.02	bloodmnist	px_cv	seed_44	0.8790728421314202	0.6563039723661486
plus_a100_20260930	ratio_0.02	bloodmnist	px_cv	seed_45	0.8296782572470058	0.6614853195164075
plus_a100_20260930	ratio_0.02	bloodmnist	px_cv	seed_46	0.8453284853383647	0.6044905008635578
plus_a100_20260930	ratio_0.02	bloodmnist	px_cve25	seed_42	0.846876170791967	0.6735751295336787
plus_a100_20260930	ratio_0.02	bloodmnist	px_cve25	seed_43	0.8365894315109008	0.5613126079447323
plus_a100_20260930	ratio_0.02	bloodmnist	px_cve25	seed_44	0.8589935634594638	0.7012089810017271
plus_a100_20260930	ratio_0.02	bloodmnist	px_dino_e25	seed_42	0.8524793357952907	0.6753022452504318
plus_a100_20260930	ratio_0.02	bloodmnist	px_dino_e25	seed_43	0.8344259396740812	0.5699481865284974
plus_a100_20260930	ratio_0.02	bloodmnist	px_dino_e25	seed_44	0.8284039001790036	0.5872193436960277
plus_a100_20260930	ratio_0.02	bloodmnist	px_dino_d25	seed_42	0.8304056606364139	0.5371329879101899
plus_a100_20260930	ratio_0.02	bloodmnist	px_dino_d25	seed_43	0.8032124501428487	0.4939550949913644
plus_a100_20260930	ratio_0.02	bloodmnist	px_dino_d25	seed_44	0.799233406446128	0.48704663212435234
plus_a100_20260930	ratio_0.02	bloodmnist	csc_l025	seed_42	0.8666383895085741	0.6373056994818653
plus_a100_20260930	ratio_0.02	bloodmnist	csc_l025	seed_43	0.8694062149021655	0.6217616580310881
plus_a100_20260930	ratio_0.02	bloodmnist	csc_l025	seed_44	0.846173035745093	0.696027633851468
plus_a100_20260930	ratio_0.02	bloodmnist	csc_l025	seed_45	0.8502520258592552	0.6614853195164075
plus_a100_20260930	ratio_0.02	bloodmnist	csc_l025	seed_46	0.8019655563817487	0.4991364421416235
plus_a100_20260930	ratio_0.02	bloodmnist	csc_l090	seed_42	0.8597114635347969	0.6735751295336787
plus_a100_20260930	ratio_0.02	bloodmnist	csc_l090	seed_43	0.8455345800524666	0.5630397236614854
plus_a100_20260930	ratio_0.02	bloodmnist	csc_l090	seed_44	0.8707285085184172	0.5734024179620034
plus_a100_20260930	ratio_0.02	bloodmnist	csc_l090	seed_45	0.8470006456746177	0.6390328151986183
plus_a100_20260930	ratio_0.02	bloodmnist	csc_l090	seed_46	0.8150048387508251	0.6597582037996546
plus_a100_20260930	ratio_0.02	bloodmnist	mv_mean	seed_42	0.8472231486896284	0.6044905008635578
plus_a100_20260930	ratio_0.02	bloodmnist	mv_mean	seed_43	0.8242380659750145	0.6010362694300518
plus_a100_20260930	ratio_0.02	bloodmnist	mv_mean	seed_44	0.8755794545325676	0.6683937823834197
plus_a100_20260930	ratio_0.02	bloodmnist	mv_mean	seed_45	0.8103384307707815	0.6079447322970639
plus_a100_20260930	ratio_0.02	bloodmnist	mv_mean	seed_46	0.8513708444626333	0.6459412780656304
plus_a100_20260930	ratio_0.02	bloodmnist	pg_l90_g00_e50_b00_eq	seed_42	0.8630265317119987	0.6839378238341969
plus_a100_20260930	ratio_0.02	bloodmnist	pg_l90_g00_e50_b00_eq	seed_43	0.8328036182789003	0.5699481865284974
plus_a100_20260930	ratio_0.02	bloodmnist	pg_l90_g00_e50_b00_eq	seed_44	0.8760070200856634	0.6200345423143351
plus_a100_20260930	ratio_0.02	bloodmnist	pg_l90_g00_e50_b00_eq	seed_45	0.8471190058507774	0.5699481865284974
plus_a100_20260930	ratio_0.02	bloodmnist	pg_l90_g00_e50_b00_eq	seed_46	0.8552359932268354	0.5630397236614854
plus_a100_20260930	ratio_0.02	bloodmnist	pg_l75_g25_e50_b00_eq	seed_42	0.8408909376981322	0.6563039723661486
plus_a100_20260930	ratio_0.02	bloodmnist	pg_l75_g25_e50_b00_eq	seed_43	0.8194151215355725	0.5768566493955095
plus_a100_20260930	ratio_0.02	bloodmnist	pg_l75_g25_e50_b00_eq	seed_44	0.8592542812839595	0.6597582037996546
plus_a100_20260930	ratio_0.02	bloodmnist	pg_l75_g25_e50_b00_eq	seed_45	0.816756865457521	0.5906735751295337
plus_a100_20260930	ratio_0.02	bloodmnist	pg_l75_g25_e50_b00_eq	seed_46	0.8293563885517559	0.5975820379965457
plus_a100_20260930	ratio_0.02	bloodmnist	pg_l50_g50_e00_b15_eq	seed_42	0.8412190691296868	0.6079447322970639
plus_a100_20260930	ratio_0.02	bloodmnist	pg_l50_g50_e00_b15_eq	seed_43	0.8580390428152413	0.5630397236614854
plus_a100_20260930	ratio_0.02	bloodmnist	pg_l50_g50_e00_b15_eq	seed_44	0.8643614295077569	0.6010362694300518
plus_a100_20260930	ratio_0.02	bloodmnist	pg_l50_g50_e00_b15_eq	seed_45	0.8436811152363681	0.6580310880829016
plus_a100_20260930	ratio_0.02	bloodmnist	pg_l50_g50_e00_b15_eq	seed_46	0.856000408615089	0.5457685664939551
plus_a100_20260930	ratio_0.02	organamnist	px_d25	seed_42	0.8826085135614874	0.7097868217054264
plus_a100_20260930	ratio_0.02	organamnist	px_d25	seed_43	0.8789344579908164	0.7281976744186046
plus_a100_20260930	ratio_0.02	organamnist	px_d25	seed_44	0.8717591137866735	0.6690891472868217
plus_a100_20260930	ratio_0.02	organamnist	px_d25	seed_45	0.8799557216926218	0.6744186046511628
plus_a100_20260930	ratio_0.02	organamnist	px_d25	seed_46	0.8731802719168381	0.7165697674418605
plus_a100_20260930	ratio_0.02	organamnist	px_d50	seed_42	0.8704319947888646	0.7117248062015504
plus_a100_20260930	ratio_0.02	organamnist	px_d50	seed_43	0.8729319330859361	0.6734496124031008
plus_a100_20260930	ratio_0.02	organamnist	px_d50	seed_44	0.8770804337389595	0.7221374045801526
plus_a100_20260930	ratio_0.02	organamnist	px_e25	seed_42	0.8794920833423009	0.6395348837209303
plus_a100_20260930	ratio_0.02	organamnist	px_e25	seed_43	0.8690956400893929	0.6167635658914729
plus_a100_20260930	ratio_0.02	organamnist	px_e25	seed_44	0.8689098840052663	0.6317829457364341
plus_a100_20260930	ratio_0.02	organamnist	px_e50	seed_42	0.8769070659115673	0.7257751937984496
plus_a100_20260930	ratio_0.02	organamnist	px_e50	seed_43	0.8666811240281632	0.685562015503876
plus_a100_20260930	ratio_0.02	organamnist	px_e50	seed_44	0.8781576847367973	0.6831395348837209
plus_a100_20260930	ratio_0.02	organamnist	px_d25e25	seed_42	0.874526279940967	0.6933139534883721
plus_a100_20260930	ratio_0.02	organamnist	px_d25e25	seed_43	0.8746867569108235	0.6395348837209303
plus_a100_20260930	ratio_0.02	organamnist	px_d25e25	seed_44	0.8766286401555216	0.6623062015503876
plus_a100_20260930	ratio_0.02	organamnist	px_b15	seed_42	0.8779077695079406	0.7078488372093024
plus_a100_20260930	ratio_0.02	organamnist	px_b15	seed_43	0.8620223578035414	0.6686046511627907
plus_a100_20260930	ratio_0.02	organamnist	px_b15	seed_44	0.8746343210591448	0.688468992248062
plus_a100_20260930	ratio_0.02	organamnist	px_b30	seed_42	0.8694751573895693	0.6598837209302325
plus_a100_20260930	ratio_0.02	organamnist	px_b30	seed_43	0.8660823162291629	0.6792635658914729
plus_a100_20260930	ratio_0.02	organamnist	px_b30	seed_44	0.8744910368797079	0.7049418604651163
plus_a100_20260930	ratio_0.02	organamnist	px_d25b15	seed_42	0.8768298116661096	0.6807170542635659
plus_a100_20260930	ratio_0.02	organamnist	px_d25b15	seed_43	0.8961133415343693	0.7354651162790697
plus_a100_20260930	ratio_0.02	organamnist	px_d25b15	seed_44	0.8704963911594721	0.6768410852713178
plus_a100_20260930	ratio_0.02	organamnist	px_d25b15	seed_45	0.8716305369165188	0.6807170542635659
plus_a100_20260930	ratio_0.02	organamnist	px_d25b15	seed_46	0.8766567691643181	0.6996124031007752
plus_a100_20260930	ratio_0.02	organamnist	px_l75b15	seed_42	0.8674652019599539	0.6729651162790697
plus_a100_20260930	ratio_0.02	organamnist	px_l75b15	seed_43	0.8815203323703613	0.5998062015503876
plus_a100_20260930	ratio_0.02	organamnist	px_l75b15	seed_44	0.8753733290198944	0.6317829457364341
plus_a100_20260930	ratio_0.02	organamnist	px_l90	seed_42	0.8718159690646623	0.6438953488372093
plus_a100_20260930	ratio_0.02	organamnist	px_l90	seed_43	0.8747424702875591	0.6627906976744186
plus_a100_20260930	ratio_0.02	organamnist	px_l90	seed_44	0.8701901201928922	0.6841085271317829
plus_a100_20260930	ratio_0.02	organamnist	px_cv	seed_42	0.8665513154631309	0.6715116279069767
plus_a100_20260930	ratio_0.02	organamnist	px_cv	seed_43	0.8753468994761682	0.6405038759689923
plus_a100_20260930	ratio_0.02	organamnist	px_cv	seed_44	0.881553572935479	0.6196705426356589
plus_a100_20260930	ratio_0.02	organamnist	px_cve25	seed_42	0.8681558507345837	0.6719961240310077
plus_a100_20260930	ratio_0.02	organamnist	px_cve25	seed_43	0.8634322709173226	0.6414728682170543
plus_a100_20260930	ratio_0.02	organamnist	px_cve25	seed_44	0.8736248775536937	0.6472868217054264
plus_a100_20260930	ratio_0.02	organamnist	px_dino_e25	seed_42	0.8643213396192205	0.6637596899224806
plus_a100_20260930	ratio_0.02	organamnist	px_dino_e25	seed_43	0.877874855586457	0.6773255813953488
plus_a100_20260930	ratio_0.02	organamnist	px_dino_e25	seed_44	0.8762747269623808	0.6652131782945736
plus_a100_20260930	ratio_0.02	organamnist	px_dino_d25	seed_42	0.8630101304604989	0.6177325581395349
plus_a100_20260930	ratio_0.02	organamnist	px_dino_d25	seed_43	0.8770005985287699	0.627906976744186
plus_a100_20260930	ratio_0.02	organamnist	px_dino_d25	seed_44	0.8634698253172203	0.6729651162790697
plus_a100_20260930	ratio_0.02	organamnist	cls_clip	seed_42	0.8848220097635359	0.687984496124031
plus_a100_20260930	ratio_0.02	organamnist	cls_clip	seed_43	0.888099483302494	0.6560077519379846
plus_a100_20260930	ratio_0.02	organamnist	cls_clip	seed_44	0.876033996164723	0.6477713178294574
plus_a100_20260930	ratio_0.02	organamnist	cls_clip	seed_45	0.8885450631792188	0.7044573643410853
plus_a100_20260930	ratio_0.02	organamnist	cls_clip	seed_46	0.8824625150781124	0.6773255813953488
plus_a100_20260930	ratio_0.02	organamnist	csc_cos_m1k	seed_42	0.8810560054864601	0.7587786259541984
plus_a100_20260930	ratio_0.02	organamnist	csc_cos_m1k	seed_43	0.8671631758650359	0.7190839694656489
plus_a100_20260930	ratio_0.02	organamnist	csc_cos_m1k	seed_44	0.8767752429904626	0.7209302325581395
plus_a100_20260930	ratio_0.02	organamnist	csc_cos_m1k	seed_45	0.8752647707611607	0.6991279069767442
plus_a100_20260930	ratio_0.02	organamnist	csc_cos_m1k	seed_46	0.870479224564694	0.7287531806615776
plus_a100_20260930	ratio_0.02	organamnist	csc_k150	seed_42	0.8851276877414466	0.7160852713178295
plus_a100_20260930	ratio_0.02	organamnist	csc_k150	seed_43	0.8796295722899152	0.6768447837150128
plus_a100_20260930	ratio_0.02	organamnist	csc_k150	seed_44	0.8865210280619583	0.7053435114503817
plus_a100_20260930	ratio_0.02	organamnist	csc_k150	seed_45	0.8876752671311651	0.7073643410852714
plus_a100_20260930	ratio_0.02	organamnist	csc_k150	seed_46	0.8875907961092228	0.6797480620155039
plus_a100_20260930	ratio_0.02	organamnist	pg_l50_g50_e00_b00_eq	seed_42	0.8872138771013607	0.6875
plus_a100_20260930	ratio_0.02	organamnist	pg_l50_g50_e00_b00_eq	seed_43	0.8943723392662072	0.6942829457364341
plus_a100_20260930	ratio_0.02	organamnist	pg_l50_g50_e00_b00_eq	seed_44	0.8832821527591552	0.6792635658914729
plus_a100_20260930	ratio_0.02	organamnist	pg_l50_g50_e00_b00_eq	seed_45	0.8876361741051788	0.7185077519379846
plus_a100_20260930	ratio_0.02	organamnist	pg_l50_g50_e00_b00_eq	seed_46	0.8681987371923828	0.7030038759689923
plus_a100_20260930	ratio_0.02	organamnist	pg_l75_g25_e00_b00_eq	seed_42	0.8813108399266066	0.7165697674418605
plus_a100_20260930	ratio_0.02	organamnist	pg_l75_g25_e00_b00_eq	seed_43	0.8856368798735357	0.7189922480620154
plus_a100_20260930	ratio_0.02	organamnist	pg_l75_g25_e00_b00_eq	seed_44	0.8762908417588751	0.6632751937984496
plus_a100_20260930	ratio_0.02	organamnist	pg_l75_g25_e00_b00_eq	seed_45	0.8739973058744305	0.6931297709923664
plus_a100_20260930	ratio_0.02	organamnist	pg_l75_g25_e00_b00_eq	seed_46	0.8605467151706248	0.6981589147286822
plus_a100_20260930	ratio_0.02	organamnist	pg_l50_g50_e00_b15_eq	seed_42	0.8816044705093078	0.7262596899224806
plus_a100_20260930	ratio_0.02	organamnist	pg_l50_g50_e00_b15_eq	seed_43	0.8905175933092278	0.6986434108527132
plus_a100_20260930	ratio_0.02	organamnist	pg_l50_g50_e00_b15_eq	seed_44	0.8676076989229567	0.7252906976744186
plus_a100_20260930	ratio_0.02	organamnist	pg_l50_g50_e00_b15_eq	seed_45	0.894013271551363	0.7257751937984496
plus_a100_20260930	ratio_0.02	organamnist	pg_l50_g50_e00_b15_eq	seed_46	0.875632179871592	0.6511627906976745
plus_a100_20260930	ratio_0.02	organsmnist	px_d25	seed_42	0.6311345507146019	0.40224719101123596
plus_a100_20260930	ratio_0.02	organsmnist	px_d25	seed_43	0.6417331699851434	0.38961038961038963
plus_a100_20260930	ratio_0.02	organsmnist	px_d25	seed_44	0.6395982006806297	0.41123595505617977
plus_a100_20260930	ratio_0.02	organsmnist	px_d50	seed_42	0.6222041318699872	0.3189033189033189
plus_a100_20260930	ratio_0.02	organsmnist	px_d50	seed_43	0.6291999594109142	0.3838383838383838
plus_a100_20260930	ratio_0.02	organsmnist	px_d50	seed_44	0.6230368356351558	0.31457431457431456
plus_a100_20260930	ratio_0.02	organsmnist	px_e25	seed_42	0.6388643497138091	0.34054834054834054
plus_a100_20260930	ratio_0.02	organsmnist	px_e25	seed_43	0.6348833039541408	0.2582972582972583
plus_a100_20260930	ratio_0.02	organsmnist	px_e25	seed_44	0.6394680811784136	0.3333333333333333
plus_a100_20260930	ratio_0.02	organsmnist	px_e25	seed_45	0.6262220830075762	0.3448773448773449
plus_a100_20260930	ratio_0.02	organsmnist	px_e25	seed_46	0.6406121272309592	0.39105339105339104
plus_a100_20260930	ratio_0.02	organsmnist	px_e50	seed_42	0.6366363830790411	0.3887640449438202
plus_a100_20260930	ratio_0.02	organsmnist	px_e50	seed_43	0.6583914306072409	0.4155844155844156
plus_a100_20260930	ratio_0.02	organsmnist	px_e50	seed_44	0.6545918910278664	0.428246013667426
plus_a100_20260930	ratio_0.02	organsmnist	px_e50	seed_45	0.6111512050146098	0.35353535353535354
plus_a100_20260930	ratio_0.02	organsmnist	px_e50	seed_46	0.6531358858622999	0.4190340909090909
plus_a100_20260930	ratio_0.02	organsmnist	px_d25e25	seed_42	0.6219880568576854	0.3362193362193362
plus_a100_20260930	ratio_0.02	organsmnist	px_d25e25	seed_43	0.6211246747648068	0.3852813852813853
plus_a100_20260930	ratio_0.02	organsmnist	px_d25e25	seed_44	0.6486379844626317	0.3795093795093795
plus_a100_20260930	ratio_0.02	organsmnist	px_b15	seed_42	0.6333452256352391	0.30303030303030304
plus_a100_20260930	ratio_0.02	organsmnist	px_b15	seed_43	0.6514924226770181	0.3333333333333333
plus_a100_20260930	ratio_0.02	organsmnist	px_b15	seed_44	0.6547981503006367	0.3434343434343434
plus_a100_20260930	ratio_0.02	organsmnist	px_b15	seed_45	0.6209397730508066	0.31457431457431456
plus_a100_20260930	ratio_0.02	organsmnist	px_b15	seed_46	0.6452195607220169	0.36075036075036077
plus_a100_20260930	ratio_0.02	organsmnist	px_b30	seed_42	0.6431071883529734	0.341991341991342
plus_a100_20260930	ratio_0.02	organsmnist	px_b30	seed_43	0.6472389044185504	0.36446469248291574
plus_a100_20260930	ratio_0.02	organsmnist	px_b30	seed_44	0.6455898928329161	0.354978354978355
plus_a100_20260930	ratio_0.02	organsmnist	px_b30	seed_45	0.6349163983243516	0.3318903318903319
plus_a100_20260930	ratio_0.02	organsmnist	px_b30	seed_46	0.6523122106587865	0.35990888382687924
plus_a100_20260930	ratio_0.02	organsmnist	px_d25b15	seed_42	0.608862244154649	0.3650568181818182
plus_a100_20260930	ratio_0.02	organsmnist	px_d25b15	seed_43	0.6352671753307219	0.3917995444191344
plus_a100_20260930	ratio_0.02	organsmnist	px_d25b15	seed_44	0.6319984002503835	0.35209235209235207
plus_a100_20260930	ratio_0.02	organsmnist	px_l75b15	seed_42	0.6437754900659179	0.3778409090909091
plus_a100_20260930	ratio_0.02	organsmnist	px_l75b15	seed_43	0.6012695602585134	0.3380681818181818
plus_a100_20260930	ratio_0.02	organsmnist	px_l75b15	seed_44	0.6328716591549406	0.32574031890660593
plus_a100_20260930	ratio_0.02	organsmnist	px_l90	seed_42	0.6329296810458169	0.30158730158730157
plus_a100_20260930	ratio_0.02	organsmnist	px_l90	seed_43	0.6390243868842119	0.3823953823953824
plus_a100_20260930	ratio_0.02	organsmnist	px_l90	seed_44	0.6251354544574416	0.33766233766233766
plus_a100_20260930	ratio_0.02	organsmnist	px_cv	seed_42	0.6285563536004733	0.3246753246753247
plus_a100_20260930	ratio_0.02	organsmnist	px_cv	seed_43	0.6076387378997534	0.30303030303030304
plus_a100_20260930	ratio_0.02	organsmnist	px_cv	seed_44	0.6145323662591545	0.33910533910533913
plus_a100_20260930	ratio_0.02	organsmnist	px_cve25	seed_42	0.621043102028997	0.3708513708513709
plus_a100_20260930	ratio_0.02	organsmnist	px_cve25	seed_43	0.6154608951278829	0.36075036075036077
plus_a100_20260930	ratio_0.02	organsmnist	px_cve25	seed_44	0.6439773601357252	0.34801136363636365
plus_a100_20260930	ratio_0.02	organsmnist	px_dino_e25	seed_42	0.6391432183296183	0.3578643578643579
plus_a100_20260930	ratio_0.02	organsmnist	px_dino_e25	seed_43	0.6050956434111057	0.2727272727272727
plus_a100_20260930	ratio_0.02	organsmnist	px_dino_e25	seed_44	0.6221163611126396	0.33766233766233766
plus_a100_20260930	ratio_0.02	organsmnist	px_dino_d25	seed_42	0.6354848227851494	0.3712984054669704
plus_a100_20260930	ratio_0.02	organsmnist	px_dino_d25	seed_43	0.583506710973843	0.3053977272727273
plus_a100_20260930	ratio_0.02	organsmnist	px_dino_d25	seed_44	0.6361246403341609	0.375
plus_a100_20260930	ratio_0.02	organsmnist	mv_mean	seed_42	0.6370833074862347	0.30735930735930733
plus_a100_20260930	ratio_0.02	organsmnist	mv_mean	seed_43	0.6248223983920331	0.3347763347763348
plus_a100_20260930	ratio_0.02	organsmnist	mv_mean	seed_44	0.6233758503283332	0.3189033189033189
plus_a100_20260930	ratio_0.02	organsmnist	mv_mean	seed_45	0.6331288830845985	0.36079545454545453
plus_a100_20260930	ratio_0.02	organsmnist	mv_mean	seed_46	0.6469510489409935	0.36075036075036077
plus_a100_20260930	ratio_0.02	organsmnist	mv_rob	seed_42	0.6528186881930036	0.4098124098124098
plus_a100_20260930	ratio_0.02	organsmnist	mv_rob	seed_43	0.6427790467859497	0.34375
plus_a100_20260930	ratio_0.02	organsmnist	mv_rob	seed_44	0.6330875845802862	0.41414141414141414
plus_a100_20260930	ratio_0.02	organsmnist	mv_rob	seed_45	0.6424460394649146	0.37642045454545453
plus_a100_20260930	ratio_0.02	organsmnist	mv_rob	seed_46	0.6521266389251802	0.4009111617312073
plus_a100_20260930	ratio_0.02	organsmnist	pg_l75_g25_e00_b00_cv	seed_42	0.6440055524776375	0.4168564920273349
plus_a100_20260930	ratio_0.02	organsmnist	pg_l75_g25_e00_b00_cv	seed_43	0.6289607709396043	0.3795093795093795
plus_a100_20260930	ratio_0.02	organsmnist	pg_l75_g25_e00_b00_cv	seed_44	0.6418372374875808	0.4098124098124098
plus_a100_20260930	ratio_0.02	organsmnist	pg_l75_g25_e00_b00_cv	seed_45	0.6314107907153952	0.41125541125541126
plus_a100_20260930	ratio_0.02	organsmnist	pg_l75_g25_e00_b00_cv	seed_46	0.64968976873175	0.354978354978355
plus_a100_20260930	ratio_0.05	tissuemnist	mv_l025	seed_42	0.4882784481341308	0.4123524069028156
plus_a100_20260930	ratio_0.05	tissuemnist	mv_l025	seed_43	0.49517114940475493	0.43098842386464825
plus_a100_20260930	ratio_0.05	tissuemnist	mv_l025	seed_44	0.47608290624341343	0.41139804096170973
plus_a100_20260930	ratio_0.05	tissuemnist	mv_l025	seed_45	0.48005743319500926	0.4197091124962897
plus_a100_20260930	ratio_0.05	tissuemnist	mv_l025	seed_46	0.48317882689664504	0.41852181656277826
plus_a100_20260930	ratio_0.05	tissuemnist	mvf_t050	seed_42	0.4989384433219169	0.34169278996865204
plus_a100_20260930	ratio_0.05	tissuemnist	mvf_t050	seed_43	0.5025835194394739	0.35199283475145543
plus_a100_20260930	ratio_0.05	tissuemnist	mvf_t050	seed_44	0.5057235034781233	0.34796238244514105
plus_a100_20260930	ratio_0.05	tissuemnist	mvf_t050	seed_45	0.498192324947073	0.3672189879086431
plus_a100_20260930	ratio_0.05	tissuemnist	mvf_t050	seed_46	0.5048780197859264	0.3690103000447828
plus_a100_20260930	ratio_0.05	pathmnist	cls_dinov2	seed_42	0.8861894148665643	0.41330166270783847
plus_a100_20260930	ratio_0.05	pathmnist	cls_dinov2	seed_43	0.8749060992213484	0.41092636579572445
plus_a100_20260930	ratio_0.05	pathmnist	cls_dinov2	seed_44	0.8896265546894969	0.38717339667458434
plus_a100_20260930	ratio_0.05	pathmnist	cls_dinov2	seed_45	0.8868744879737321	0.4085510688836104
plus_a100_20260930	ratio_0.05	pathmnist	cls_dinov2	seed_46	0.8762861237737876	0.41330166270783847
plus_a100_20260930	ratio_0.05	pathmnist	px_d25	seed_42	0.8683870446785464	0.4251781472684085
plus_a100_20260930	ratio_0.05	pathmnist	px_d25	seed_43	0.8883702376480063	0.4251781472684085
plus_a100_20260930	ratio_0.05	pathmnist	px_d25	seed_44	0.8530150709386863	0.4014251781472684
plus_a100_20260930	ratio_0.05	pathmnist	px_d50	seed_42	0.8939264036998686	0.45368171021377673
plus_a100_20260930	ratio_0.05	pathmnist	px_d50	seed_43	0.8758652072587618	0.41092636579572445
plus_a100_20260930	ratio_0.05	pathmnist	px_d50	seed_44	0.8160753510553579	0.4323040380047506
plus_a100_20260930	ratio_0.05	pathmnist	px_e25	seed_42	0.8874036351980409	0.4845605700712589
plus_a100_20260930	ratio_0.05	pathmnist	px_e25	seed_43	0.874093732428582	0.42755344418052255
plus_a100_20260930	ratio_0.05	pathmnist	px_e25	seed_44	0.8921009798543209	0.4845605700712589
plus_a100_20260930	ratio_0.05	pathmnist	px_e25	seed_45	0.8391230561061779	0.3515439429928741
plus_a100_20260930	ratio_0.05	pathmnist	px_e25	seed_46	0.8866428779990737	0.47980997624703087
plus_a100_20260930	ratio_0.05	pathmnist	px_e50	seed_42	0.8784791184466	0.4180522565320665
plus_a100_20260930	ratio_0.05	pathmnist	px_e50	seed_43	0.8464629172423862	0.37054631828978624
plus_a100_20260930	ratio_0.05	pathmnist	px_e50	seed_44	0.8818163607491081	0.4085510688836104
plus_a100_20260930	ratio_0.05	pathmnist	px_d25e25	seed_42	0.8621627351610013	0.4251781472684085
plus_a100_20260930	ratio_0.05	pathmnist	px_d25e25	seed_43	0.8510281361701691	0.45368171021377673
plus_a100_20260930	ratio_0.05	pathmnist	px_d25e25	seed_44	0.8772059174018636	0.42992874109263657
plus_a100_20260930	ratio_0.05	pathmnist	px_b15	seed_42	0.8792234971817238	0.4513064133016627
plus_a100_20260930	ratio_0.05	pathmnist	px_b15	seed_43	0.8416620143448555	0.4346793349168646
plus_a100_20260930	ratio_0.05	pathmnist	px_b15	seed_44	0.8799891840950734	0.4156769596199525
plus_a100_20260930	ratio_0.05	pathmnist	px_b30	seed_42	0.8607116195946696	0.43942992874109266
plus_a100_20260930	ratio_0.05	pathmnist	px_b30	seed_43	0.8867111629339055	0.4845605700712589
plus_a100_20260930	ratio_0.05	pathmnist	px_b30	seed_44	0.8681480337778348	0.41092636579572445
plus_a100_20260930	ratio_0.05	pathmnist	px_d25b15	seed_42	0.827085123567427	0.4085510688836104
plus_a100_20260930	ratio_0.05	pathmnist	px_d25b15	seed_43	0.8459486070613016	0.38717339667458434
plus_a100_20260930	ratio_0.05	pathmnist	px_d25b15	seed_44	0.8376715929921117	0.4180522565320665
plus_a100_20260930	ratio_0.05	pathmnist	px_l75b15	seed_42	0.8775922174787726	0.3919239904988123
plus_a100_20260930	ratio_0.05	pathmnist	px_l75b15	seed_43	0.8674545065135513	0.41330166270783847
plus_a100_20260930	ratio_0.05	pathmnist	px_l75b15	seed_44	0.8904560690770406	0.49406175771971494
plus_a100_20260930	ratio_0.05	pathmnist	px_l75b15	seed_45	0.8767568569891424	0.4156769596199525
plus_a100_20260930	ratio_0.05	pathmnist	px_l75b15	seed_46	0.8840749332827355	0.46318289786223277
plus_a100_20260930	ratio_0.05	pathmnist	px_l90	seed_42	0.8622543665602581	0.4346793349168646
plus_a100_20260930	ratio_0.05	pathmnist	px_l90	seed_43	0.8629426599062394	0.45368171021377673
plus_a100_20260930	ratio_0.05	pathmnist	px_l90	seed_44	0.9004271118037036	0.4584323040380047
plus_a100_20260930	ratio_0.05	pathmnist	px_cv	seed_42	0.8741169495707788	0.40380047505938244
plus_a100_20260930	ratio_0.05	pathmnist	px_cv	seed_43	0.8780577521101721	0.45368171021377673
plus_a100_20260930	ratio_0.05	pathmnist	px_cv	seed_44	0.8565922919123634	0.40380047505938244
plus_a100_20260930	ratio_0.05	pathmnist	px_cve25	seed_42	0.8663489314785864	0.3657957244655582
plus_a100_20260930	ratio_0.05	pathmnist	px_cve25	seed_43	0.8810983480820425	0.43942992874109266
plus_a100_20260930	ratio_0.05	pathmnist	px_cve25	seed_44	0.8745991828495834	0.46318289786223277
plus_a100_20260930	ratio_0.05	pathmnist	px_dino_e25	seed_42	0.8741949528333584	0.43942992874109266
plus_a100_20260930	ratio_0.05	pathmnist	px_dino_e25	seed_43	0.8666817515174073	0.4251781472684085
plus_a100_20260930	ratio_0.05	pathmnist	px_dino_e25	seed_44	0.8575596311903707	0.4346793349168646
plus_a100_20260930	ratio_0.05	pathmnist	px_dino_d25	seed_42	0.8786697938550136	0.4513064133016627
plus_a100_20260930	ratio_0.05	pathmnist	px_dino_d25	seed_43	0.8417522781940373	0.4180522565320665
plus_a100_20260930	ratio_0.05	pathmnist	px_dino_d25	seed_44	0.8777144667860204	0.41330166270783847
plus_a100_20260930	ratio_0.05	pathmnist	csc_cos	seed_42	0.869222679563749	0.39667458432304037
plus_a100_20260930	ratio_0.05	pathmnist	csc_cos	seed_43	0.8789254588560625	0.45368171021377673
plus_a100_20260930	ratio_0.05	pathmnist	csc_cos	seed_44	0.8836251289803485	0.44655581947743467
plus_a100_20260930	ratio_0.05	pathmnist	csc_cos	seed_45	0.8404868172827912	0.3824228028503563
plus_a100_20260930	ratio_0.05	pathmnist	csc_cos	seed_46	0.8616576002036881	0.3990498812351544
plus_a100_20260930	ratio_0.05	pathmnist	csc_l090	seed_42	0.8560258089499836	0.40380047505938244
plus_a100_20260930	ratio_0.05	pathmnist	csc_l090	seed_43	0.8529223441868484	0.43705463182897863
plus_a100_20260930	ratio_0.05	pathmnist	csc_l090	seed_44	0.8180462142375649	0.37292161520190026
plus_a100_20260930	ratio_0.05	pathmnist	csc_l090	seed_45	0.8798191931702353	0.42042755344418054
plus_a100_20260930	ratio_0.05	pathmnist	csc_l090	seed_46	0.8812978330523771	0.4584323040380047
plus_a100_20260930	ratio_0.05	pathmnist	mv_mean	seed_42	0.8516780921596973	0.42755344418052255
plus_a100_20260930	ratio_0.05	pathmnist	mv_mean	seed_43	0.8932068353744723	0.40380047505938244
plus_a100_20260930	ratio_0.05	pathmnist	mv_mean	seed_44	0.8871347530676402	0.40617577197149646
plus_a100_20260930	ratio_0.05	pathmnist	mv_mean	seed_45	0.8828054089139644	0.42280285035629456
plus_a100_20260930	ratio_0.05	pathmnist	mv_mean	seed_46	0.8569533826257546	0.4655581947743468
plus_a100_20260930	ratio_0.05	organsmnist	px_d25	seed_42	0.6876353233994196	0.45021645021645024
plus_a100_20260930	ratio_0.05	organsmnist	px_d25	seed_43	0.6780837162304297	0.4346590909090909
plus_a100_20260930	ratio_0.05	organsmnist	px_d25	seed_44	0.6869230071811158	0.39105339105339104
plus_a100_20260930	ratio_0.05	organsmnist	px_d50	seed_42	0.6832864632979083	0.40625
plus_a100_20260930	ratio_0.05	organsmnist	px_d50	seed_43	0.6760434366335909	0.36363636363636365
plus_a100_20260930	ratio_0.05	organsmnist	px_d50	seed_44	0.6842435379626118	0.39826839826839827
plus_a100_20260930	ratio_0.05	organsmnist	px_e25	seed_42	0.6871632803355022	0.38816738816738816
plus_a100_20260930	ratio_0.05	organsmnist	px_e25	seed_43	0.6855180859265553	0.38961038961038963
plus_a100_20260930	ratio_0.05	organsmnist	px_e25	seed_44	0.6826384319507227	0.4401154401154401
plus_a100_20260930	ratio_0.05	organsmnist	px_e50	seed_42	0.6949062569745714	0.40774487471526194
plus_a100_20260930	ratio_0.05	organsmnist	px_e50	seed_43	0.6923651503436303	0.42857142857142855
plus_a100_20260930	ratio_0.05	organsmnist	px_e50	seed_44	0.6915647934071304	0.43507972665148065
plus_a100_20260930	ratio_0.05	organsmnist	px_e50	seed_45	0.66973925083012	0.3463203463203463
plus_a100_20260930	ratio_0.05	organsmnist	px_e50	seed_46	0.6780690113168706	0.4090909090909091
plus_a100_20260930	ratio_0.05	organsmnist	px_d25e25	seed_42	0.6750797873787264	0.3565340909090909
plus_a100_20260930	ratio_0.05	organsmnist	px_d25e25	seed_43	0.6810069014538805	0.3835227272727273
plus_a100_20260930	ratio_0.05	organsmnist	px_d25e25	seed_44	0.6924227537781608	0.4054834054834055
plus_a100_20260930	ratio_0.05	organsmnist	px_b15	seed_42	0.6835164120360867	0.4214123006833713
plus_a100_20260930	ratio_0.05	organsmnist	px_b15	seed_43	0.6986939836124676	0.44176136363636365
plus_a100_20260930	ratio_0.05	organsmnist	px_b15	seed_44	0.6973650004943764	0.3826879271070615
plus_a100_20260930	ratio_0.05	organsmnist	px_b15	seed_45	0.6877109169839805	0.3924963924963925
plus_a100_20260930	ratio_0.05	organsmnist	px_b15	seed_46	0.6970726214106792	0.4083694083694084
plus_a100_20260930	ratio_0.05	organsmnist	px_b30	seed_42	0.6876941297775387	0.3621933621933622
plus_a100_20260930	ratio_0.05	organsmnist	px_b30	seed_43	0.6824857292631875	0.39488636363636365
plus_a100_20260930	ratio_0.05	organsmnist	px_b30	seed_44	0.6997427199186871	0.4199134199134199
plus_a100_20260930	ratio_0.05	organsmnist	px_b30	seed_45	0.6878399131525686	0.39101123595505616
plus_a100_20260930	ratio_0.05	organsmnist	px_b30	seed_46	0.6808765264195368	0.3826879271070615
plus_a100_20260930	ratio_0.05	organsmnist	px_d25b15	seed_42	0.6648847538500309	0.37373737373737376
plus_a100_20260930	ratio_0.05	organsmnist	px_d25b15	seed_43	0.6814511389675677	0.3917995444191344
plus_a100_20260930	ratio_0.05	organsmnist	px_d25b15	seed_44	0.6880688898690841	0.4155844155844156
plus_a100_20260930	ratio_0.05	organsmnist	px_l75b15	seed_42	0.6845175144887725	0.4031890660592255
plus_a100_20260930	ratio_0.05	organsmnist	px_l75b15	seed_43	0.6771779036569535	0.3665223665223665
plus_a100_20260930	ratio_0.05	organsmnist	px_l75b15	seed_44	0.6830143407009667	0.4213564213564214
plus_a100_20260930	ratio_0.05	organsmnist	px_l90	seed_42	0.6715376640258213	0.4375
plus_a100_20260930	ratio_0.05	organsmnist	px_l90	seed_43	0.6843676765558034	0.3804100227790433
plus_a100_20260930	ratio_0.05	organsmnist	px_l90	seed_44	0.6933020391003656	0.4202247191011236
plus_a100_20260930	ratio_0.05	organsmnist	px_cv	seed_42	0.6751970856073989	0.421875
plus_a100_20260930	ratio_0.05	organsmnist	px_cv	seed_43	0.676609732913109	0.40767045454545453
plus_a100_20260930	ratio_0.05	organsmnist	px_cv	seed_44	0.6666849295235243	0.3917995444191344
plus_a100_20260930	ratio_0.05	organsmnist	px_cve25	seed_42	0.6741095955268924	0.3835227272727273
plus_a100_20260930	ratio_0.05	organsmnist	px_cve25	seed_43	0.6598816442649231	0.42424242424242425
plus_a100_20260930	ratio_0.05	organsmnist	px_cve25	seed_44	0.6763991954633589	0.42596810933940776
plus_a100_20260930	ratio_0.05	organsmnist	px_dino_e25	seed_42	0.6839259457886283	0.34851936218678814
plus_a100_20260930	ratio_0.05	organsmnist	px_dino_e25	seed_43	0.6717342322141607	0.35209235209235207
plus_a100_20260930	ratio_0.05	organsmnist	px_dino_e25	seed_44	0.6812697440123077	0.3826879271070615
plus_a100_20260930	ratio_0.05	organsmnist	px_dino_d25	seed_42	0.6750857323241127	0.37373737373737376
plus_a100_20260930	ratio_0.05	organsmnist	px_dino_d25	seed_43	0.6808724335263525	0.3621867881548975
plus_a100_20260930	ratio_0.05	organsmnist	px_dino_d25	seed_44	0.6784536261661626	0.33029612756264237
plus_a100_20260930	ratio_0.05	organsmnist	csc_cos_l100	seed_42	0.6794179757943535	0.4403409090909091
plus_a100_20260930	ratio_0.05	organsmnist	csc_cos_l100	seed_43	0.6870875659418002	0.4588068181818182
plus_a100_20260930	ratio_0.05	organsmnist	csc_cos_l100	seed_44	0.6834347058674068	0.4303977272727273
plus_a100_20260930	ratio_0.05	organsmnist	csc_cos_l100	seed_45	0.6735175643046815	0.4446022727272727
plus_a100_20260930	ratio_0.05	organsmnist	csc_cos_l100	seed_46	0.6774955599459626	0.37813211845102507
plus_a100_20260930	ratio_0.05	organsmnist	mv_l025	seed_42	0.664598428620565	0.37373737373737376
plus_a100_20260930	ratio_0.05	organsmnist	mv_l025	seed_43	0.6714064852846007	0.3665223665223665
plus_a100_20260930	ratio_0.05	organsmnist	mv_l025	seed_44	0.6859707559695928	0.41125541125541126
plus_a100_20260930	ratio_0.05	organsmnist	mv_l025	seed_45	0.6847233664546571	0.4054834054834055
plus_a100_20260930	ratio_0.05	organsmnist	mv_l025	seed_46	0.6810904194158586	0.41414141414141414
plus_a100_20260930	ratio_0.05	organsmnist	mv_mean	seed_42	0.6796796113648728	0.41125541125541126
plus_a100_20260930	ratio_0.05	organsmnist	mv_mean	seed_43	0.6988859392219431	0.37357954545454547
plus_a100_20260930	ratio_0.05	organsmnist	mv_mean	seed_44	0.6907312388251042	0.40482954545454547
plus_a100_20260930	ratio_0.05	organsmnist	mv_mean	seed_45	0.678734599224191	0.37806637806637805
plus_a100_20260930	ratio_0.05	organsmnist	mv_mean	seed_46	0.6962759928720401	0.3852813852813853
plus_a100_20260930	ratio_0.05	organamnist	px_d25	seed_42	0.9211773887722235	0.7248062015503876
plus_a100_20260930	ratio_0.05	organamnist	px_d25	seed_43	0.929837320133716	0.7877906976744186
plus_a100_20260930	ratio_0.05	organamnist	px_d25	seed_44	0.9208464075360774	0.7194767441860465
plus_a100_20260930	ratio_0.05	organamnist	px_d25	seed_45	0.9228940637451309	0.7698643410852714
plus_a100_20260930	ratio_0.05	organamnist	px_d25	seed_46	0.9241532609350712	0.752906976744186
plus_a100_20260930	ratio_0.05	organamnist	px_d50	seed_42	0.9252820030796449	0.7853682170542635
plus_a100_20260930	ratio_0.05	organamnist	px_d50	seed_43	0.9127161354451548	0.7635658914728682
plus_a100_20260930	ratio_0.05	organamnist	px_d50	seed_44	0.9227929285802084	0.7727713178294574
plus_a100_20260930	ratio_0.05	organamnist	px_e25	seed_42	0.9153790042806296	0.685077519379845
plus_a100_20260930	ratio_0.05	organamnist	px_e25	seed_43	0.9216214084048346	0.7771317829457365
plus_a100_20260930	ratio_0.05	organamnist	px_e25	seed_44	0.9207078981700227	0.7441860465116279
plus_a100_20260930	ratio_0.05	organamnist	px_e50	seed_42	0.9209711808032082	0.7170542635658915
plus_a100_20260930	ratio_0.05	organamnist	px_e50	seed_43	0.9184126606454491	0.6937984496124031
plus_a100_20260930	ratio_0.05	organamnist	px_e50	seed_44	0.9163946339920778	0.7281976744186046
plus_a100_20260930	ratio_0.05	organamnist	px_d25e25	seed_42	0.9205443645549468	0.752422480620155
plus_a100_20260930	ratio_0.05	organamnist	px_d25e25	seed_43	0.9238487785981366	0.6996124031007752
plus_a100_20260930	ratio_0.05	organamnist	px_d25e25	seed_44	0.9229452159335593	0.7911821705426356
plus_a100_20260930	ratio_0.05	organamnist	px_b15	seed_42	0.9223267005141564	0.7378875968992248
plus_a100_20260930	ratio_0.05	organamnist	px_b15	seed_43	0.9121573063854221	0.7044573643410853
plus_a100_20260930	ratio_0.05	organamnist	px_b15	seed_44	0.9252189316715319	0.7393410852713178
plus_a100_20260930	ratio_0.05	organamnist	px_b30	seed_42	0.9259038977323445	0.7805232558139535
plus_a100_20260930	ratio_0.05	organamnist	px_b30	seed_43	0.9205339770874237	0.687015503875969
plus_a100_20260930	ratio_0.05	organamnist	px_b30	seed_44	0.9208554914639767	0.7340116279069767
plus_a100_20260930	ratio_0.05	organamnist	px_d25b15	seed_42	0.919965068539792	0.7102713178294574
plus_a100_20260930	ratio_0.05	organamnist	px_d25b15	seed_43	0.9238473070741741	0.7301356589147286
plus_a100_20260930	ratio_0.05	organamnist	px_d25b15	seed_44	0.9164019198623579	0.7587209302325582
plus_a100_20260930	ratio_0.05	organamnist	px_l75b15	seed_42	0.9143618883143755	0.7117248062015504
plus_a100_20260930	ratio_0.05	organamnist	px_l75b15	seed_43	0.9121871721698122	0.7000968992248062
plus_a100_20260930	ratio_0.05	organamnist	px_l75b15	seed_44	0.9172174114698833	0.7238372093023255
plus_a100_20260930	ratio_0.05	organamnist	px_l90	seed_42	0.9180068254821058	0.7296511627906976
plus_a100_20260930	ratio_0.05	organamnist	px_l90	seed_43	0.9177596320466233	0.6952519379844961
plus_a100_20260930	ratio_0.05	organamnist	px_l90	seed_44	0.9170254312675626	0.749031007751938
plus_a100_20260930	ratio_0.05	organamnist	px_cv	seed_42	0.9277852619513102	0.7650193798449613
plus_a100_20260930	ratio_0.05	organamnist	px_cv	seed_43	0.9255777222379503	0.7451550387596899
plus_a100_20260930	ratio_0.05	organamnist	px_cv	seed_44	0.9192209642002627	0.751937984496124
plus_a100_20260930	ratio_0.05	organamnist	px_cv	seed_45	0.9151828106088455	0.749515503875969
plus_a100_20260930	ratio_0.05	organamnist	px_cv	seed_46	0.9245531427873427	0.7291666666666666
plus_a100_20260930	ratio_0.05	organamnist	px_cve25	seed_42	0.9213412699640234	0.7257751937984496
plus_a100_20260930	ratio_0.05	organamnist	px_cve25	seed_43	0.9206966594775342	0.7214147286821705
plus_a100_20260930	ratio_0.05	organamnist	px_cve25	seed_44	0.9184651496348092	0.7553294573643411
plus_a100_20260930	ratio_0.05	organamnist	px_dino_e25	seed_42	0.9105865584005415	0.7679263565891473
plus_a100_20260930	ratio_0.05	organamnist	px_dino_e25	seed_43	0.9122147710303068	0.7388565891472868
plus_a100_20260930	ratio_0.05	organamnist	px_dino_e25	seed_44	0.9025955735618947	0.7025193798449613
plus_a100_20260930	ratio_0.05	organamnist	px_dino_d25	seed_42	0.9197572339179242	0.750484496124031
plus_a100_20260930	ratio_0.05	organamnist	px_dino_d25	seed_43	0.9147369210826516	0.7456395348837209
plus_a100_20260930	ratio_0.05	organamnist	px_dino_d25	seed_44	0.9141765943741892	0.7097868217054264
plus_a100_20260930	ratio_0.05	organamnist	csc_l025	seed_42	0.9198954426835553	0.7693798449612403
plus_a100_20260930	ratio_0.05	organamnist	csc_l025	seed_43	0.9144185642491134	0.7403100775193798
plus_a100_20260930	ratio_0.05	organamnist	csc_l025	seed_44	0.913280927595207	0.7209302325581395
plus_a100_20260930	ratio_0.05	organamnist	csc_l025	seed_45	0.9177961632083828	0.7693798449612403
plus_a100_20260930	ratio_0.05	organamnist	csc_l025	seed_46	0.9225650399541458	0.7737403100775194
plus_a100_20260930	ratio_0.05	organamnist	mv_mean	seed_42	0.920230706652444	0.747577519379845
plus_a100_20260930	ratio_0.05	organamnist	mv_mean	seed_43	0.9249788206779029	0.7698643410852714
plus_a100_20260930	ratio_0.05	organamnist	mv_mean	seed_44	0.9154421847919338	0.7097868217054264
plus_a100_20260930	ratio_0.05	organamnist	mv_mean	seed_45	0.9198586297095797	0.7146317829457365
plus_a100_20260930	ratio_0.05	organamnist	mv_mean	seed_46	0.9185189572489993	0.750968992248062
plus_a100_20260930	ratio_0.05	organamnist	mvf_t050	seed_42	0.9229174334138044	0.6937984496124031
plus_a100_20260930	ratio_0.05	organamnist	mvf_t050	seed_43	0.9217288380071238	0.7306201550387597
plus_a100_20260930	ratio_0.05	organamnist	mvf_t050	seed_44	0.9207191923562753	0.7359496124031008
plus_a100_20260930	ratio_0.05	organamnist	mvf_t050	seed_45	0.9137009007406669	0.6782945736434108
plus_a100_20260930	ratio_0.05	organamnist	mvf_t050	seed_46	0.9097794721021341	0.6778100775193798
plus_a100_20260930	ratio_0.05	bloodmnist	px_d25	seed_42	0.9326002793106449	0.772020725388601
plus_a100_20260930	ratio_0.05	bloodmnist	px_d25	seed_43	0.9137481755277571	0.6614853195164075
plus_a100_20260930	ratio_0.05	bloodmnist	px_d25	seed_44	0.9292682289503513	0.7927461139896373
plus_a100_20260930	ratio_0.05	bloodmnist	px_d50	seed_42	0.9372254076714218	0.7789291882556131
plus_a100_20260930	ratio_0.05	bloodmnist	px_d50	seed_43	0.9276472865314525	0.7582037996545768
plus_a100_20260930	ratio_0.05	bloodmnist	px_d50	seed_44	0.9324919672077175	0.7495682210708118
plus_a100_20260930	ratio_0.05	bloodmnist	px_e25	seed_42	0.9313500145052162	0.7443868739205527
plus_a100_20260930	ratio_0.05	bloodmnist	px_e25	seed_43	0.9165898133672333	0.7392055267702936
plus_a100_20260930	ratio_0.05	bloodmnist	px_e25	seed_44	0.9173294336891229	0.7392055267702936
plus_a100_20260930	ratio_0.05	bloodmnist	px_e50	seed_42	0.9430763122618774	0.842832469775475
plus_a100_20260930	ratio_0.05	bloodmnist	px_e50	seed_43	0.9347019388150993	0.7858376511226253
plus_a100_20260930	ratio_0.05	bloodmnist	px_e50	seed_44	0.9267302406476341	0.7478411053540587
plus_a100_20260930	ratio_0.05	bloodmnist	px_d25e25	seed_42	0.9089141434696202	0.7288428324697754
plus_a100_20260930	ratio_0.05	bloodmnist	px_d25e25	seed_43	0.9304204956862216	0.7357512953367875
plus_a100_20260930	ratio_0.05	bloodmnist	px_d25e25	seed_44	0.9143620629186887	0.7219343696027634
plus_a100_20260930	ratio_0.05	bloodmnist	px_b15	seed_42	0.9400553608842692	0.8065630397236615
plus_a100_20260930	ratio_0.05	bloodmnist	px_b15	seed_43	0.9373758722238943	0.7754749568221071
plus_a100_20260930	ratio_0.05	bloodmnist	px_b15	seed_44	0.9284192561220661	0.7841105354058722
plus_a100_20260930	ratio_0.05	bloodmnist	px_b30	seed_42	0.9335703227427703	0.8221070811744386
plus_a100_20260930	ratio_0.05	bloodmnist	px_b30	seed_43	0.9280952913062979	0.7357512953367875
plus_a100_20260930	ratio_0.05	bloodmnist	px_b30	seed_44	0.9283972249715751	0.7633851468048359
plus_a100_20260930	ratio_0.05	bloodmnist	px_d25b15	seed_42	0.9275007359734915	0.7651122625215889
plus_a100_20260930	ratio_0.05	bloodmnist	px_d25b15	seed_43	0.920005539642461	0.7357512953367875
plus_a100_20260930	ratio_0.05	bloodmnist	px_d25b15	seed_44	0.9353570219341661	0.8134715025906736
plus_a100_20260930	ratio_0.05	bloodmnist	px_l75b15	seed_42	0.9338778331144342	0.8013816925734024
plus_a100_20260930	ratio_0.05	bloodmnist	px_l75b15	seed_43	0.9281523476634277	0.7478411053540587
plus_a100_20260930	ratio_0.05	bloodmnist	px_l75b15	seed_44	0.9368104091476567	0.8082901554404145
plus_a100_20260930	ratio_0.05	bloodmnist	px_l90	seed_42	0.9208029474541582	0.7668393782383419
plus_a100_20260930	ratio_0.05	bloodmnist	px_l90	seed_43	0.9320609246049765	0.7564766839378239
plus_a100_20260930	ratio_0.05	bloodmnist	px_l90	seed_44	0.9351944592193964	0.8082901554404145
plus_a100_20260930	ratio_0.05	bloodmnist	px_cv	seed_42	0.9362694635154343	0.770293609671848
plus_a100_20260930	ratio_0.05	bloodmnist	px_cv	seed_43	0.9431728249712148	0.7962003454231433
plus_a100_20260930	ratio_0.05	bloodmnist	px_cv	seed_44	0.9268929169159286	0.7547495682210709
plus_a100_20260930	ratio_0.05	bloodmnist	px_cve25	seed_42	0.9231802893807034	0.7512953367875648
plus_a100_20260930	ratio_0.05	bloodmnist	px_cve25	seed_43	0.9314867196433938	0.7823834196891192
plus_a100_20260930	ratio_0.05	bloodmnist	px_cve25	seed_44	0.9379620336650093	0.7962003454231433
plus_a100_20260930	ratio_0.05	bloodmnist	px_dino_e25	seed_42	0.9308219115715523	0.7823834196891192
plus_a100_20260930	ratio_0.05	bloodmnist	px_dino_e25	seed_43	0.9309744934205797	0.7754749568221071
plus_a100_20260930	ratio_0.05	bloodmnist	px_dino_e25	seed_44	0.9354929246207588	0.7944732297063903
plus_a100_20260930	ratio_0.05	bloodmnist	px_dino_d25	seed_42	0.885927041053041	0.6286701208981001
plus_a100_20260930	ratio_0.05	bloodmnist	px_dino_d25	seed_43	0.9052563016106615	0.6770293609671848
plus_a100_20260930	ratio_0.05	bloodmnist	px_dino_d25	seed_44	0.8995924416893629	0.7219343696027634
plus_a100_20260930	ratio_0.05	bloodmnist	csc_k30	seed_42	0.9232124691496544	0.7184801381692574
plus_a100_20260930	ratio_0.05	bloodmnist	csc_k30	seed_43	0.9247577811298211	0.7806563039723662
plus_a100_20260930	ratio_0.05	bloodmnist	csc_k30	seed_44	0.9333774816060031	0.7063903281519862
plus_a100_20260930	ratio_0.05	bloodmnist	csc_k30	seed_45	0.937356546534136	0.8307426597582038
plus_a100_20260930	ratio_0.05	bloodmnist	csc_k30	seed_46	0.9212374879233302	0.7599309153713298
plus_a100_20260930	ratio_0.05	bloodmnist	csc_l025	seed_42	0.9194569321550687	0.7029360967184801
plus_a100_20260930	ratio_0.05	bloodmnist	csc_l025	seed_43	0.9133985522922834	0.7288428324697754
plus_a100_20260930	ratio_0.05	bloodmnist	csc_l025	seed_44	0.9332800671598593	0.7288428324697754
plus_a100_20260930	ratio_0.05	bloodmnist	csc_l025	seed_45	0.9312447787862752	0.7564766839378239
plus_a100_20260930	ratio_0.05	bloodmnist	csc_l025	seed_46	0.9395944272414201	0.7875647668393783
plus_a100_20260930	ratio_0.05	bloodmnist	tdgs_mask	seed_42	0.939487443150137	0.768566493955095
plus_a100_20260930	ratio_0.05	bloodmnist	tdgs_mask	seed_43	0.9309417579210661	0.7927461139896373
plus_a100_20260930	ratio_0.05	bloodmnist	tdgs_mask	seed_44	0.9416633543917647	0.8013816925734024
plus_a100_20260930	ratio_0.05	bloodmnist	tdgs_mask	seed_45	0.9454145145805943	0.8117443868739206
plus_a100_20260930	ratio_0.05	bloodmnist	tdgs_mask	seed_46	0.943774447066084	0.7875647668393783
plus_scr_20260930	ratio_0.02	bloodmnist	pg_l50_g50_e50_b00_eq	seed_42	0.8431970853848522	0.6286701208981001
plus_scr_20260930	ratio_0.02	bloodmnist	pg_l50_g50_e50_b00_eq	seed_43	0.8684530030250035	0.7219343696027634
plus_scr_20260930	ratio_0.02	bloodmnist	pg_l50_g50_e50_b00_eq	seed_44	0.8438428994635354	0.6113989637305699
plus_scr_20260930	ratio_0.02	bloodmnist	pg_l50_g50_e25_b00_eq	seed_42	0.7818117978470459	0.4784110535405872
plus_scr_20260930	ratio_0.02	bloodmnist	pg_l50_g50_e25_b00_eq	seed_43	0.8029747138235978	0.5164075993091537
plus_scr_20260930	ratio_0.02	bloodmnist	pg_l50_g50_e25_b00_eq	seed_44	0.8621516834557894	0.7271157167530224
plus_scr_20260930	ratio_0.02	bloodmnist	pg_l50_g50_e50_b15_eq	seed_42	0.8368682816118772	0.6424870466321243
plus_scr_20260930	ratio_0.02	bloodmnist	pg_l50_g50_e50_b15_eq	seed_43	0.8090981979737056	0.5906735751295337
plus_scr_20260930	ratio_0.02	bloodmnist	pg_l50_g50_e50_b15_eq	seed_44	0.8292142586125189	0.5837651122625216
plus_scr_20260930	ratio_0.02	bloodmnist	pg_l75_g25_e00_b00_eq	seed_42	0.8191610372183925	0.5613126079447323
plus_scr_20260930	ratio_0.02	bloodmnist	pg_l75_g25_e00_b00_eq	seed_43	0.8552269929472722	0.5751295336787565
plus_scr_20260930	ratio_0.02	bloodmnist	pg_l75_g25_e00_b00_eq	seed_44	0.8237557216809512	0.6044905008635578
plus_scr_20260930	ratio_0.02	bloodmnist	pg_l75_g25_e50_b00_eq	seed_42	0.8682289860925123	0.6770293609671848
plus_scr_20260930	ratio_0.02	bloodmnist	pg_l75_g25_e50_b00_eq	seed_43	0.8362103287411511	0.6666666666666666
plus_scr_20260930	ratio_0.02	bloodmnist	pg_l75_g25_e50_b00_eq	seed_44	0.8592542812839595	0.6597582037996546
plus_scr_20260930	ratio_0.02	bloodmnist	pg_l75_g25_e00_b15_eq	seed_42	0.8546504453612187	0.687392055267703
plus_scr_20260930	ratio_0.02	bloodmnist	pg_l75_g25_e00_b15_eq	seed_43	0.8129474577115094	0.5094991364421416
plus_scr_20260930	ratio_0.02	bloodmnist	pg_l75_g25_e00_b15_eq	seed_44	0.8786374716971459	0.6424870466321243
plus_scr_20260930	ratio_0.02	bloodmnist	pg_l50_g50_e25_b15_eq	seed_42	0.8600170010815206	0.6718480138169257
plus_scr_20260930	ratio_0.02	bloodmnist	pg_l50_g50_e25_b15_eq	seed_43	0.8472068207923179	0.531951640759931
plus_scr_20260930	ratio_0.02	bloodmnist	pg_l50_g50_e25_b15_eq	seed_44	0.8159511848626345	0.5492227979274611
plus_scr_20260930	ratio_0.02	bloodmnist	pg_l50_g50_e00_b00_eq	seed_42	0.8427374524991693	0.6338514680483592
plus_scr_20260930	ratio_0.02	bloodmnist	pg_l50_g50_e00_b00_eq	seed_43	0.7872209973062487	0.46113989637305697
plus_scr_20260930	ratio_0.02	bloodmnist	pg_l50_g50_e00_b00_eq	seed_44	0.8328626865563488	0.4680483592400691
plus_scr_20260930	ratio_0.02	bloodmnist	pg_l75_g25_e25_b00_eq	seed_42	0.815713193320081	0.5354058721934369
plus_scr_20260930	ratio_0.02	bloodmnist	pg_l75_g25_e25_b00_eq	seed_43	0.8685153022379304	0.6614853195164075
plus_scr_20260930	ratio_0.02	bloodmnist	pg_l75_g25_e25_b00_eq	seed_44	0.7787975295853984	0.5561312607944733
plus_scr_20260930	ratio_0.02	bloodmnist	pg_l75_g00_e25_b00_eq	seed_42	0.838082885726189	0.6010362694300518
plus_scr_20260930	ratio_0.02	bloodmnist	pg_l75_g00_e25_b00_eq	seed_43	0.8290423833117002	0.6545768566493955
plus_scr_20260930	ratio_0.02	bloodmnist	pg_l75_g00_e25_b00_eq	seed_44	0.8253014554788962	0.5561312607944733
plus_scr_20260930	ratio_0.02	bloodmnist	pg_l90_g00_e50_b00_eq	seed_42	0.8748845401068011	0.7253521126760564
plus_scr_20260930	ratio_0.02	bloodmnist	pg_l90_g00_e50_b00_eq	seed_43	0.842981092563306	0.6269430051813472
plus_scr_20260930	ratio_0.02	bloodmnist	pg_l90_g00_e50_b00_eq	seed_44	0.8464953339642516	0.5699481865284974
plus_scr_20260930	ratio_0.02	bloodmnist	pg_l50_g50_e00_b15_eq	seed_42	0.8619988826247089	0.6200345423143351
plus_scr_20260930	ratio_0.02	bloodmnist	pg_l50_g50_e00_b15_eq	seed_43	0.8580390428152413	0.5630397236614854
plus_scr_20260930	ratio_0.02	bloodmnist	pg_l50_g50_e00_b15_eq	seed_44	0.8417991893075591	0.7167530224525043
plus_scr_20260930	ratio_0.02	organamnist	pg_l75_g25_e25_b00_eq	seed_42	0.8573652198782267	0.6579457364341085
plus_scr_20260930	ratio_0.02	organamnist	pg_l75_g25_e25_b00_eq	seed_43	0.8650259383355082	0.6744186046511628
plus_scr_20260930	ratio_0.02	organamnist	pg_l75_g25_e25_b00_eq	seed_44	0.8826801616813298	0.6652131782945736
plus_scr_20260930	ratio_0.02	organamnist	pg_l90_g00_e50_b00_eq	seed_42	0.8691797142674602	0.684593023255814
plus_scr_20260930	ratio_0.02	organamnist	pg_l90_g00_e50_b00_eq	seed_43	0.8604449899796532	0.5876937984496124
plus_scr_20260930	ratio_0.02	organamnist	pg_l90_g00_e50_b00_eq	seed_44	0.8863707098708429	0.6686046511627907
plus_scr_20260930	ratio_0.02	organamnist	pg_l75_g25_e50_b00_eq	seed_42	0.8696571102631734	0.7049418604651163
plus_scr_20260930	ratio_0.02	organamnist	pg_l75_g25_e50_b00_eq	seed_43	0.8661454382661304	0.6211240310077519
plus_scr_20260930	ratio_0.02	organamnist	pg_l75_g25_e50_b00_eq	seed_44	0.8709381448996834	0.6952519379844961
plus_scr_20260930	ratio_0.02	organamnist	pg_l75_g25_e25_b15_eq	seed_42	0.860820905773129	0.6681201550387597
plus_scr_20260930	ratio_0.02	organamnist	pg_l75_g25_e25_b15_eq	seed_43	0.8799488153791192	0.7093023255813954
plus_scr_20260930	ratio_0.02	organamnist	pg_l75_g25_e25_b15_eq	seed_44	0.8679773288448022	0.6424418604651163
plus_scr_20260930	ratio_0.02	organamnist	pg_l90_g00_e50_b15_eq	seed_42	0.8638515601403703	0.6647286821705426
plus_scr_20260930	ratio_0.02	organamnist	pg_l90_g00_e50_b15_eq	seed_43	0.8892615204754434	0.626453488372093
plus_scr_20260930	ratio_0.02	organamnist	pg_l90_g00_e50_b15_eq	seed_44	0.8839166643118151	0.685077519379845
plus_scr_20260930	ratio_0.02	organamnist	pg_l75_g25_e25_b30_eq	seed_42	0.8542672596547859	0.6422391857506361
plus_scr_20260930	ratio_0.02	organamnist	pg_l75_g25_e25_b30_eq	seed_43	0.8766422474927925	0.625968992248062
plus_scr_20260930	ratio_0.02	organamnist	pg_l75_g25_e25_b30_eq	seed_44	0.8722152992822102	0.6676356589147286
plus_scr_20260930	ratio_0.02	organamnist	pg_l50_g50_e00_b15_eq	seed_42	0.8780466631016298	0.6976744186046512
plus_scr_20260930	ratio_0.02	organamnist	pg_l50_g50_e00_b15_eq	seed_43	0.8935679485654809	0.7383720930232558
plus_scr_20260930	ratio_0.02	organamnist	pg_l50_g50_e00_b15_eq	seed_44	0.8676076989229567	0.7252906976744186
plus_scr_20260930	ratio_0.02	organamnist	pg_l75_g25_e00_b00_eq	seed_42	0.8729683657104267	0.7330426356589147
plus_scr_20260930	ratio_0.02	organamnist	pg_l75_g25_e00_b00_eq	seed_43	0.8913584927743952	0.7364341085271318
plus_scr_20260930	ratio_0.02	organamnist	pg_l75_g25_e00_b00_eq	seed_44	0.8765415629962934	0.687984496124031
plus_scr_20260930	ratio_0.02	organamnist	pg_l50_g50_e50_b15_cv	seed_42	0.8677045649798732	0.6497093023255814
plus_scr_20260930	ratio_0.02	organamnist	pg_l50_g50_e50_b15_cv	seed_43	0.8797378549574824	0.6569767441860465
plus_scr_20260930	ratio_0.02	organamnist	pg_l50_g50_e50_b15_cv	seed_44	0.8716636126897073	0.6569767441860465
plus_scr_20260930	ratio_0.02	organamnist	pg_l75_g25_e50_b15_eq	seed_42	0.8376118687714357	0.6506782945736435
plus_scr_20260930	ratio_0.02	organamnist	pg_l75_g25_e50_b15_eq	seed_43	0.872945596851476	0.6816860465116279
plus_scr_20260930	ratio_0.02	organamnist	pg_l75_g25_e50_b15_eq	seed_44	0.8628870734875537	0.6705426356589147
plus_scr_20260930	ratio_0.02	organamnist	pg_l50_g50_e50_b00_cv	seed_42	0.8774064609496712	0.6913759689922481
plus_scr_20260930	ratio_0.02	organamnist	pg_l50_g50_e50_b00_cv	seed_43	0.8721805044387864	0.6996124031007752
plus_scr_20260930	ratio_0.02	organamnist	pg_l50_g50_e50_b00_cv	seed_44	0.8682876549089875	0.6976744186046512
plus_scr_20260930	ratio_0.02	organamnist	pg_l50_g50_e00_b00_eq	seed_42	0.8931863262048233	0.7189922480620154
plus_scr_20260930	ratio_0.02	organamnist	pg_l50_g50_e00_b00_eq	seed_43	0.8834207157321373	0.7141472868217055
plus_scr_20260930	ratio_0.02	organamnist	pg_l50_g50_e00_b00_eq	seed_44	0.8704320483006726	0.7039728682170543
plus_scr_20260930	ratio_0.02	organsmnist	pg_l90_g00_e25_b00_eq	seed_42	0.6434613035853659	0.31024531024531027
plus_scr_20260930	ratio_0.02	organsmnist	pg_l90_g00_e25_b00_eq	seed_43	0.6239122608172977	0.3650568181818182
plus_scr_20260930	ratio_0.02	organsmnist	pg_l90_g00_e25_b00_eq	seed_44	0.6399635210435314	0.3210227272727273
plus_scr_20260930	ratio_0.02	organsmnist	pg_l75_g25_e00_b00_eq	seed_42	0.6267682911368712	0.375
plus_scr_20260930	ratio_0.02	organsmnist	pg_l75_g25_e00_b00_eq	seed_43	0.6193494066196576	0.2876404494382023
plus_scr_20260930	ratio_0.02	organsmnist	pg_l75_g25_e00_b00_eq	seed_44	0.641143143892933	0.36507936507936506
plus_scr_20260930	ratio_0.02	organsmnist	pg_l50_g50_e00_b15_eq	seed_42	0.6288398387347538	0.34801136363636365
plus_scr_20260930	ratio_0.02	organsmnist	pg_l50_g50_e00_b15_eq	seed_43	0.6206070807021624	0.3196022727272727
plus_scr_20260930	ratio_0.02	organsmnist	pg_l50_g50_e00_b15_eq	seed_44	0.6414862114611732	0.3953823953823954
plus_scr_20260930	ratio_0.02	organsmnist	pg_l50_g50_e00_b00_eq	seed_42	0.5955854361331421	0.3448773448773449
plus_scr_20260930	ratio_0.02	organsmnist	pg_l50_g50_e00_b00_eq	seed_43	0.6348647593950099	0.3968253968253968
plus_scr_20260930	ratio_0.02	organsmnist	pg_l50_g50_e00_b00_eq	seed_44	0.6218509914239323	0.341991341991342
plus_scr_20260930	ratio_0.02	organsmnist	pg_l75_g25_e00_b15_eq	seed_42	0.6431539833530349	0.3492063492063492
plus_scr_20260930	ratio_0.02	organsmnist	pg_l75_g25_e00_b15_eq	seed_43	0.6444048064362516	0.3797752808988764
plus_scr_20260930	ratio_0.02	organsmnist	pg_l75_g25_e00_b15_eq	seed_44	0.6196346697734062	0.3823953823953824
plus_scr_20260930	ratio_0.02	organsmnist	pg_l75_g25_e50_b00_eq	seed_42	0.6194320053663467	0.2453102453102453
plus_scr_20260930	ratio_0.02	organsmnist	pg_l75_g25_e50_b00_eq	seed_43	0.6251718012173343	0.3347763347763348
plus_scr_20260930	ratio_0.02	organsmnist	pg_l75_g25_e50_b00_eq	seed_44	0.6395380014259758	0.3059163059163059
plus_scr_20260930	ratio_0.02	organsmnist	pg_l90_g00_e50_b00_eq	seed_42	0.6312306148900615	0.31662870159453305
plus_scr_20260930	ratio_0.02	organsmnist	pg_l90_g00_e50_b00_eq	seed_43	0.6493060022448564	0.4005681818181818
plus_scr_20260930	ratio_0.02	organsmnist	pg_l90_g00_e50_b00_eq	seed_44	0.632482052797865	0.30113636363636365
plus_scr_20260930	ratio_0.02	organsmnist	pg_l90_g00_e25_b15_eq	seed_42	0.639678094645895	0.39105339105339104
plus_scr_20260930	ratio_0.02	organsmnist	pg_l90_g00_e25_b15_eq	seed_43	0.6318461150563612	0.35795454545454547
plus_scr_20260930	ratio_0.02	organsmnist	pg_l90_g00_e25_b15_eq	seed_44	0.6293207637196215	0.33238636363636365
plus_scr_20260930	ratio_0.02	organsmnist	pg_l50_g50_e25_b00_eq	seed_42	0.6251824454813151	0.32756132756132755
plus_scr_20260930	ratio_0.02	organsmnist	pg_l50_g50_e25_b00_eq	seed_43	0.6249198178516058	0.30014430014430016
plus_scr_20260930	ratio_0.02	organsmnist	pg_l50_g50_e25_b00_eq	seed_44	0.6328439487992931	0.3246753246753247
plus_scr_20260930	ratio_0.02	organsmnist	pg_l50_g50_e25_b15_eq	seed_42	0.6179801537909436	0.32756132756132755
plus_scr_20260930	ratio_0.02	organsmnist	pg_l50_g50_e25_b15_eq	seed_43	0.6204477265998097	0.3347763347763348
plus_scr_20260930	ratio_0.02	organsmnist	pg_l50_g50_e25_b15_eq	seed_44	0.647318899155518	0.39826839826839827
plus_scr_20260930	ratio_0.02	organsmnist	pg_l75_g25_e50_b15_eq	seed_42	0.6366415397953987	0.354978354978355
plus_scr_20260930	ratio_0.02	organsmnist	pg_l75_g25_e50_b15_eq	seed_43	0.5961207577827734	0.3492063492063492
plus_scr_20260930	ratio_0.02	organsmnist	pg_l75_g25_e50_b15_eq	seed_44	0.6227811275701268	0.2886002886002886
plus_scr_20260930	ratio_0.02	organsmnist	pg_l75_g25_e00_b00_cv	seed_42	0.6349009565979642	0.32756132756132755
plus_scr_20260930	ratio_0.02	organsmnist	pg_l75_g25_e00_b00_cv	seed_43	0.6536414475260975	0.4574314574314574
plus_scr_20260930	ratio_0.02	organsmnist	pg_l75_g25_e00_b00_cv	seed_44	0.6552357484874686	0.3775280898876405
plus_scr_20260930	ratio_0.02	pathmnist	pg_l75_g25_e50_b00_eq	seed_42	0.8002828687114295	0.3919239904988123
plus_scr_20260930	ratio_0.02	pathmnist	pg_l75_g25_e50_b00_eq	seed_43	0.8542055823463313	0.37054631828978624
plus_scr_20260930	ratio_0.02	pathmnist	pg_l75_g25_e25_b00_eq	seed_42	0.8188438271189541	0.34679334916864607
plus_scr_20260930	ratio_0.02	pathmnist	pg_l75_g25_e25_b00_eq	seed_43	0.8258533382173168	0.30641330166270786
plus_scr_20260930	ratio_0.02	pathmnist	pg_l75_g25_e00_b00_eq	seed_42	0.8368404998725679	0.39429928741092635
plus_scr_20260930	ratio_0.02	pathmnist	pg_l75_g25_e00_b00_eq	seed_43	0.8313954012087016	0.32779097387173395
plus_scr_20260930	ratio_0.02	pathmnist	pg_l50_g50_e25_b00_eq	seed_42	0.8145767974752306	0.35629453681710216
plus_scr_20260930	ratio_0.02	pathmnist	pg_l50_g50_e25_b00_eq	seed_43	0.8300640909975338	0.3681710213776722
plus_scr_20260930	ratio_0.02	pathmnist	pg_l75_g00_e00_b00_eq	seed_42	0.820501030214965	0.2992874109263658
plus_scr_20260930	ratio_0.02	pathmnist	pg_l75_g00_e00_b00_eq	seed_43	0.7991179253419389	0.334916864608076
plus_scr_20260930	ratio_0.02	pathmnist	pg_l90_g00_e25_b00_eq	seed_42	0.8371586530400426	0.3824228028503563
plus_scr_20260930	ratio_0.02	pathmnist	pg_l90_g00_e25_b00_eq	seed_43	0.7973134202409109	0.36104513064133015
plus_scr_20260930	ratio_0.02	pathmnist	pg_l50_g50_e25_b15_eq	seed_42	0.8301103578263893	0.36104513064133015
plus_scr_20260930	ratio_0.02	pathmnist	pg_l50_g50_e25_b15_eq	seed_43	0.8266701459981761	0.36104513064133015
plus_scr_20260930	ratio_0.02	pathmnist	pg_l50_g50_e00_b00_eq	seed_42	0.835661251046212	0.33016627078384797
plus_scr_20260930	ratio_0.02	pathmnist	pg_l50_g50_e00_b00_eq	seed_43	0.7977272408806614	0.24703087885985747
plus_scr_20260930	ratio_0.02	pathmnist	pg_l50_g50_e50_b00_eq	seed_42	0.8544664654834102	0.47743467933491684
plus_scr_20260930	ratio_0.02	pathmnist	pg_l50_g50_e50_b00_eq	seed_43	0.782533792295107	0.3681710213776722
plus_scr_20260930	ratio_0.02	pathmnist	pg_l75_g25_e00_b00_cv	seed_42	0.8027660460145232	0.33729216152019004
plus_scr_20260930	ratio_0.02	pathmnist	pg_l75_g25_e00_b00_cv	seed_43	0.843266373471342	0.46318289786223277
plus_scr_20260930	ratio_0.02	pathmnist	pg_l90_g00_e00_b00_cv	seed_42	0.8341099398306018	0.3847980997624703
plus_scr_20260930	ratio_0.02	pathmnist	pg_l90_g00_e00_b00_cv	seed_43	0.7554807144260806	0.3586698337292161
plus_scr_20260930	ratio_0.02	pathmnist	pg_l75_g00_e25_b00_eq	seed_42	0.7894337461241985	0.45368171021377673
plus_scr_20260930	ratio_0.02	pathmnist	pg_l75_g00_e25_b00_eq	seed_43	0.7937906720473502	0.37054631828978624
plus_scr_20260930	ratio_0.05	pathmnist	pg_l90_g00_e25_b00_eq	seed_42	0.8580231877904358	0.3824228028503563
plus_scr_20260930	ratio_0.05	pathmnist	pg_l90_g00_e25_b00_eq	seed_43	0.8742871819288736	0.4346793349168646
plus_scr_20260930	ratio_0.05	pathmnist	pg_l50_g50_e25_b00_eq	seed_42	0.874616594996563	0.43705463182897863
plus_scr_20260930	ratio_0.05	pathmnist	pg_l50_g50_e25_b00_eq	seed_43	0.8768377368474103	0.4323040380047506
plus_scr_20260930	ratio_0.05	pathmnist	pg_l75_g25_e25_b00_eq	seed_42	0.882620869019529	0.45605700712589076
plus_scr_20260930	ratio_0.05	pathmnist	pg_l75_g25_e25_b00_eq	seed_43	0.8954390988968837	0.42042755344418054
plus_scr_20260930	ratio_0.05	pathmnist	pg_l75_g25_e50_b00_eq	seed_42	0.8233188197378073	0.3752969121140142
plus_scr_20260930	ratio_0.05	pathmnist	pg_l75_g25_e50_b00_eq	seed_43	0.8869889631461466	0.47980997624703087
plus_scr_20260930	ratio_0.05	pathmnist	pg_l75_g25_e00_b00_eq	seed_42	0.8604889078238234	0.4418052256532066
plus_scr_20260930	ratio_0.05	pathmnist	pg_l75_g25_e00_b00_eq	seed_43	0.8792557205594314	0.4156769596199525
plus_scr_20260930	ratio_0.05	pathmnist	pg_l50_g50_e25_b15_eq	seed_42	0.8676707080106564	0.38954869358669836
plus_scr_20260930	ratio_0.05	pathmnist	pg_l50_g50_e25_b15_eq	seed_43	0.875605933722525	0.38954869358669836
plus_scr_20260930	ratio_0.05	pathmnist	pg_l75_g25_e00_b00_cv	seed_42	0.8601879013668247	0.38954869358669836
plus_scr_20260930	ratio_0.05	pathmnist	pg_l75_g25_e00_b00_cv	seed_43	0.8881737933879693	0.41092636579572445
plus_scr_20260930	ratio_0.05	pathmnist	pg_l75_g25_e25_b15_eq	seed_42	0.8448901494998234	0.3254156769596199
plus_scr_20260930	ratio_0.05	pathmnist	pg_l75_g25_e25_b15_eq	seed_43	0.8803748301534745	0.3990498812351544
plus_scr_20260930	ratio_0.05	pathmnist	pg_l90_g00_e00_b00_cv	seed_42	0.8455872983623418	0.38004750593824227
plus_scr_20260930	ratio_0.05	pathmnist	pg_l90_g00_e00_b00_cv	seed_43	0.8204798680589838	0.39429928741092635
plus_scr_20260930	ratio_0.05	pathmnist	pg_l50_g50_e00_b00_eq	seed_42	0.8735488901499857	0.42755344418052255
plus_scr_20260930	ratio_0.05	pathmnist	pg_l50_g50_e00_b00_eq	seed_43	0.8260217031564245	0.40380047505938244
plus_scr_20260930	ratio_0.05	pathmnist	pg_l90_g00_e50_b00_eq	seed_42	0.8778351332983879	0.47743467933491684
plus_scr_20260930	ratio_0.05	pathmnist	pg_l90_g00_e50_b00_eq	seed_43	0.853272075279739	0.3990498812351544
plus_scr_20260930	ratio_0.05	pathmnist	pg_l75_g25_e50_b15_eq	seed_42	0.882228247836061	0.4251781472684085
plus_scr_20260930	ratio_0.05	pathmnist	pg_l75_g25_e50_b15_eq	seed_43	0.8950857431676496	0.4750593824228028
plus_scr_20260930	ratio_0.05	organamnist	pg_l50_g50_e25_b15_eq	seed_42	0.9161018276866794	0.7567829457364341
plus_scr_20260930	ratio_0.05	organamnist	pg_l50_g50_e25_b15_eq	seed_43	0.9223509444008221	0.750484496124031
plus_scr_20260930	ratio_0.05	organamnist	pg_l50_g50_e25_b30_eq	seed_42	0.9170207443915814	0.7567829457364341
plus_scr_20260930	ratio_0.05	organamnist	pg_l50_g50_e25_b30_eq	seed_43	0.9230827644779496	0.7248062015503876
plus_scr_20260930	ratio_0.05	organamnist	pg_l50_g50_e25_b00_eq	seed_42	0.9189926027616951	0.7693798449612403
plus_scr_20260930	ratio_0.05	organamnist	pg_l50_g50_e25_b00_eq	seed_43	0.9079716667713079	0.7194767441860465
plus_scr_20260930	ratio_0.05	organamnist	pg_l50_g50_e00_b15_eq	seed_42	0.91929878797907	0.749031007751938
plus_scr_20260930	ratio_0.05	organamnist	pg_l50_g50_e00_b15_eq	seed_43	0.918605989011639	0.7577519379844961
plus_scr_20260930	ratio_0.05	organamnist	pg_l50_g50_e50_b15_cv	seed_42	0.9196397012435206	0.7199612403100775
plus_scr_20260930	ratio_0.05	organamnist	pg_l50_g50_e50_b15_cv	seed_43	0.9196531607216053	0.7446705426356589
plus_scr_20260930	ratio_0.05	organamnist	pg_l50_g50_e25_b15_cv	seed_42	0.9211316342560274	0.7156007751937985
plus_scr_20260930	ratio_0.05	organamnist	pg_l50_g50_e25_b15_cv	seed_43	0.9179145763130279	0.7005813953488372
plus_scr_20260930	ratio_0.05	organamnist	pg_l50_g50_e00_b00_eq	seed_42	0.919179589410917	0.7320736434108527
plus_scr_20260930	ratio_0.05	organamnist	pg_l50_g50_e00_b00_eq	seed_43	0.9172704978107048	0.7112403100775194
plus_scr_20260930	ratio_0.05	organamnist	pg_l50_g50_e50_b00_cv	seed_42	0.9148765553042799	0.7059108527131783
plus_scr_20260930	ratio_0.05	organamnist	pg_l50_g50_e50_b00_cv	seed_43	0.9152286911302592	0.7722868217054264
plus_scr_20260930	ratio_0.05	organamnist	pg_l50_g50_e25_b00_cv	seed_42	0.9192029390601182	0.7277131782945736
plus_scr_20260930	ratio_0.05	organamnist	pg_l50_g50_e25_b00_cv	seed_43	0.918299931233794	0.7078488372093024
plus_scr_20260930	ratio_0.05	organamnist	pg_l50_g50_e50_b15_eq	seed_42	0.9192527086220111	0.752422480620155
plus_scr_20260930	ratio_0.05	organamnist	pg_l50_g50_e50_b15_eq	seed_43	0.9205092315379317	0.7165697674418605
plus_scr_20260930	ratio_0.05	organamnist	pg_l50_g50_e50_b00_eq	seed_42	0.9154830615794819	0.7078488372093024
plus_scr_20260930	ratio_0.05	organamnist	pg_l50_g50_e50_b00_eq	seed_43	0.9155456616848402	0.7010658914728682
plus_scr_20260930	ratio_0.05	organamnist	pg_l50_g50_e00_b30_eq	seed_42	0.919765293292895	0.7790697674418605
plus_scr_20260930	ratio_0.05	organamnist	pg_l50_g50_e00_b30_eq	seed_43	0.9227738848961908	0.748062015503876
plus_scr_20260930	ratio_0.05	organsmnist	pg_l50_g50_e00_b00_eq	seed_42	0.6792965113015594	0.3838383838383838
plus_scr_20260930	ratio_0.05	organsmnist	pg_l50_g50_e00_b00_eq	seed_43	0.6687280534907597	0.40774487471526194
plus_scr_20260930	ratio_0.05	organsmnist	pg_l50_g50_e00_b15_eq	seed_42	0.6783670444610105	0.4431818181818182
plus_scr_20260930	ratio_0.05	organsmnist	pg_l50_g50_e00_b15_eq	seed_43	0.6763381121892821	0.42045454545454547
plus_scr_20260930	ratio_0.05	organsmnist	pg_l50_g50_e00_b30_eq	seed_42	0.7000479360021926	0.4303977272727273
plus_scr_20260930	ratio_0.05	organsmnist	pg_l50_g50_e00_b30_eq	seed_43	0.6837498782667605	0.41761363636363635
plus_scr_20260930	ratio_0.05	organsmnist	pg_l75_g25_e25_b00_eq	seed_42	0.6786095971949266	0.4227994227994228
plus_scr_20260930	ratio_0.05	organsmnist	pg_l75_g25_e25_b00_eq	seed_43	0.6696451844248051	0.4199134199134199
plus_scr_20260930	ratio_0.05	organsmnist	pg_l75_g25_e25_b15_eq	seed_42	0.6734373884356414	0.39863325740318906
plus_scr_20260930	ratio_0.05	organsmnist	pg_l75_g25_e25_b15_eq	seed_43	0.6787553851190519	0.45021645021645024
plus_scr_20260930	ratio_0.05	organsmnist	pg_l75_g00_e50_b00_eq	seed_42	0.6584119807431515	0.3025568181818182
plus_scr_20260930	ratio_0.05	organsmnist	pg_l75_g00_e50_b00_eq	seed_43	0.6703892862476647	0.3338068181818182
plus_scr_20260930	ratio_0.05	organsmnist	pg_l50_g50_e25_b00_eq	seed_42	0.6603697582459636	0.4161931818181818
plus_scr_20260930	ratio_0.05	organsmnist	pg_l50_g50_e25_b00_eq	seed_43	0.6735322826920104	0.4054834054834055
plus_scr_20260930	ratio_0.05	organsmnist	pg_l50_g50_e25_b15_eq	seed_42	0.6792302434302118	0.43507972665148065
plus_scr_20260930	ratio_0.05	organsmnist	pg_l50_g50_e25_b15_eq	seed_43	0.6812064136994199	0.4083694083694084
plus_scr_20260930	ratio_0.05	organsmnist	pg_l90_g00_e25_b00_eq	seed_42	0.6859721153600349	0.3234624145785877
plus_scr_20260930	ratio_0.05	organsmnist	pg_l90_g00_e25_b00_eq	seed_43	0.6693361019946639	0.3530751708428246
plus_scr_20260930	ratio_0.05	organsmnist	pg_l75_g00_e50_b15_eq	seed_42	0.6748890233435599	0.3849431818181818
plus_scr_20260930	ratio_0.05	organsmnist	pg_l75_g00_e50_b15_eq	seed_43	0.6760991257647647	0.3991477272727273
plus_scr_20260930	ratio_0.05	organsmnist	pg_l75_g25_e00_b00_eq	seed_42	0.6694229345132716	0.42857142857142855
plus_scr_20260930	ratio_0.05	organsmnist	pg_l75_g25_e00_b00_eq	seed_43	0.6748780055236208	0.4357864357864358
plus_scr_20260930	ratio_0.05	organsmnist	pg_l75_g00_e50_b30_eq	seed_42	0.6763615966959053	0.3352272727272727
plus_scr_20260930	ratio_0.05	organsmnist	pg_l75_g00_e50_b30_eq	seed_43	0.684045671323497	0.3678977272727273
plus_scr_20260930	ratio_0.05	bloodmnist	pg_l50_g50_e25_b00_eq	seed_42	0.8902338228469737	0.6511226252158895
plus_scr_20260930	ratio_0.05	bloodmnist	pg_l50_g50_e25_b00_eq	seed_43	0.9062298332131726	0.6822107081174439
plus_scr_20260930	ratio_0.05	bloodmnist	pg_l50_g50_e00_b00_eq	seed_42	0.9008066190464217	0.6994818652849741
plus_scr_20260930	ratio_0.05	bloodmnist	pg_l50_g50_e00_b00_eq	seed_43	0.9149327252645403	0.7512953367875648
plus_scr_20260930	ratio_0.05	bloodmnist	pg_l50_g50_e00_b15_eq	seed_42	0.9340636930990959	0.7841105354058722
plus_scr_20260930	ratio_0.05	bloodmnist	pg_l50_g50_e00_b15_eq	seed_43	0.919543610710661	0.7443868739205527
plus_scr_20260930	ratio_0.05	bloodmnist	pg_l50_g50_e50_b00_eq	seed_42	0.9317259799735915	0.7823834196891192
plus_scr_20260930	ratio_0.05	bloodmnist	pg_l50_g50_e50_b00_eq	seed_43	0.8764134842153712	0.6096718480138169
plus_scr_20260930	ratio_0.05	bloodmnist	pg_l50_g50_e50_b15_eq	seed_42	0.8942173967726669	0.6545768566493955
plus_scr_20260930	ratio_0.05	bloodmnist	pg_l50_g50_e50_b15_eq	seed_43	0.8931535088861153	0.6683937823834197
plus_scr_20260930	ratio_0.05	bloodmnist	pg_l90_g00_e25_b00_eq	seed_42	0.9438829977509968	0.8048359240069085
plus_scr_20260930	ratio_0.05	bloodmnist	pg_l90_g00_e25_b00_eq	seed_43	0.9239100836435808	0.7374784110535406
plus_scr_20260930	ratio_0.05	bloodmnist	pg_l50_g50_e25_b15_eq	seed_42	0.9364471900858848	0.7858376511226253
plus_scr_20260930	ratio_0.05	bloodmnist	pg_l50_g50_e25_b15_eq	seed_43	0.9407067538973856	0.8100172711571675
plus_scr_20260930	ratio_0.05	bloodmnist	pg_l90_g00_e00_b15_eq	seed_42	0.9275175417109017	0.7668393782383419
plus_scr_20260930	ratio_0.05	bloodmnist	pg_l90_g00_e00_b15_eq	seed_43	0.9349145734563657	0.7892918825561313
plus_scr_20260930	ratio_0.05	bloodmnist	pg_l75_g25_e25_b00_eq	seed_42	0.9308688408909715	0.7461139896373057
plus_scr_20260930	ratio_0.05	bloodmnist	pg_l75_g25_e25_b00_eq	seed_43	0.9024540589504776	0.6856649395509499
plus_scr_20260930	ratio_0.05	bloodmnist	pg_l90_g00_e25_b15_eq	seed_42	0.9277148212406692	0.7443868739205527
plus_scr_20260930	ratio_0.05	bloodmnist	pg_l90_g00_e25_b15_eq	seed_43	0.93281718545969	0.7841105354058722
plus_scr_20260930	ratio_0.05	bloodmnist	pg_l75_g25_e25_b15_eq	seed_42	0.9303346067773473	0.772020725388601
plus_scr_20260930	ratio_0.05	bloodmnist	pg_l75_g25_e50_b00_eq	seed_42	0.9236360669484958	0.7841105354058722
mvf_20260930	ratio_0.02	organsmnist	mv_mean	seed_42	0.6337642180571114	0.30447330447330445
mvf_20260930	ratio_0.02	organsmnist	mv_mean	seed_43	0.646209265334054	0.3333333333333333
mvf_20260930	ratio_0.02	organsmnist	mv_mean	seed_44	0.6339978219258243	0.3448773448773449
mvf_20260930	ratio_0.02	organsmnist	mvf_t050	seed_42	0.6337072375066437	0.2683982683982684
mvf_20260930	ratio_0.02	organsmnist	mvf_t050	seed_43	0.6154936007253803	0.26551226551226553
mvf_20260930	ratio_0.02	organsmnist	mvf_t050	seed_44	0.6256871094295436	0.19480519480519481
mvf_20260930	ratio_0.02	organsmnist	mv_l025	seed_42	0.5993076779101124	0.36363636363636365
mvf_20260930	ratio_0.02	organsmnist	mv_l025	seed_43	0.6335766524228901	0.41761363636363635
mvf_20260930	ratio_0.02	organsmnist	mv_l025	seed_44	0.6135006551446864	0.3838383838383838
mvf_20260930	ratio_0.02	organsmnist	mvf_t070	seed_42	0.5656838738293799	0.17329545454545456
mvf_20260930	ratio_0.02	organsmnist	mvf_t070	seed_43	0.5861786607549223	0.17539863325740318
mvf_20260930	ratio_0.02	organsmnist	mvf_t070	seed_44	0.5823599083985713	0.18759018759018758
mvf_20260930	ratio_0.02	organsmnist	mv_l075	seed_42	0.606557744390049	0.36674259681093396
mvf_20260930	ratio_0.02	organsmnist	mv_l075	seed_43	0.6267972610292182	0.35990888382687924
mvf_20260930	ratio_0.02	organsmnist	mv_l075	seed_44	0.642382978226833	0.3564213564213564
mvf_20260930	ratio_0.02	bloodmnist	mv_mean	seed_42	0.8676498979295206	0.6286701208981001
mvf_20260930	ratio_0.02	bloodmnist	mv_mean	seed_43	0.8494580819545109	0.533678756476684
mvf_20260930	ratio_0.02	bloodmnist	mv_mean	seed_44	0.8643462504779418	0.6424870466321243
mvf_20260930	ratio_0.02	bloodmnist	mvf_t050	seed_42	0.7994948460821127	0.5371329879101899
mvf_20260930	ratio_0.02	bloodmnist	mvf_t050	seed_43	0.8612863271227593	0.690846286701209
mvf_20260930	ratio_0.02	bloodmnist	mvf_t050	seed_44	0.8628157671503007	0.6666666666666666
mvf_20260930	ratio_0.02	bloodmnist	mvf_t070	seed_42	0.8455270516429911	0.542314335060449
mvf_20260930	ratio_0.02	bloodmnist	mvf_t070	seed_43	0.7867066199011511	0.5613126079447323
mvf_20260930	ratio_0.02	bloodmnist	mvf_t070	seed_44	0.8228397025390519	0.6762295081967213
mvf_20260930	ratio_0.02	bloodmnist	mv_l025	seed_42	0.8292820011798097	0.6476683937823834
mvf_20260930	ratio_0.02	bloodmnist	mv_l025	seed_43	0.8274643898966526	0.531951640759931
mvf_20260930	ratio_0.02	bloodmnist	mv_l025	seed_44	0.862216590004606	0.6770293609671848
mvf_20260930	ratio_0.02	bloodmnist	mv_l075	seed_42	0.8709749051613033	0.6994818652849741
mvf_20260930	ratio_0.02	bloodmnist	mv_l075	seed_43	0.8174756656477908	0.5820379965457686
mvf_20260930	ratio_0.02	bloodmnist	mv_l075	seed_44	0.8449617490912624	0.6321243523316062
mvf_20260930	ratio_0.02	pathmnist	mv_mean	seed_42	0.8270416119452696	0.35391923990498814
mvf_20260930	ratio_0.02	pathmnist	mv_mean	seed_43	0.8068250051993044	0.3657957244655582
mvf_20260930	ratio_0.02	pathmnist	mv_mean	seed_44	0.8502680893316983	0.47268408551068886
mvf_20260930	ratio_0.02	pathmnist	mv_mean	seed_45	0.8225453253576795	0.4323040380047506
mvf_20260930	ratio_0.02	pathmnist	mv_mean	seed_46	0.8094286659043614	0.342042755344418
mvf_20260930	ratio_0.02	pathmnist	mvf_t050	seed_42	0.8384749000380443	0.39667458432304037
mvf_20260930	ratio_0.02	pathmnist	mvf_t050	seed_43	0.823532897819925	0.342042755344418
mvf_20260930	ratio_0.02	pathmnist	mvf_t050	seed_44	0.8341792396816693	0.39667458432304037
mvf_20260930	ratio_0.02	pathmnist	mvf_t070	seed_42	0.8430139539931919	0.4655581947743468
mvf_20260930	ratio_0.02	pathmnist	mvf_t070	seed_43	0.775505610709796	0.3990498812351544
mvf_20260930	ratio_0.02	pathmnist	mvf_t070	seed_44	0.8433280151242682	0.47980997624703087
mvf_20260930	ratio_0.02	pathmnist	mv_l025	seed_42	0.8239343478437271	0.38717339667458434
mvf_20260930	ratio_0.02	pathmnist	mv_l025	seed_43	0.8003435347672493	0.35629453681710216
mvf_20260930	ratio_0.02	pathmnist	mv_l025	seed_44	0.805538408583375	0.3657957244655582
mvf_20260930	ratio_0.02	pathmnist	mv_l075	seed_42	0.820501030214965	0.2992874109263658
mvf_20260930	ratio_0.02	pathmnist	mv_l075	seed_43	0.7991179253419389	0.334916864608076
mvf_20260930	ratio_0.02	pathmnist	mv_l075	seed_44	0.8252835704390232	0.38004750593824227
mvf_20260930	ratio_0.02	organamnist	mv_mean	seed_42	0.878503965458772	0.6908914728682171
mvf_20260930	ratio_0.02	organamnist	mv_mean	seed_43	0.8757212059913155	0.7034883720930233
mvf_20260930	ratio_0.02	organamnist	mv_mean	seed_44	0.8673128391328191	0.6647286821705426
mvf_20260930	ratio_0.02	organamnist	mv_mean	seed_45	0.8701451523548376	0.685077519379845
mvf_20260930	ratio_0.02	organamnist	mv_mean	seed_46	0.870937977329863	0.689922480620155
mvf_20260930	ratio_0.02	organamnist	mvf_t050	seed_42	0.8694509375031843	0.7151162790697675
mvf_20260930	ratio_0.02	organamnist	mvf_t050	seed_43	0.8627667295706923	0.6463178294573644
mvf_20260930	ratio_0.02	organamnist	mvf_t050	seed_44	0.8657367913294284	0.6555232558139535
mvf_20260930	ratio_0.02	organamnist	mvf_t070	seed_42	0.8592015680842302	0.6972010178117048
mvf_20260930	ratio_0.02	organamnist	mvf_t070	seed_43	0.8638218969521428	0.6812015503875969
mvf_20260930	ratio_0.02	organamnist	mvf_t070	seed_44	0.8484077004249059	0.6610687022900763
mvf_20260930	ratio_0.02	organamnist	mv_l025	seed_42	0.8612458887438105	0.6992366412213741
mvf_20260930	ratio_0.02	organamnist	mv_l025	seed_43	0.8726220056350725	0.6908914728682171
mvf_20260930	ratio_0.02	organamnist	mv_l025	seed_44	0.8750228725213546	0.6962209302325582
mvf_20260930	ratio_0.02	organamnist	mv_l075	seed_42	0.8826764982567383	0.6598837209302325
mvf_20260930	ratio_0.02	organamnist	mv_l075	seed_43	0.8577827046436497	0.6390503875968992
mvf_20260930	ratio_0.02	organamnist	mv_l075	seed_44	0.8722758821607098	0.6676356589147286
mvf_20260930	ratio_0.02	tissuemnist	mv_mean	seed_42	0.49323173301180434	0.4128065395095368
mvf_20260930	ratio_0.02	tissuemnist	mv_mean	seed_43	0.49471853167350227	0.43415077202543145
mvf_20260930	ratio_0.02	tissuemnist	mv_mean	seed_44	0.489532813926565	0.4128065395095368
mvf_20260930	ratio_0.02	tissuemnist	mvf_t050	seed_42	0.48003907521090516	0.25884460367218987
mvf_20260930	ratio_0.02	tissuemnist	mvf_t050	seed_43	0.474385590399222	0.2942230183609494
mvf_20260930	ratio_0.02	tissuemnist	mvf_t050	seed_44	0.46521211141751106	0.26556202418271385
mvf_20260930	ratio_0.02	tissuemnist	mvf_t070	seed_42	0.45432849808342846	0.30649978665908123
mvf_20260930	ratio_0.02	tissuemnist	mvf_t070	seed_43	0.4531765702328954	0.29924619542028164
mvf_20260930	ratio_0.02	tissuemnist	mvf_t070	seed_44	0.44789210340211616	0.2736452851656948
mvf_20260930	ratio_0.02	tissuemnist	mv_l025	seed_42	0.4797619571100011	0.42445829623033543
mvf_20260930	ratio_0.02	tissuemnist	mv_l025	seed_43	0.4836516984951942	0.3967756381549485
mvf_20260930	ratio_0.02	tissuemnist	mv_l025	seed_44	0.48884970399484307	0.4114441416893733
mvf_20260930	ratio_0.02	tissuemnist	mv_l075	seed_42	0.4914296130522062	0.43573667711598746
mvf_20260930	ratio_0.02	tissuemnist	mv_l075	seed_43	0.48326100483246015	0.3946412352406903
mvf_20260930	ratio_0.02	tissuemnist	mv_l075	seed_44	0.5013602394712622	0.46126447016918964
mvf_20260930	ratio_0.05	organamnist	mv_mean	seed_42	0.9269612394154483	0.747577519379845
mvf_20260930	ratio_0.05	organamnist	mv_mean	seed_43	0.9163721195519962	0.687984496124031
mvf_20260930	ratio_0.05	organamnist	mv_mean	seed_44	0.9207931795630612	0.7567829457364341
mvf_20260930	ratio_0.05	organamnist	mvf_t050	seed_42	0.9250280659623452	0.749031007751938
mvf_20260930	ratio_0.05	organamnist	mvf_t050	seed_43	0.917744703333126	0.7277131782945736
mvf_20260930	ratio_0.05	organamnist	mvf_t050	seed_44	0.9225908188785187	0.7218992248062015
mvf_20260930	ratio_0.05	organamnist	mvf_t070	seed_42	0.8953456616806676	0.751145038167939
mvf_20260930	ratio_0.05	organamnist	mvf_t070	seed_43	0.899235837940955	0.7572674418604651
mvf_20260930	ratio_0.05	organamnist	mvf_t070	seed_44	0.9064566218058531	0.7834302325581395
mvf_20260930	ratio_0.05	organamnist	mv_l025	seed_42	0.9210456586858539	0.749031007751938
mvf_20260930	ratio_0.05	organamnist	mv_l025	seed_43	0.9159945723742472	0.7417635658914729
mvf_20260930	ratio_0.05	organamnist	mv_l025	seed_44	0.9119683306732039	0.7655038759689923
mvf_20260930	ratio_0.05	organamnist	mv_l075	seed_42	0.9142578961374827	0.7141472868217055
mvf_20260930	ratio_0.05	organamnist	mv_l075	seed_43	0.9232236930661255	0.7756782945736435
mvf_20260930	ratio_0.05	organamnist	mv_l075	seed_44	0.9180400473605527	0.7083333333333334
mvf_20260930	ratio_0.05	organsmnist	mv_mean	seed_42	0.6982076922737904	0.4126984126984127
mvf_20260930	ratio_0.05	organsmnist	mv_mean	seed_43	0.6906979757294338	0.41761363636363635
mvf_20260930	ratio_0.05	organsmnist	mv_mean	seed_44	0.6934527045937869	0.4126984126984127
mvf_20260930	ratio_0.05	organsmnist	mvf_t050	seed_42	0.6721065519456285	0.38095238095238093
mvf_20260930	ratio_0.05	organsmnist	mvf_t050	seed_43	0.6689104317242415	0.3434343434343434
mvf_20260930	ratio_0.05	organsmnist	mvf_t050	seed_44	0.677318172285934	0.3448773448773449
mvf_20260930	ratio_0.05	organsmnist	mvf_t070	seed_42	0.6299105091958059	0.1746031746031746
mvf_20260930	ratio_0.05	organsmnist	mvf_t070	seed_43	0.6333640326658375	0.15007215007215008
mvf_20260930	ratio_0.05	organsmnist	mvf_t070	seed_44	0.634881035263652	0.1847041847041847
mvf_20260930	ratio_0.05	organsmnist	mv_l025	seed_42	0.6830724661480871	0.34851936218678814
mvf_20260930	ratio_0.05	organsmnist	mv_l025	seed_43	0.6823046275001994	0.4025974025974026
mvf_20260930	ratio_0.05	organsmnist	mv_l025	seed_44	0.6737135476306482	0.4314574314574315
mvf_20260930	ratio_0.05	organsmnist	mv_l075	seed_42	0.6677858589014406	0.2870159453302961
mvf_20260930	ratio_0.05	organsmnist	mv_l075	seed_43	0.6779166585121676	0.34851936218678814
mvf_20260930	ratio_0.05	organsmnist	mv_l075	seed_44	0.6867818556482758	0.37585421412300685
mvf_20260930	ratio_0.05	pathmnist	mv_mean	seed_42	0.8841986560664271	0.4513064133016627
mvf_20260930	ratio_0.05	pathmnist	mv_mean	seed_43	0.8812493136320039	0.4679334916864608
mvf_20260930	ratio_0.05	pathmnist	mv_mean	seed_44	0.8261453844452187	0.4085510688836104
mvf_20260930	ratio_0.05	pathmnist	mv_l025	seed_42	0.8590871253259434	0.3919239904988123
mvf_20260930	ratio_0.05	pathmnist	mv_l025	seed_43	0.880027876344013	0.4323040380047506
mvf_20260930	ratio_0.05	pathmnist	mv_l025	seed_44	0.8702052754218069	0.44655581947743467
mvf_20260930	ratio_0.05	pathmnist	mvf_t050	seed_42	0.8608177288223872	0.4156769596199525
mvf_20260930	ratio_0.05	pathmnist	mvf_t050	seed_43	0.8367164772973843	0.3990498812351544
mvf_20260930	ratio_0.05	pathmnist	mvf_t050	seed_44	0.8649622287375391	0.5083135391923991
mvf_20260930	ratio_0.05	pathmnist	mvf_t070	seed_42	0.8791068726715938	0.5225653206650831
mvf_20260930	ratio_0.05	pathmnist	mvf_t070	seed_43	0.8603143039789739	0.42992874109263657
mvf_20260930	ratio_0.05	pathmnist	mvf_t070	seed_44	0.86192007169754	0.38954869358669836
mvf_20260930	ratio_0.05	pathmnist	mv_l075	seed_42	0.8780458456241437	0.4180522565320665
mvf_20260930	ratio_0.05	pathmnist	mv_l075	seed_43	0.8638557240864438	0.4156769596199525
mvf_20260930	ratio_0.05	pathmnist	mv_l075	seed_44	0.886056917441402	0.4584323040380047
mvf_20260930	ratio_0.05	bloodmnist	mv_mean	seed_42	0.9260497547560333	0.7305699481865285
mvf_20260930	ratio_0.05	bloodmnist	mv_mean	seed_43	0.9323507234741133	0.7443868739205527
mvf_20260930	ratio_0.05	bloodmnist	mv_mean	seed_44	0.9300176152447075	0.7616580310880829
mvf_20260930	ratio_0.05	bloodmnist	mv_mean	seed_45	0.9346892522295089	0.7892918825561313
mvf_20260930	ratio_0.05	bloodmnist	mv_mean	seed_46	0.944026120299183	0.8186528497409327
mvf_20260930	ratio_0.05	bloodmnist	mvf_t050	seed_42	0.9421924182382884	0.8238341968911918
mvf_20260930	ratio_0.05	bloodmnist	mvf_t050	seed_43	0.9131970575124708	0.7530224525043178
mvf_20260930	ratio_0.05	bloodmnist	mvf_t050	seed_44	0.9016243834889548	0.6925734024179621
mvf_20260930	ratio_0.05	bloodmnist	mvf_t070	seed_42	0.9304194841388327	0.7892918825561313
mvf_20260930	ratio_0.05	bloodmnist	mvf_t070	seed_43	0.9186285568587158	0.823943661971831
mvf_20260930	ratio_0.05	bloodmnist	mvf_t070	seed_44	0.9204445953727622	0.8309859154929577
mvf_20260930	ratio_0.05	bloodmnist	mv_l025	seed_42	0.935608922956291	0.8013816925734024
mvf_20260930	ratio_0.05	bloodmnist	mv_l025	seed_43	0.9370492162334334	0.772020725388601
mvf_20260930	ratio_0.05	bloodmnist	mv_l025	seed_44	0.9341526922339449	0.7841105354058722
mvf_20260930	ratio_0.05	bloodmnist	mv_l075	seed_42	0.9407642994283629	0.8307426597582038
mvf_20260930	ratio_0.05	bloodmnist	mv_l075	seed_43	0.930252244441812	0.7789291882556131
mvf_20260930	ratio_0.05	bloodmnist	mv_l075	seed_44	0.8972054319202665	0.7253886010362695
mvf_20260930	ratio_0.05	tissuemnist	mv_mean	seed_42	0.4944477559591308	0.38692342140618
mvf_20260930	ratio_0.05	tissuemnist	mv_mean	seed_43	0.4944569527351068	0.39373297002724794
mvf_20260930	ratio_0.05	tissuemnist	mv_mean	seed_44	0.4927797298465734	0.44469323779668607
mvf_20260930	ratio_0.05	tissuemnist	mv_mean	seed_45	0.5082008337287403	0.438871473354232
mvf_20260930	ratio_0.05	tissuemnist	mv_mean	seed_46	0.48898081627899725	0.4039408866995074
mvf_20260930	ratio_0.05	tissuemnist	mv_l025	seed_42	0.5014648442128673	0.43781537548233895
mvf_20260930	ratio_0.05	tissuemnist	mv_l025	seed_43	0.4769365670228508	0.41189827429609444
mvf_20260930	ratio_0.05	tissuemnist	mv_l025	seed_44	0.47594645771661503	0.40752351097178685
mvf_20260930	ratio_0.05	tissuemnist	mv_l075	seed_42	0.4963279659768607	0.4055404178019982
mvf_20260930	ratio_0.05	tissuemnist	mv_l075	seed_43	0.507711592442057	0.40349305866547247
mvf_20260930	ratio_0.05	tissuemnist	mv_l075	seed_44	0.4949682964133277	0.39319301388266903
mvf_20260930	ratio_0.05	tissuemnist	mvf_t050	seed_42	0.49671795412651376	0.3555754590237349
mvf_20260930	ratio_0.05	tissuemnist	mvf_t050	seed_43	0.5129846467111834	0.3667711598746082
mvf_20260930	ratio_0.05	tissuemnist	mvf_t050	seed_44	0.5037514752611878	0.35691894312583966
mvf_20260930	ratio_0.05	tissuemnist	mvf_t070	seed_42	0.49162819337839503	0.3749111079505049
mvf_20260930	ratio_0.05	tissuemnist	mvf_t070	seed_43	0.49080052918447653	0.367373062153321
mvf_20260930	ratio_0.05	tissuemnist	mvf_t070	seed_44	0.48193032283245607	0.34547006115773005
tune2_4090_20260929	ratio_0.05	pathmnist	tdgs_cls	seed_42	0.839317317117383	0.42992874109263657
tune2_4090_20260929	ratio_0.05	pathmnist	tdgs_cls	seed_43	0.8592980270500356	0.42755344418052255
tune2_4090_20260929	ratio_0.05	pathmnist	tdgs_cls	seed_44	0.8368217539991272	0.38954869358669836
tune2_4090_20260929	ratio_0.05	pathmnist	csc_l010	seed_42	0.8821464247660936	0.44655581947743467
tune2_4090_20260929	ratio_0.05	pathmnist	csc_l010	seed_43	0.8606019340548857	0.3515439429928741
tune2_4090_20260929	ratio_0.05	pathmnist	csc_l010	seed_44	0.8180938984148208	0.37054631828978624
tune2_4090_20260929	ratio_0.05	pathmnist	csc_l090	seed_42	0.8865621785622344	0.4418052256532066
tune2_4090_20260929	ratio_0.05	pathmnist	csc_l090	seed_43	0.87685046848643	0.4323040380047506
tune2_4090_20260929	ratio_0.05	pathmnist	csc_l090	seed_44	0.8706781184426816	0.4346793349168646
tune2_4090_20260929	ratio_0.05	pathmnist	csc_k30	seed_42	0.8400303563013378	0.4085510688836104
tune2_4090_20260929	ratio_0.05	pathmnist	csc_k30	seed_43	0.8835656094939695	0.47030878859857483
tune2_4090_20260929	ratio_0.05	pathmnist	csc_k30	seed_44	0.8811603978189996	0.4655581947743468
tune2_4090_20260929	ratio_0.05	pathmnist	csc_k100h1	seed_42	0.8752742137648597	0.40617577197149646
tune2_4090_20260929	ratio_0.05	pathmnist	csc_k100h1	seed_43	0.8188294002251352	0.3159144893111639
tune2_4090_20260929	ratio_0.05	pathmnist	csc_k100h1	seed_44	0.8333396766277779	0.36104513064133015
tune2_4090_20260929	ratio_0.05	pathmnist	csc_cos_l075	seed_42	0.8752674450609724	0.4418052256532066
tune2_4090_20260929	ratio_0.05	pathmnist	csc_cos_l075	seed_43	0.8926950962803244	0.4014251781472684
tune2_4090_20260929	ratio_0.05	pathmnist	csc_cos_l075	seed_44	0.8495732619759591	0.4085510688836104
tune2_4090_20260929	ratio_0.05	pathmnist	csc_cos_l100	seed_42	0.8778527504951438	0.42992874109263657
tune2_4090_20260929	ratio_0.05	pathmnist	csc_cos_l100	seed_43	0.8567965799458985	0.38004750593824227
tune2_4090_20260929	ratio_0.05	pathmnist	csc_cos_l100	seed_44	0.845880691597027	0.43942992874109266
tune2_4090_20260929	ratio_0.05	pathmnist	csc_cos_m1k	seed_43	0.8513999131533255	0.38954869358669836
tune2_4090_20260929	ratio_0.05	pathmnist	csc_cos_m1k	seed_44	0.8633368875354134	0.43942992874109266
tune2_4090_20260929	ratio_0.05	pathmnist	csc_cos_m1k_l075	seed_42	0.8709096297812565	0.4180522565320665
tune2_4090_20260929	ratio_0.05	pathmnist	csc_cos_m1k_l075	seed_43	0.8670129851828103	0.38004750593824227
tune2_4090_20260929	ratio_0.05	pathmnist	csc_cos_m1k_l075	seed_44	0.8727514880241609	0.47980997624703087
tune2_4090_20260929	ratio_0.05	organamnist	tdgs_cls	seed_42	0.9123408861359551	0.7083333333333334
tune2_4090_20260929	ratio_0.05	organamnist	tdgs_cls	seed_43	0.9099030615531313	0.7233527131782945
tune2_4090_20260929	ratio_0.05	organamnist	tdgs_cls	seed_44	0.9130692690749126	0.7446705426356589
tune2_4090_20260929	ratio_0.05	organamnist	csc_l010	seed_42	0.915468619953185	0.7858527131782945
tune2_4090_20260929	ratio_0.05	organamnist	csc_l010	seed_43	0.9189483145128867	0.7911821705426356
tune2_4090_20260929	ratio_0.05	organamnist	csc_l010	seed_44	0.9149040839859928	0.7633587786259542
tune2_4090_20260929	ratio_0.05	organamnist	csc_l090	seed_42	0.9094662938878989	0.7063953488372093
tune2_4090_20260929	ratio_0.05	organamnist	csc_l090	seed_43	0.9130379535441197	0.7185077519379846
tune2_4090_20260929	ratio_0.05	organamnist	csc_l090	seed_44	0.9098586481354254	0.7558139534883721
tune2_4090_20260929	ratio_0.05	organamnist	csc_k30	seed_42	0.9220321491940165	0.752422480620155
tune2_4090_20260929	ratio_0.05	organamnist	csc_k30	seed_43	0.9054677829427352	0.7378875968992248
tune2_4090_20260929	ratio_0.05	organamnist	csc_k30	seed_44	0.9093426900380387	0.7243217054263565
tune2_4090_20260929	ratio_0.05	organamnist	csc_k100h1	seed_42	0.903117412136383	0.6182170542635659
tune2_4090_20260929	ratio_0.05	organamnist	csc_k100h1	seed_43	0.9107675689432223	0.7538759689922481
tune2_4090_20260929	ratio_0.05	organamnist	csc_k100h1	seed_44	0.9122977694411017	0.7257751937984496
tune2_4090_20260929	ratio_0.05	organamnist	csc_cos_l075	seed_42	0.9202479765334011	0.7839147286821705
tune2_4090_20260929	ratio_0.05	organamnist	csc_cos_l075	seed_43	0.9148426225808223	0.7829457364341085
tune2_4090_20260929	ratio_0.05	organamnist	csc_cos_l075	seed_44	0.9108667806120262	0.7684108527131783
tune2_4090_20260929	ratio_0.05	organamnist	csc_cos_l100	seed_42	0.9101883256260094	0.7277131782945736
tune2_4090_20260929	ratio_0.05	organamnist	csc_cos_l100	seed_43	0.9184490029356648	0.7587209302325582
tune2_4090_20260929	ratio_0.05	organamnist	csc_cos_l100	seed_44	0.92137424820241	0.7640503875968992
tune2_4090_20260929	ratio_0.05	organamnist	csc_cos_m1k	seed_42	0.9166020107873407	0.7582364341085271
tune2_4090_20260929	ratio_0.05	organamnist	csc_cos_m1k	seed_43	0.9155381651639949	0.7718023255813954
tune2_4090_20260929	ratio_0.05	organamnist	csc_cos_m1k	seed_44	0.9150464442322569	0.7572674418604651
tune2_4090_20260929	ratio_0.05	organamnist	csc_cos_m1k_l075	seed_42	0.9193457475111473	0.7969961240310077
tune2_4090_20260929	ratio_0.05	organamnist	csc_cos_m1k_l075	seed_43	0.9190656009227641	0.7810077519379846
tune2_4090_20260929	ratio_0.05	organamnist	csc_cos_m1k_l075	seed_44	0.9073049080725462	0.7616279069767442
tune2_4090_20260929	ratio_0.05	organsmnist	tdgs_cls	seed_42	0.666276370628532	0.3494318181818182
tune2_4090_20260929	ratio_0.05	organsmnist	tdgs_cls	seed_43	0.6785809031634695	0.3593073593073593
tune2_4090_20260929	ratio_0.05	organsmnist	tdgs_cls	seed_44	0.6736246642507501	0.35730337078651686
tune2_4090_20260929	ratio_0.05	organsmnist	csc_l010	seed_42	0.6768452513855355	0.3492063492063492
tune2_4090_20260929	ratio_0.05	organsmnist	csc_l010	seed_43	0.6739777475043159	0.40774487471526194
tune2_4090_20260929	ratio_0.05	organsmnist	csc_l010	seed_44	0.6718916943220187	0.39863325740318906
tune2_4090_20260929	ratio_0.05	organsmnist	csc_l090	seed_42	0.6633268874408492	0.3578643578643579
tune2_4090_20260929	ratio_0.05	organsmnist	csc_l090	seed_43	0.6712181264951288	0.40115440115440115
tune2_4090_20260929	ratio_0.05	organsmnist	csc_l090	seed_44	0.6680211832353341	0.4161931818181818
tune2_4090_20260929	ratio_0.05	organsmnist	csc_k30	seed_42	0.6688312375298581	0.4083694083694084
tune2_4090_20260929	ratio_0.05	organsmnist	csc_k30	seed_43	0.6706920062714549	0.40767045454545453
tune2_4090_20260929	ratio_0.05	organsmnist	csc_k30	seed_44	0.6892712178632722	0.43892045454545453
tune2_4090_20260929	ratio_0.05	organsmnist	csc_k100h1	seed_42	0.6835439939960609	0.4357864357864358
tune2_4090_20260929	ratio_0.05	organsmnist	csc_k100h1	seed_43	0.6764625588342051	0.3477633477633478
tune2_4090_20260929	ratio_0.05	organsmnist	csc_k100h1	seed_44	0.6839116644779203	0.4357864357864358
tune2_4090_20260929	ratio_0.05	organsmnist	csc_cos_l075	seed_42	0.6747583888041094	0.3564213564213564
tune2_4090_20260929	ratio_0.05	organsmnist	csc_cos_l075	seed_43	0.683718015625024	0.4054834054834055
tune2_4090_20260929	ratio_0.05	organsmnist	csc_cos_l075	seed_44	0.6921523929516736	0.39635535307517084
tune2_4090_20260929	ratio_0.05	organsmnist	csc_cos_l100	seed_42	0.6839539730192639	0.3835227272727273
tune2_4090_20260929	ratio_0.05	organsmnist	csc_cos_l100	seed_43	0.6945036262521929	0.421875
tune2_4090_20260929	ratio_0.05	organsmnist	csc_cos_l100	seed_44	0.6806777832891634	0.42596810933940776
tune2_4090_20260929	ratio_0.05	organsmnist	csc_cos_m1k	seed_42	0.6653470435399421	0.34606741573033706
tune2_4090_20260929	ratio_0.05	organsmnist	csc_cos_m1k	seed_43	0.6834683500169492	0.37373737373737376
tune2_4090_20260929	ratio_0.05	organsmnist	csc_cos_m1k	seed_44	0.6767937595080735	0.3877840909090909
tune2_4090_20260929	ratio_0.05	organsmnist	csc_cos_m1k_l075	seed_42	0.6656633785264666	0.3940774487471526
tune2_4090_20260929	ratio_0.05	organsmnist	csc_cos_m1k_l075	seed_43	0.6561953507974535	0.33948863636363635
tune2_4090_20260929	ratio_0.05	organsmnist	csc_cos_m1k_l075	seed_44	0.6691952556114255	0.28929384965831434
tune2_4090_20260929	ratio_0.05	bloodmnist	tdgs_cls	seed_42	0.9210542777359125	0.7184801381692574
tune2_4090_20260929	ratio_0.05	bloodmnist	tdgs_cls	seed_43	0.9348318146288159	0.7668393782383419
tune2_4090_20260929	ratio_0.05	bloodmnist	tdgs_cls	seed_44	0.9396399020312302	0.7616580310880829
tune2_4090_20260929	ratio_0.05	bloodmnist	csc_l010	seed_42	0.9033837141653438	0.6994818652849741
tune2_4090_20260929	ratio_0.05	bloodmnist	csc_l010	seed_43	0.9100023455341926	0.6770293609671848
tune2_4090_20260929	ratio_0.05	bloodmnist	csc_l010	seed_44	0.9220363963560528	0.7616580310880829
tune2_4090_20260929	ratio_0.05	bloodmnist	csc_l090	seed_42	0.9380821798620292	0.7443868739205527
tune2_4090_20260929	ratio_0.05	bloodmnist	csc_l090	seed_43	0.9221095546589438	0.7443868739205527
tune2_4090_20260929	ratio_0.05	bloodmnist	csc_l090	seed_44	0.9389554257267534	0.7875647668393783
tune2_4090_20260929	ratio_0.05	bloodmnist	csc_k30	seed_42	0.9388472821337962	0.7478411053540587
tune2_4090_20260929	ratio_0.05	bloodmnist	csc_k30	seed_43	0.9431839511091938	0.7979274611398963
tune2_4090_20260929	ratio_0.05	bloodmnist	csc_k30	seed_44	0.9094333300641942	0.7012089810017271
tune2_4090_20260929	ratio_0.05	bloodmnist	csc_k100h1	seed_42	0.9083030313334481	0.6511226252158895
tune2_4090_20260929	ratio_0.05	bloodmnist	csc_k100h1	seed_43	0.9355547366587252	0.7616580310880829
tune2_4090_20260929	ratio_0.05	bloodmnist	csc_k100h1	seed_44	0.9274382210472767	0.7271157167530224
tune2_4090_20260929	ratio_0.05	bloodmnist	csc_cos_l075	seed_42	0.9301311694216866	0.7495682210708118
tune2_4090_20260929	ratio_0.05	bloodmnist	csc_cos_l075	seed_43	0.9128495791866281	0.6493955094991365
tune2_4090_20260929	ratio_0.05	bloodmnist	csc_cos_l075	seed_44	0.935532590089427	0.7823834196891192
tune2_4090_20260929	ratio_0.05	bloodmnist	csc_cos_l100	seed_42	0.9205213605982832	0.6770293609671848
tune2_4090_20260929	ratio_0.05	bloodmnist	csc_cos_l100	seed_43	0.8886118222910124	0.5924006908462867
tune2_4090_20260929	ratio_0.05	bloodmnist	csc_cos_l100	seed_44	0.9260832732255904	0.687392055267703
tune2_4090_20260929	ratio_0.05	bloodmnist	csc_cos_m1k	seed_42	0.9190943979883069	0.7651122625215889
tune2_4090_20260929	ratio_0.05	bloodmnist	csc_cos_m1k	seed_43	0.925083579328873	0.7340241796200345
tune2_4090_20260929	ratio_0.05	bloodmnist	csc_cos_m1k	seed_44	0.9338437664321895	0.7443868739205527
tune2_4090_20260929	ratio_0.05	bloodmnist	csc_cos_m1k_l075	seed_42	0.9439295187966362	0.8134715025906736
tune2_4090_20260929	ratio_0.05	bloodmnist	csc_cos_m1k_l075	seed_43	0.8801954502308017	0.6804835924006909
tune2_4090_20260929	ratio_0.05	bloodmnist	csc_cos_m1k_l075	seed_44	0.9327157617892708	0.7461139896373057
tune2_4090_20260929	ratio_0.02	bloodmnist	tdgs_cls	seed_42	0.8709669340419511	0.6493955094991365
tune2_4090_20260929	ratio_0.02	bloodmnist	tdgs_cls	seed_43	0.8132707072630008	0.48186528497409326
tune2_4090_20260929	ratio_0.02	bloodmnist	tdgs_cls	seed_44	0.8270026602956608	0.49568221070811747
tune2_4090_20260929	ratio_0.02	bloodmnist	csc_l010	seed_42	0.7899511159010881	0.49568221070811747
tune2_4090_20260929	ratio_0.02	bloodmnist	csc_l010	seed_43	0.840268836228331	0.6027633851468048
tune2_4090_20260929	ratio_0.02	bloodmnist	csc_l010	seed_44	0.8718270555075658	0.6701208981001727
tune2_4090_20260929	ratio_0.02	bloodmnist	csc_l090	seed_42	0.8459586439655657	0.6822107081174439
tune2_4090_20260929	ratio_0.02	bloodmnist	csc_l090	seed_43	0.89955146435501	0.694300518134715
tune2_4090_20260929	ratio_0.02	bloodmnist	csc_l090	seed_44	0.8768533394054495	0.690846286701209
tune2_4090_20260929	ratio_0.02	bloodmnist	csc_k30	seed_42	0.8110720123081443	0.6580310880829016
tune2_4090_20260929	ratio_0.02	bloodmnist	csc_k30	seed_43	0.827185150151347	0.5613126079447323
tune2_4090_20260929	ratio_0.02	bloodmnist	csc_k30	seed_44	0.871559422543467	0.7150259067357513
tune2_4090_20260929	ratio_0.02	bloodmnist	csc_k100h1	seed_42	0.8818712564613386	0.6338514680483592
tune2_4090_20260929	ratio_0.02	bloodmnist	csc_k100h1	seed_43	0.7879270616780554	0.4110535405872193
tune2_4090_20260929	ratio_0.02	bloodmnist	csc_k100h1	seed_44	0.8808977931799968	0.7081174438687392
tune2_4090_20260929	ratio_0.02	bloodmnist	csc_cos_l075	seed_42	0.7863998567561415	0.5267702936096719
tune2_4090_20260929	ratio_0.02	bloodmnist	csc_cos_l075	seed_43	0.7987220270430277	0.5233160621761658
tune2_4090_20260929	ratio_0.02	bloodmnist	csc_cos_l075	seed_44	0.8175170586999263	0.5820379965457686
tune2_4090_20260929	ratio_0.02	bloodmnist	csc_cos_l100	seed_42	0.8113394535665597	0.5561312607944733
tune2_4090_20260929	ratio_0.02	bloodmnist	csc_cos_l100	seed_43	0.8062601506659962	0.614853195164076
tune2_4090_20260929	ratio_0.02	bloodmnist	csc_cos_l100	seed_44	0.8625877635256852	0.6787564766839378
tune2_4090_20260929	ratio_0.02	bloodmnist	csc_cos_m1k	seed_42	0.8451139515333501	0.6787564766839378
tune2_4090_20260929	ratio_0.02	bloodmnist	csc_cos_m1k	seed_43	0.8434458094212938	0.5854922279792746
tune2_4090_20260929	ratio_0.02	bloodmnist	csc_cos_m1k	seed_44	0.8783748454857857	0.6373056994818653
tune2_4090_20260929	ratio_0.02	bloodmnist	csc_cos_m1k_l075	seed_42	0.852909149054602	0.5975820379965457
tune2_4090_20260929	ratio_0.02	bloodmnist	csc_cos_m1k_l075	seed_43	0.8339648262913266	0.48877374784110533
tune2_4090_20260929	ratio_0.02	bloodmnist	csc_cos_m1k_l075	seed_44	0.8512250861224882	0.6994818652849741
tune2_4090_20260929	ratio_0.02	organamnist	tdgs_cls	seed_42	0.8679179911058309	0.7073791348600509
tune2_4090_20260929	ratio_0.02	organamnist	tdgs_cls	seed_43	0.8820880937511189	0.7180661577608143
tune2_4090_20260929	ratio_0.02	organamnist	tdgs_cls	seed_44	0.8848464662006059	0.7277131782945736
tune2_4090_20260929	ratio_0.02	organamnist	csc_l010	seed_42	0.863412998126329	0.6595419847328244
tune2_4090_20260929	ratio_0.02	organamnist	csc_l010	seed_43	0.8657801335987894	0.689058524173028
tune2_4090_20260929	ratio_0.02	organamnist	csc_l010	seed_44	0.8728402234676554	0.7206106870229008
tune2_4090_20260929	ratio_0.02	organamnist	csc_l090	seed_42	0.8707076657942067	0.6972010178117048
tune2_4090_20260929	ratio_0.02	organamnist	csc_l090	seed_43	0.8595517778046513	0.6438953488372093
tune2_4090_20260929	ratio_0.02	organamnist	csc_l090	seed_44	0.867308127184618	0.6749031007751938
tune2_4090_20260929	ratio_0.02	organamnist	csc_k30	seed_42	0.8854650985202867	0.7432170542635659
tune2_4090_20260929	ratio_0.02	organamnist	csc_k30	seed_43	0.8714097811027606	0.6788804071246819
tune2_4090_20260929	ratio_0.02	organamnist	csc_k30	seed_44	0.8743328724150742	0.6971899224806202
tune2_4090_20260929	ratio_0.02	organamnist	csc_k100h1	seed_42	0.8634882419841596	0.6529262086513995
tune2_4090_20260929	ratio_0.02	organamnist	csc_k100h1	seed_43	0.8580394428018333	0.6589147286821705
tune2_4090_20260929	ratio_0.02	organamnist	csc_k100h1	seed_44	0.8589869216534283	0.6442748091603053
tune2_4090_20260929	ratio_0.02	organamnist	csc_cos_l075	seed_42	0.8690050173756181	0.6849872773536896
tune2_4090_20260929	ratio_0.02	organamnist	csc_cos_l075	seed_43	0.8738833718862566	0.6910941475826972
tune2_4090_20260929	ratio_0.02	organamnist	csc_cos_l075	seed_44	0.8829466283833919	0.6916030534351145
tune2_4090_20260929	ratio_0.02	organamnist	csc_cos_l100	seed_42	0.856204901879999	0.655470737913486
tune2_4090_20260929	ratio_0.02	organamnist	csc_cos_l100	seed_43	0.8740848727197121	0.685077519379845
tune2_4090_20260929	ratio_0.02	organamnist	csc_cos_l100	seed_44	0.873740019709641	0.6778100775193798
tune2_4090_20260929	ratio_0.02	organamnist	csc_cos_m1k	seed_42	0.8782386786179935	0.7199612403100775
tune2_4090_20260929	ratio_0.02	organamnist	csc_cos_m1k	seed_43	0.8839618484482135	0.7296511627906976
tune2_4090_20260929	ratio_0.02	organamnist	csc_cos_m1k	seed_44	0.8702735213282659	0.6807170542635659
tune2_4090_20260929	ratio_0.02	organamnist	csc_cos_m1k_l075	seed_42	0.86488233479221	0.688953488372093
tune2_4090_20260929	ratio_0.02	organamnist	csc_cos_m1k_l075	seed_43	0.880888369613357	0.6715116279069767
tune2_4090_20260929	ratio_0.02	organamnist	csc_cos_m1k_l075	seed_44	0.8622016099123978	0.689058524173028
tune_20260929	ratio_0.05	pathmnist	tdgs_cls	seed_42	0.8425043182050618	0.40380047505938244
tune_20260929	ratio_0.05	pathmnist	tdgs_cls	seed_43	0.8564475126315954	0.4323040380047506
tune_20260929	ratio_0.05	pathmnist	tdgs_cls	seed_44	0.8928300745194149	0.43942992874109266
tune_20260929	ratio_0.05	pathmnist	csc_l025	seed_42	0.8712039295958848	0.44655581947743467
tune_20260929	ratio_0.05	pathmnist	csc_l025	seed_43	0.8791945833698936	0.4655581947743468
tune_20260929	ratio_0.05	pathmnist	csc_l025	seed_44	0.8718666038925657	0.46318289786223277
tune_20260929	ratio_0.05	pathmnist	csc_l075	seed_42	0.8832091807309028	0.38004750593824227
tune_20260929	ratio_0.05	pathmnist	csc_l075	seed_43	0.8617639070198595	0.45605700712589076
tune_20260929	ratio_0.05	pathmnist	csc_l075	seed_44	0.8799613549217775	0.501187648456057
tune_20260929	ratio_0.05	pathmnist	csc_l100	seed_42	0.8911311062888095	0.43705463182897863
tune_20260929	ratio_0.05	pathmnist	csc_l100	seed_43	0.8777873513337573	0.4418052256532066
tune_20260929	ratio_0.05	pathmnist	csc_l100	seed_44	0.8232365510052176	0.42280285035629456
tune_20260929	ratio_0.05	pathmnist	csc_k15	seed_42	0.8811161697235003	0.3990498812351544
tune_20260929	ratio_0.05	pathmnist	csc_k15	seed_43	0.8477809373453089	0.39429928741092635
tune_20260929	ratio_0.05	pathmnist	csc_k15	seed_44	0.8893226725405277	0.4085510688836104
tune_20260929	ratio_0.05	pathmnist	csc_k150	seed_42	0.8726546772352277	0.3824228028503563
tune_20260929	ratio_0.05	pathmnist	csc_k150	seed_43	0.841565183362214	0.34679334916864607
tune_20260929	ratio_0.05	pathmnist	csc_k150	seed_44	0.879188440623532	0.3847980997624703
tune_20260929	ratio_0.05	pathmnist	csc_cos	seed_42	0.8660298099528854	0.4085510688836104
tune_20260929	ratio_0.05	pathmnist	csc_cos	seed_43	0.8877441735198842	0.38954869358669836
tune_20260929	ratio_0.05	pathmnist	csc_cos	seed_44	0.8834436830818047	0.4156769596199525
tune_20260929	ratio_0.05	pathmnist	tdgs_mask	seed_42	0.870583119385029	0.4418052256532066
tune_20260929	ratio_0.05	pathmnist	tdgs_mask	seed_43	0.8759270006412004	0.38717339667458434
tune_20260929	ratio_0.05	pathmnist	tdgs_mask	seed_44	0.861862114205786	0.4085510688836104
tune_20260929	ratio_0.05	pathmnist	tdgs_wcls	seed_42	0.8721359750701289	0.41330166270783847
tune_20260929	ratio_0.05	pathmnist	tdgs_wcls	seed_43	0.8556217245951391	0.4323040380047506
tune_20260929	ratio_0.05	pathmnist	tdgs_wcls	seed_44	0.8500267201862354	0.4584323040380047
tune_20260929	ratio_0.05	pathmnist	hpc_cls	seed_42	0.8645702594822968	0.4251781472684085
tune_20260929	ratio_0.05	pathmnist	hpc_cls	seed_43	0.8320774255802363	0.40617577197149646
tune_20260929	ratio_0.05	pathmnist	hpc_cls	seed_44	0.8734381725994836	0.40617577197149646
tune_20260929	ratio_0.05	pathmnist	cls_dinov2	seed_42	0.8807529798575222	0.42280285035629456
tune_20260929	ratio_0.05	pathmnist	cls_dinov2	seed_43	0.873651509486843	0.3824228028503563
tune_20260929	ratio_0.05	pathmnist	cls_dinov2	seed_44	0.8867220717101013	0.4346793349168646
tune_20260929	ratio_0.05	pathmnist	cls_clip	seed_42	0.8833395383155046	0.45368171021377673
tune_20260929	ratio_0.05	pathmnist	cls_clip	seed_43	0.8720073386175591	0.38954869358669836
tune_20260929	ratio_0.05	pathmnist	cls_clip	seed_44	0.8483321500976974	0.39429928741092635
tune_20260929	ratio_0.05	pathmnist	cls_cat	seed_42	0.8500697171971952	0.39667458432304037
tune_20260929	ratio_0.05	pathmnist	cls_cat	seed_43	0.8414750585292915	0.45368171021377673
tune_20260929	ratio_0.05	pathmnist	cls_cat	seed_44	0.8509871068909484	0.3824228028503563
tune_20260929	ratio_0.05	pathmnist	mv_mean	seed_42	0.8841986560664271	0.4513064133016627
tune_20260929	ratio_0.05	pathmnist	mv_mean	seed_43	0.8812493136320039	0.4679334916864608
tune_20260929	ratio_0.05	pathmnist	mv_mean	seed_44	0.8261453844452187	0.4085510688836104
tune_20260929	ratio_0.05	pathmnist	mv_rob	seed_42	0.8777193127124971	0.42280285035629456
tune_20260929	ratio_0.05	pathmnist	mv_rob	seed_43	0.8800380525577824	0.41330166270783847
tune_20260929	ratio_0.05	pathmnist	mv_rob	seed_44	0.8735855278818018	0.4418052256532066
tune_20260929	ratio_0.05	organamnist	tdgs_cls	seed_42	0.9013200307446447	0.7151162790697675
tune_20260929	ratio_0.05	organamnist	tdgs_cls	seed_43	0.9086475129238297	0.6555232558139535
tune_20260929	ratio_0.05	organamnist	tdgs_cls	seed_44	0.9126760749703731	0.7466085271317829
tune_20260929	ratio_0.05	organamnist	tdgs_mask	seed_42	0.9212758620366536	0.7718023255813954
tune_20260929	ratio_0.05	organamnist	tdgs_mask	seed_43	0.9189178239535306	0.7601744186046512
tune_20260929	ratio_0.05	organamnist	tdgs_mask	seed_44	0.9198007913646279	0.7766472868217055
tune_20260929	ratio_0.05	organamnist	tdgs_wcls	seed_42	0.9122607762589262	0.7548449612403101
tune_20260929	ratio_0.05	organamnist	tdgs_wcls	seed_43	0.9151909393108864	0.7688953488372093
tune_20260929	ratio_0.05	organamnist	tdgs_wcls	seed_44	0.9242955596031085	0.7824612403100775
tune_20260929	ratio_0.05	organamnist	csc_l025	seed_42	0.9163024983861582	0.7824612403100775
tune_20260929	ratio_0.05	organamnist	csc_l025	seed_43	0.926977382660708	0.8008720930232558
tune_20260929	ratio_0.05	organamnist	csc_l025	seed_44	0.9183143348479029	0.7601744186046512
tune_20260929	ratio_0.05	organamnist	csc_l075	seed_42	0.9114149923830843	0.689922480620155
tune_20260929	ratio_0.05	organamnist	csc_l075	seed_43	0.9217703129701118	0.7751937984496124
tune_20260929	ratio_0.05	organamnist	csc_l075	seed_44	0.9183816792907553	0.7756782945736435
tune_20260929	ratio_0.05	organamnist	csc_l100	seed_42	0.9172849518851134	0.7630813953488372
tune_20260929	ratio_0.05	organamnist	csc_l100	seed_43	0.9117341240138909	0.7243217054263565
tune_20260929	ratio_0.05	organamnist	csc_l100	seed_44	0.9129060150722428	0.7592054263565892
tune_20260929	ratio_0.05	organamnist	csc_k15	seed_42	0.9141299443186401	0.7437015503875969
tune_20260929	ratio_0.05	organamnist	csc_k15	seed_43	0.9204457005077766	0.7625968992248062
tune_20260929	ratio_0.05	organamnist	csc_k15	seed_44	0.9124297731506023	0.7369186046511628
tune_20260929	ratio_0.05	organamnist	csc_k150	seed_42	0.9245322441907309	0.7693798449612403
tune_20260929	ratio_0.05	organamnist	csc_k150	seed_43	0.9225471805367813	0.7655038759689923
tune_20260929	ratio_0.05	organamnist	csc_k150	seed_44	0.9128785534397635	0.7427325581395349
tune_20260929	ratio_0.05	organamnist	csc_cos	seed_42	0.9162321202294584	0.7655038759689923
tune_20260929	ratio_0.05	organamnist	csc_cos	seed_43	0.9159396940552945	0.7703488372093024
tune_20260929	ratio_0.05	organamnist	csc_cos	seed_44	0.9216010884830065	0.8003875968992248
tune_20260929	ratio_0.05	organamnist	hpc_cls	seed_42	0.9147352638937595	0.7388565891472868
tune_20260929	ratio_0.05	organamnist	hpc_cls	seed_43	0.9161276345578635	0.7621124031007752
tune_20260929	ratio_0.05	organamnist	hpc_cls	seed_44	0.910802878975021	0.751937984496124
tune_20260929	ratio_0.05	organamnist	cls_dinov2	seed_42	0.9111010858761065	0.751937984496124
tune_20260929	ratio_0.05	organamnist	cls_dinov2	seed_43	0.908002927188657	0.7185077519379846
tune_20260929	ratio_0.05	organamnist	cls_dinov2	seed_44	0.9082386202614434	0.751453488372093
tune_20260929	ratio_0.05	organamnist	cls_clip	seed_42	0.9083267289101642	0.7650193798449613
tune_20260929	ratio_0.05	organamnist	cls_clip	seed_43	0.9214017427429281	0.7999031007751938
tune_20260929	ratio_0.05	organamnist	cls_clip	seed_44	0.9136332585124467	0.7790697674418605
tune_20260929	ratio_0.05	organamnist	cls_cat	seed_42	0.9183574207284037	0.7311046511627907
tune_20260929	ratio_0.05	organamnist	cls_cat	seed_43	0.9226530271375375	0.7698643410852714
tune_20260929	ratio_0.05	organamnist	cls_cat	seed_44	0.9200822131065238	0.7437015503875969
tune_20260929	ratio_0.05	organamnist	mv_mean	seed_42	0.9269612394154483	0.747577519379845
tune_20260929	ratio_0.05	organamnist	mv_mean	seed_43	0.9163721195519962	0.687984496124031
tune_20260929	ratio_0.05	organamnist	mv_mean	seed_44	0.9207931795630612	0.7567829457364341
tune_20260929	ratio_0.05	organamnist	mv_rob	seed_42	0.919380304605565	0.7301356589147286
tune_20260929	ratio_0.05	organamnist	mv_rob	seed_43	0.9117331570610063	0.7364341085271318
tune_20260929	ratio_0.05	organamnist	mv_rob	seed_44	0.9188964477748538	0.7427325581395349
tune_20260929	ratio_0.05	organsmnist	tdgs_cls	seed_42	0.6682415748201741	0.4025974025974026
tune_20260929	ratio_0.05	organsmnist	tdgs_cls	seed_43	0.6777386620085968	0.4145785876993166
tune_20260929	ratio_0.05	organsmnist	tdgs_cls	seed_44	0.670610007746169	0.30735930735930733
tune_20260929	ratio_0.05	organsmnist	csc_l025	seed_42	0.6772396578897062	0.33029612756264237
tune_20260929	ratio_0.05	organsmnist	csc_l025	seed_43	0.6744341142560171	0.42045454545454547
tune_20260929	ratio_0.05	organsmnist	csc_l025	seed_44	0.6643947623307874	0.341991341991342
tune_20260929	ratio_0.05	organsmnist	csc_l075	seed_42	0.667933130455613	0.37926136363636365
tune_20260929	ratio_0.05	organsmnist	csc_l075	seed_43	0.6638849880915907	0.38672438672438675
tune_20260929	ratio_0.05	organsmnist	csc_l075	seed_44	0.6779289874384404	0.3852813852813853
tune_20260929	ratio_0.05	organsmnist	csc_l100	seed_42	0.675159258308239	0.3968253968253968
tune_20260929	ratio_0.05	organsmnist	csc_l100	seed_43	0.6818823382101813	0.35209235209235207
tune_20260929	ratio_0.05	organsmnist	csc_l100	seed_44	0.6738737091855302	0.37373737373737376
tune_20260929	ratio_0.05	organsmnist	csc_k15	seed_42	0.6783870020912275	0.3940774487471526
tune_20260929	ratio_0.05	organsmnist	csc_k15	seed_43	0.6687474488531248	0.2870159453302961
tune_20260929	ratio_0.05	organsmnist	csc_k15	seed_44	0.6925640128730972	0.3997113997113997
tune_20260929	ratio_0.05	organsmnist	csc_k150	seed_42	0.675375512345279	0.40404040404040403
tune_20260929	ratio_0.05	organsmnist	csc_k150	seed_43	0.6820222938890518	0.42921348314606744
tune_20260929	ratio_0.05	organsmnist	csc_k150	seed_44	0.6804393405237446	0.3694083694083694
tune_20260929	ratio_0.05	organsmnist	csc_cos	seed_42	0.6526145745638086	0.28715728715728717
tune_20260929	ratio_0.05	organsmnist	csc_cos	seed_43	0.6701108521996488	0.41414141414141414
tune_20260929	ratio_0.05	organsmnist	csc_cos	seed_44	0.6772338177429893	0.3877840909090909
tune_20260929	ratio_0.05	organsmnist	tdgs_mask	seed_42	0.6648728183132335	0.34831460674157305
tune_20260929	ratio_0.05	organsmnist	tdgs_mask	seed_43	0.6579824253586952	0.3593073593073593
tune_20260929	ratio_0.05	organsmnist	tdgs_mask	seed_44	0.6763684165301034	0.3795093795093795
tune_20260929	ratio_0.05	organsmnist	tdgs_wcls	seed_42	0.6733080579012962	0.4034090909090909
tune_20260929	ratio_0.05	organsmnist	tdgs_wcls	seed_43	0.670882703513161	0.42696629213483145
tune_20260929	ratio_0.05	organsmnist	tdgs_wcls	seed_44	0.6777604299410099	0.3895216400911162
tune_20260929	ratio_0.05	organsmnist	hpc_cls	seed_42	0.6564143553343027	0.3366477272727273
tune_20260929	ratio_0.05	organsmnist	hpc_cls	seed_43	0.6757464833374076	0.3735763097949886
tune_20260929	ratio_0.05	organsmnist	hpc_cls	seed_44	0.6706450329685182	0.37642045454545453
tune_20260929	ratio_0.05	organsmnist	cls_dinov2	seed_42	0.6746818445491097	0.33044733044733043
tune_20260929	ratio_0.05	organsmnist	cls_dinov2	seed_43	0.6670020669147972	0.3564213564213564
tune_20260929	ratio_0.05	organsmnist	cls_dinov2	seed_44	0.6713901986456068	0.3333333333333333
tune_20260929	ratio_0.05	organsmnist	cls_clip	seed_42	0.684389660208745	0.4161931818181818
tune_20260929	ratio_0.05	organsmnist	cls_clip	seed_43	0.6712296340737359	0.36079545454545453
tune_20260929	ratio_0.05	organsmnist	cls_clip	seed_44	0.6767784030060097	0.4126984126984127
tune_20260929	ratio_0.05	organsmnist	cls_cat	seed_42	0.6864677217101136	0.37662337662337664
tune_20260929	ratio_0.05	organsmnist	cls_cat	seed_43	0.6569968561893579	0.4
tune_20260929	ratio_0.05	organsmnist	cls_cat	seed_44	0.680241541972721	0.40404040404040403
tune_20260929	ratio_0.05	organsmnist	mv_mean	seed_42	0.6847864257182541	0.35209235209235207
tune_20260929	ratio_0.05	organsmnist	mv_mean	seed_43	0.6809458820090245	0.42596810933940776
tune_20260929	ratio_0.05	organsmnist	mv_mean	seed_44	0.6907666951211127	0.4213564213564214
tune_20260929	ratio_0.05	organsmnist	mv_rob	seed_42	0.6504890019380576	0.35795454545454547
tune_20260929	ratio_0.05	organsmnist	mv_rob	seed_43	0.6848399846361254	0.4375
tune_20260929	ratio_0.05	organsmnist	mv_rob	seed_44	0.6821251751548023	0.38920454545454547
tune_20260929	ratio_0.05	bloodmnist	tdgs_cls	seed_42	0.9405959449989131	0.7772020725388601
tune_20260929	ratio_0.05	bloodmnist	tdgs_cls	seed_43	0.8562147178684272	0.5233160621761658
tune_20260929	ratio_0.05	bloodmnist	tdgs_cls	seed_44	0.9197831347493131	0.7219343696027634
tune_20260929	ratio_0.05	bloodmnist	csc_l025	seed_42	0.9370478627020022	0.7806563039723662
tune_20260929	ratio_0.05	bloodmnist	csc_l025	seed_43	0.9409687283150692	0.7772020725388601
tune_20260929	ratio_0.05	bloodmnist	csc_l025	seed_44	0.9371268879027066	0.7892918825561313
tune_20260929	ratio_0.05	bloodmnist	csc_l075	seed_42	0.9268858507756692	0.7115716753022453
tune_20260929	ratio_0.05	bloodmnist	csc_l075	seed_43	0.9304128522764713	0.7582037996545768
tune_20260929	ratio_0.05	bloodmnist	csc_l075	seed_44	0.9355858448293586	0.7547495682210709
tune_20260929	ratio_0.05	bloodmnist	csc_l100	seed_42	0.929753231867049	0.7737478411053541
tune_20260929	ratio_0.05	bloodmnist	csc_l100	seed_43	0.9323342114653969	0.7374784110535406
tune_20260929	ratio_0.05	bloodmnist	csc_l100	seed_44	0.9432061250412344	0.8307426597582038
tune_20260929	ratio_0.05	bloodmnist	csc_k15	seed_42	0.9278244531707138	0.7512953367875648
tune_20260929	ratio_0.05	bloodmnist	csc_k15	seed_43	0.9050012589063074	0.7253886010362695
tune_20260929	ratio_0.05	bloodmnist	csc_k15	seed_44	0.9389701516047391	0.7875647668393783
tune_20260929	ratio_0.05	bloodmnist	csc_k150	seed_42	0.9024566433462926	0.6632124352331606
tune_20260929	ratio_0.05	bloodmnist	csc_k150	seed_43	0.9391414086609158	0.7962003454231433
tune_20260929	ratio_0.05	bloodmnist	csc_k150	seed_44	0.9250780708680381	0.7461139896373057
tune_20260929	ratio_0.05	bloodmnist	csc_cos	seed_42	0.9222819842367367	0.7150259067357513
tune_20260929	ratio_0.05	bloodmnist	csc_cos	seed_43	0.934719503398177	0.7530224525043178
tune_20260929	ratio_0.05	bloodmnist	csc_cos	seed_44	0.9120633769180522	0.7271157167530224
tune_20260929	ratio_0.05	bloodmnist	tdgs_mask	seed_42	0.94604245868565	0.8169257340241797
tune_20260929	ratio_0.05	bloodmnist	tdgs_mask	seed_43	0.9320699946716433	0.7495682210708118
tune_20260929	ratio_0.05	bloodmnist	tdgs_mask	seed_44	0.9427553109547632	0.7875647668393783
tune_20260929	ratio_0.05	bloodmnist	tdgs_wcls	seed_42	0.9344559611343939	0.7996545768566494
tune_20260929	ratio_0.05	bloodmnist	tdgs_wcls	seed_43	0.9380007008109006	0.7806563039723662
tune_20260929	ratio_0.05	bloodmnist	tdgs_wcls	seed_44	0.9310944163244174	0.7754749568221071
tune_20260929	ratio_0.05	bloodmnist	hpc_cls	seed_42	0.9293612038417531	0.7789291882556131
tune_20260929	ratio_0.05	bloodmnist	hpc_cls	seed_43	0.9438533731644188	0.8307426597582038
tune_20260929	ratio_0.05	bloodmnist	hpc_cls	seed_44	0.9299987316585572	0.8013816925734024
tune_20260929	ratio_0.05	bloodmnist	cls_dinov2	seed_42	0.9336415499066935	0.7858376511226253
tune_20260929	ratio_0.05	bloodmnist	cls_dinov2	seed_43	0.9212593831627357	0.7340241796200345
tune_20260929	ratio_0.05	bloodmnist	cls_dinov2	seed_44	0.9347509262347224	0.7996545768566494
tune_20260929	ratio_0.05	bloodmnist	cls_clip	seed_42	0.9278625857954712	0.7305699481865285
tune_20260929	ratio_0.05	bloodmnist	cls_clip	seed_43	0.916284151161876	0.6839378238341969
tune_20260929	ratio_0.05	bloodmnist	cls_clip	seed_44	0.9277643910070915	0.7150259067357513
tune_20260929	ratio_0.05	bloodmnist	cls_cat	seed_42	0.9282539670042795	0.7443868739205527
tune_20260929	ratio_0.05	bloodmnist	cls_cat	seed_43	0.9323432483876195	0.7564766839378239
tune_20260929	ratio_0.05	bloodmnist	cls_cat	seed_44	0.9236396372413405	0.7443868739205527
tune_20260929	ratio_0.05	bloodmnist	mv_mean	seed_42	0.9260497547560333	0.7305699481865285
tune_20260929	ratio_0.05	bloodmnist	mv_mean	seed_43	0.9323507234741133	0.7443868739205527
tune_20260929	ratio_0.05	bloodmnist	mv_mean	seed_44	0.9300176152447075	0.7616580310880829
tune_20260929	ratio_0.05	bloodmnist	mv_rob	seed_42	0.911385515860305	0.7132987910189983
tune_20260929	ratio_0.05	bloodmnist	mv_rob	seed_43	0.9392082153894682	0.7892918825561313
tune_20260929	ratio_0.05	bloodmnist	mv_rob	seed_44	0.9220206504000508	0.7426597582037997
tune_20260929	ratio_0.02	bloodmnist	csc_l025	seed_42	0.8495698647156457	0.5215889464594128
tune_20260929	ratio_0.02	bloodmnist	csc_l025	seed_43	0.8630538770796208	0.6476683937823834
tune_20260929	ratio_0.02	bloodmnist	csc_l025	seed_44	0.8778816536839281	0.689119170984456
tune_20260929	ratio_0.02	bloodmnist	csc_l075	seed_42	0.8411499967922618	0.5284974093264249
tune_20260929	ratio_0.02	bloodmnist	csc_l075	seed_43	0.8401473618135216	0.5682210708117443
tune_20260929	ratio_0.02	bloodmnist	csc_l075	seed_44	0.8326288381684235	0.6286701208981001
tune_20260929	ratio_0.02	bloodmnist	csc_l100	seed_42	0.833801965473143	0.5561312607944733
tune_20260929	ratio_0.02	bloodmnist	csc_l100	seed_43	0.8611996107012435	0.5941278065630398
tune_20260929	ratio_0.02	bloodmnist	csc_l100	seed_44	0.8653398982074978	0.6735751295336787
tune_20260929	ratio_0.02	bloodmnist	csc_k15	seed_42	0.8053493208645156	0.5682210708117443
tune_20260929	ratio_0.02	bloodmnist	csc_k15	seed_43	0.8504158613635688	0.5872193436960277
tune_20260929	ratio_0.02	bloodmnist	csc_k15	seed_44	0.8537827623991793	0.6822107081174439
tune_20260929	ratio_0.02	bloodmnist	csc_k150	seed_42	0.8233620880035727	0.5664939550949913
tune_20260929	ratio_0.02	bloodmnist	csc_k150	seed_43	0.8127626048097456	0.6027633851468048
tune_20260929	ratio_0.02	bloodmnist	csc_k150	seed_44	0.8143738463100386	0.5975820379965457
tune_20260929	ratio_0.02	bloodmnist	csc_cos	seed_42	0.7867093999631615	0.5924006908462867
tune_20260929	ratio_0.02	bloodmnist	csc_cos	seed_43	0.8556108029073852	0.6718480138169257
tune_20260929	ratio_0.02	bloodmnist	csc_cos	seed_44	0.8282252864938346	0.5993091537132987
tune_20260929	ratio_0.02	bloodmnist	mv_mean	seed_45	0.8543915763396814	0.6580310880829016
tune_20260929	ratio_0.02	bloodmnist	mv_mean	seed_46	0.839573158090063	0.6321243523316062
tune_20260929	ratio_0.02	organamnist	csc_l025	seed_42	0.8715280128733707	0.7078488372093024
tune_20260929	ratio_0.02	organamnist	csc_l025	seed_43	0.8922712108751161	0.7228682170542635
tune_20260929	ratio_0.02	organamnist	csc_l025	seed_44	0.8814353337464951	0.7078488372093024
tune_20260929	ratio_0.02	organamnist	csc_l075	seed_42	0.8591443603518104	0.6744186046511628
tune_20260929	ratio_0.02	organamnist	csc_l075	seed_43	0.8790057828301037	0.6913759689922481
tune_20260929	ratio_0.02	organamnist	csc_l075	seed_44	0.8609186344191238	0.6947674418604651
tune_20260929	ratio_0.02	organamnist	csc_l100	seed_42	0.865064446206227	0.7156007751937985
tune_20260929	ratio_0.02	organamnist	csc_l100	seed_43	0.877303892972764	0.6627906976744186
tune_20260929	ratio_0.02	organamnist	csc_l100	seed_44	0.8774037977693211	0.7068798449612403
tune_20260929	ratio_0.02	organamnist	csc_k15	seed_42	0.8749904714642228	0.7068798449612403
tune_20260929	ratio_0.02	organamnist	csc_k15	seed_43	0.8798711681103288	0.7034883720930233
tune_20260929	ratio_0.02	organamnist	csc_k15	seed_44	0.8755065506053132	0.7354651162790697
tune_20260929	ratio_0.02	organamnist	csc_k150	seed_42	0.8800502589404876	0.7155216284987277
tune_20260929	ratio_0.02	organamnist	csc_k150	seed_43	0.8912058719774977	0.6996124031007752
tune_20260929	ratio_0.02	organamnist	csc_k150	seed_44	0.8868421567272841	0.7068798449612403
tune_20260929	ratio_0.02	organamnist	csc_cos	seed_42	0.8706769167792391	0.7093023255813954
tune_20260929	ratio_0.02	organamnist	csc_cos	seed_43	0.8806737124552246	0.7156007751937985
tune_20260929	ratio_0.02	organamnist	csc_cos	seed_44	0.8795442661023736	0.7129770992366412
tune_20260929	ratio_0.02	organamnist	cls_clip	seed_45	0.8865335445266549	0.687984496124031
tune_20260929	ratio_0.02	organamnist	cls_clip	seed_46	0.8669752361307606	0.5998062015503876
tune_20260929	ratio_0.05	organamnist	tdgs_mask	seed_42	0.9153847345523513	0.749515503875969
