dataset,paired_seed,algorithm,status,ratio,selection_seed,training_seed,image_size,epochs,dynamics_epochs,deterministic,train_source,selection_source,test_source,augment,config_hash,ACC,BA,worst_class_recall,run_path
organsmnist,0,random,COMPLETE,0.02,0,0,224,1000,200,True,clean,clean,clean,0,8c5a7b9b6e384d0af8d55788a2de488d6f8be36390159ee1605c3f66fd598015,0.6022431177070352,0.5858855707492588,0.3522727272727273,/project/PROJECT_ROOT/USER/reliability_medmnistc_ab/table1_clean_only_20260922/formal/organsmnist/seed_0/results/organsmnist/random/ratio_0.02/selection_seed_0/train_seed_0/aug_0
organsmnist,0,el2n_top,COMPLETE,0.02,0,0,224,1000,200,True,clean,clean,clean,0,9a0a6d894c48d261b26c43a71e09616b06fc1754678704fcfec8e075203823b5,0.42981760507533706,0.38105762365741014,0.10424422933730454,/project/PROJECT_ROOT/USER/reliability_medmnistc_ab/table1_clean_only_20260922/formal/organsmnist/seed_0/results/organsmnist/el2n_top/ratio_0.02/selection_seed_0/train_seed_0/aug_0
organsmnist,0,forgetting,COMPLETE,0.02,0,0,224,1000,200,True,clean,clean,clean,0,e3c7daaa9c4d641d142a9e6562579abfd40187266e99a770408205f27574314a,0.4354820437294664,0.41401207556225744,0.15295815295815296,/project/PROJECT_ROOT/USER/reliability_medmnistc_ab/table1_clean_only_20260922/formal/organsmnist/seed_0/results/organsmnist/forgetting/ratio_0.02/selection_seed_0/train_seed_0/aug_0
organsmnist,0,eva,COMPLETE,0.02,0,0,224,1000,200,True,clean,clean,clean,0,88e40ddcdf65852f1df00327494adc143827cd217be5b452bb56879ebad7bcbf,0.5768664325365356,0.5350143983986508,0.16173120728929385,/project/PROJECT_ROOT/USER/reliability_medmnistc_ab/table1_clean_only_20260922/formal/organsmnist/seed_0/results/organsmnist/eva/ratio_0.02/selection_seed_0/train_seed_0/aug_0
organsmnist,0,facility,COMPLETE,0.02,0,0,224,1000,200,True,clean,clean,clean,0,754c711c33ec3b10d40021b6862c193216285d3e2c7b51f97d381923798e2609,0.6601336807522374,0.637170117656711,0.38816738816738816,/project/PROJECT_ROOT/USER/reliability_medmnistc_ab/table1_clean_only_20260922/formal/organsmnist/seed_0/results/organsmnist/facility/ratio_0.02/selection_seed_0/train_seed_0/aug_0
organsmnist,0,fps,COMPLETE,0.02,0,0,224,1000,200,True,clean,clean,clean,0,23f1ad691ec4eb2bc0c32bde2614d41de7409b90c42815765f93ecf09f83a483,0.6115327970998075,0.5947746971168103,0.34054834054834054,/project/PROJECT_ROOT/USER/reliability_medmnistc_ab/table1_clean_only_20260922/formal/organsmnist/seed_0/results/organsmnist/fps/ratio_0.02/selection_seed_0/train_seed_0/aug_0
organsmnist,0,herding,COMPLETE,0.02,0,0,224,1000,200,True,clean,clean,clean,0,59f15177c1f683bb3e30b9be2eb61e641fee5ddd47ed8c9d1156fda43ddd5921,0.6807522374532684,0.6526828529760593,0.3968253968253968,/project/PROJECT_ROOT/USER/reliability_medmnistc_ab/table1_clean_only_20260922/formal/organsmnist/seed_0/results/organsmnist/herding/ratio_0.02/selection_seed_0/train_seed_0/aug_0
organsmnist,0,graph_a2,COMPLETE,0.02,0,0,224,1000,200,True,clean,clean,clean,0,358c848020b8f3b144afc7a90b7cb3fb11bd513bb778c38950abf9170a8f10d0,0.6532230655941996,0.6297349414857034,0.39826839826839827,/project/PROJECT_ROOT/USER/reliability_medmnistc_ab/table1_clean_only_20260922/formal/organsmnist/seed_0/results/organsmnist/graph_a2/ratio_0.02/selection_seed_0/train_seed_0/aug_0
organsmnist,1,random,COMPLETE,0.02,1,1,224,1000,200,True,clean,clean,clean,0,7d0bbc6820c3a5991bdcad9106729ff8bcdebd7578700b556f525f7ef0cdc7f3,0.6417808995128583,0.6153920839879355,0.3059163059163059,/project/PROJECT_ROOT/USER/reliability_medmnistc_ab/table1_clean_only_20260922/formal/organsmnist/seed_1/results/organsmnist/random/ratio_0.02/selection_seed_1/train_seed_1/aug_0
organsmnist,1,el2n_top,COMPLETE,0.02,1,1,224,1000,200,True,clean,clean,clean,0,1c796312281fa019e81078bac0220e98ba81729c10198a4e7fdf07142750fcf7,0.44137305992976095,0.4286763732964433,0.09297520661157024,/project/PROJECT_ROOT/USER/reliability_medmnistc_ab/table1_clean_only_20260922/formal/organsmnist/seed_1/results/organsmnist/el2n_top/ratio_0.02/selection_seed_1/train_seed_1/aug_0
organsmnist,1,forgetting,COMPLETE,0.02,1,1,224,1000,200,True,clean,clean,clean,0,d1dfe92511f078e971bb6272761164130d34e6a045c57a118127ebb0e8168830,0.49201314149767755,0.43774820195677877,0.17752808988764046,/project/PROJECT_ROOT/USER/reliability_medmnistc_ab/table1_clean_only_20260922/formal/organsmnist/seed_1/results/organsmnist/forgetting/ratio_0.02/selection_seed_1/train_seed_1/aug_0
organsmnist,1,eva,COMPLETE,0.02,1,1,224,1000,200,True,clean,clean,clean,0,6eec43b18b663f2e82c4b925de6e0080bfaba27276a451f1b1d3e289ecb259f9,0.5286054152033534,0.5113624626033779,0.1443001443001443,/project/PROJECT_ROOT/USER/reliability_medmnistc_ab/table1_clean_only_20260922/formal/organsmnist/seed_1/results/organsmnist/eva/ratio_0.02/selection_seed_1/train_seed_1/aug_0
organsmnist,1,facility,COMPLETE,0.02,1,1,224,1000,200,True,clean,clean,clean,0,5f82eba022f21411a8751fb58c25e774a8e0f861d738121b4946a47d624001d4,0.6235414070465617,0.627900411233685,0.3578643578643579,/project/PROJECT_ROOT/USER/reliability_medmnistc_ab/table1_clean_only_20260922/formal/organsmnist/seed_1/results/organsmnist/facility/ratio_0.02/selection_seed_1/train_seed_1/aug_0
organsmnist,1,fps,COMPLETE,0.02,1,1,224,1000,200,True,clean,clean,clean,0,1068ff705178c57d6f8316c66b5d7c0886d9d104102364e9339b001f70d9c15b,0.57924549677127,0.5713151330903327,0.26292134831460673,/project/PROJECT_ROOT/USER/reliability_medmnistc_ab/table1_clean_only_20260922/formal/organsmnist/seed_1/results/organsmnist/fps/ratio_0.02/selection_seed_1/train_seed_1/aug_0
organsmnist,1,herding,COMPLETE,0.02,1,1,224,1000,200,True,clean,clean,clean,0,3fcff6becfbed0e121ba9b16165d25024c1387ad10f34e07571cd79c2cb79ce0,0.6471054718477399,0.6299207121357633,0.4005681818181818,/project/PROJECT_ROOT/USER/reliability_medmnistc_ab/table1_clean_only_20260922/formal/organsmnist/seed_1/results/organsmnist/herding/ratio_0.02/selection_seed_1/train_seed_1/aug_0
organsmnist,1,graph_a2,COMPLETE,0.02,1,1,224,1000,200,True,clean,clean,clean,0,9779ad48e0a50597e3728e54de1c6f95339078c46495f7dc431f55a8243df85c,0.6731618896567351,0.6484563596668786,0.4191343963553531,/project/PROJECT_ROOT/USER/reliability_medmnistc_ab/table1_clean_only_20260922/formal/organsmnist/seed_1/results/organsmnist/graph_a2/ratio_0.02/selection_seed_1/train_seed_1/aug_0
organsmnist,2,random,COMPLETE,0.02,2,2,224,1000,200,True,clean,clean,clean,0,3a7240dea6cfd76fe6ce0e50c282851f7e6b323673a1ae85206fa6c2b5a556de,0.6326045088931687,0.6122639225605686,0.3120728929384966,/project/PROJECT_ROOT/USER/reliability_medmnistc_ab/table1_clean_only_20260922/formal/organsmnist/seed_2/results/organsmnist/random/ratio_0.02/selection_seed_2/train_seed_2/aug_0
organsmnist,2,el2n_top,COMPLETE,0.02,2,2,224,1000,200,True,clean,clean,clean,0,fc7172b72cbc2f21572c164ab252aef6e0db003aff84fa16c5e02dd5d3134c9f,0.38722102639628414,0.4120864057871358,0.07222635889798958,/project/PROJECT_ROOT/USER/reliability_medmnistc_ab/table1_clean_only_20260922/formal/organsmnist/seed_2/results/organsmnist/el2n_top/ratio_0.02/selection_seed_2/train_seed_2/aug_0
organsmnist,2,forgetting,COMPLETE,0.02,2,2,224,1000,200,True,clean,clean,clean,0,e1524dfbb4645619e3109df538566c998896be0deb4ece23387dcfb9ef8c5431,0.48147728560099695,0.4878741811777854,0.19460227272727273,/project/PROJECT_ROOT/USER/reliability_medmnistc_ab/table1_clean_only_20260922/formal/organsmnist/seed_2/results/organsmnist/forgetting/ratio_0.02/selection_seed_2/train_seed_2/aug_0
organsmnist,2,eva,COMPLETE,0.02,2,2,224,1000,200,True,clean,clean,clean,0,3b08967009fbe7754d049305bccfa268cb788c0fadd8422cf8b182415d17fa98,0.44805709754163364,0.44794743504764917,0.1867881548974943,/project/PROJECT_ROOT/USER/reliability_medmnistc_ab/table1_clean_only_20260922/formal/organsmnist/seed_2/results/organsmnist/eva/ratio_0.02/selection_seed_2/train_seed_2/aug_0
organsmnist,2,facility,COMPLETE,0.02,2,2,224,1000,200,True,clean,clean,clean,0,c8ffc64539c54a5f1c70e36895cb83e64668fb83af4c0a3950fc910ade447b40,0.6068879574034213,0.6026145452440901,0.3694083694083694,/project/PROJECT_ROOT/USER/reliability_medmnistc_ab/table1_clean_only_20260922/formal/organsmnist/seed_2/results/organsmnist/facility/ratio_0.02/selection_seed_2/train_seed_2/aug_0
organsmnist,2,fps,COMPLETE,0.02,2,2,224,1000,200,True,clean,clean,clean,0,c80a653b870c32728dff1c5a4a1e5e41711b82195a8381709e4e34ad94af3ad8,0.6110796420074771,0.6177580737172871,0.38095238095238093,/project/PROJECT_ROOT/USER/reliability_medmnistc_ab/table1_clean_only_20260922/formal/organsmnist/seed_2/results/organsmnist/fps/ratio_0.02/selection_seed_2/train_seed_2/aug_0
organsmnist,2,herding,COMPLETE,0.02,2,2,224,1000,200,True,clean,clean,clean,0,2aa5ea7072545b8bfba0e0a0bab5e20eb304d48ad64180158dafbf6c584f6d06,0.6629659000793021,0.6380402947907545,0.33766233766233766,/project/PROJECT_ROOT/USER/reliability_medmnistc_ab/table1_clean_only_20260922/formal/organsmnist/seed_2/results/organsmnist/herding/ratio_0.02/selection_seed_2/train_seed_2/aug_0
organsmnist,2,graph_a2,COMPLETE,0.02,2,2,224,1000,200,True,clean,clean,clean,0,c73317b447ef8641c820a08789ad61c32583609e41919cb96c099989bfe18740,0.6428004984706016,0.6226130014067547,0.3806818181818182,/project/PROJECT_ROOT/USER/reliability_medmnistc_ab/table1_clean_only_20260922/formal/organsmnist/seed_2/results/organsmnist/graph_a2/ratio_0.02/selection_seed_2/train_seed_2/aug_0
organsmnist,3,random,COMPLETE,0.02,3,3,224,1000,200,True,clean,clean,clean,0,b1c074e26d96eda5629fe642ada164253ba9e9384585b0d0251b7650d4e9cb97,0.6063215135380083,0.6122815829813093,0.36079545454545453,/project/PROJECT_ROOT/USER/reliability_medmnistc_ab/table1_clean_only_20260922/formal/organsmnist/seed_3/results/organsmnist/random/ratio_0.02/selection_seed_3/train_seed_3/aug_0
organsmnist,3,el2n_top,COMPLETE,0.02,3,3,224,1000,200,True,clean,clean,clean,0,4a0efd536cfd41d13bfbbcedafb3e45d6157b43f3c30aa84dd92682cba0259ce,0.46357765945394813,0.4099639607777862,0.12509307520476545,/project/PROJECT_ROOT/USER/reliability_medmnistc_ab/table1_clean_only_20260922/formal/organsmnist/seed_3/results/organsmnist/el2n_top/ratio_0.02/selection_seed_3/train_seed_3/aug_0
organsmnist,3,forgetting,COMPLETE,0.02,3,3,224,1000,200,True,clean,clean,clean,0,e3d0d04ce455ee0569b15f183bb079d20be9e62ab4dabd830db5a0c9de23c209,0.45168233828027643,0.42377260319823296,0.1101123595505618,/project/PROJECT_ROOT/USER/reliability_medmnistc_ab/table1_clean_only_20260922/formal/organsmnist/seed_3/results/organsmnist/forgetting/ratio_0.02/selection_seed_3/train_seed_3/aug_0
organsmnist,3,eva,COMPLETE,0.02,3,3,224,1000,200,True,clean,clean,clean,0,bc767731118c20f514b78488d76cb134a1507e7f2fc2cebb92b9a6f40c8fa83c,0.5276991050186927,0.49492905193481407,0.2853932584269663,/project/PROJECT_ROOT/USER/reliability_medmnistc_ab/table1_clean_only_20260922/formal/organsmnist/seed_3/results/organsmnist/eva/ratio_0.02/selection_seed_3/train_seed_3/aug_0
organsmnist,3,facility,COMPLETE,0.02,3,3,224,1000,200,True,clean,clean,clean,0,a21d28188b834f60d8091084a80e7a14f2cde8ed46d2919c4559cec282a1f7a6,0.6481250708054832,0.6368828834841754,0.31601731601731603,/project/PROJECT_ROOT/USER/reliability_medmnistc_ab/table1_clean_only_20260922/formal/organsmnist/seed_3/results/organsmnist/facility/ratio_0.02/selection_seed_3/train_seed_3/aug_0
organsmnist,3,fps,COMPLETE,0.02,3,3,224,1000,200,True,clean,clean,clean,0,31d07bfa2ec0592776cbf5823ed6734ab4e1b7e7898ea1caec44e0eb9678668b,0.5459385974849892,0.5368553133285261,0.2727272727272727,/project/PROJECT_ROOT/USER/reliability_medmnistc_ab/table1_clean_only_20260922/formal/organsmnist/seed_3/results/organsmnist/fps/ratio_0.02/selection_seed_3/train_seed_3/aug_0
organsmnist,3,herding,COMPLETE,0.02,3,3,224,1000,200,True,clean,clean,clean,0,f8d42bb66d55803f2029c703b2d9cb58d264d5ffc5fed669cb78d70eaec9e4f3,0.6587742154752464,0.6313048375260212,0.36363636363636365,/project/PROJECT_ROOT/USER/reliability_medmnistc_ab/table1_clean_only_20260922/formal/organsmnist/seed_3/results/organsmnist/herding/ratio_0.02/selection_seed_3/train_seed_3/aug_0
organsmnist,3,graph_a2,COMPLETE,0.02,3,3,224,1000,200,True,clean,clean,clean,0,35aef3418eb3265d25649e4b87bbde48ea1128fe2bf87a0f44dcf5ace6e7be97,0.6411011668743628,0.6124343537498167,0.39761727475800446,/project/PROJECT_ROOT/USER/reliability_medmnistc_ab/table1_clean_only_20260922/formal/organsmnist/seed_3/results/organsmnist/graph_a2/ratio_0.02/selection_seed_3/train_seed_3/aug_0
organsmnist,4,random,COMPLETE,0.02,4,4,224,1000,200,True,clean,clean,clean,0,fe2f35b3b82bce42ec2957f06a359d374292a9ace42dd8c83ab2a78ab206ffd4,0.6253540274158831,0.6046385716236345,0.3325740318906606,/project/PROJECT_ROOT/USER/reliability_medmnistc_ab/table1_clean_only_20260922/formal/organsmnist/seed_4/results/organsmnist/random/ratio_0.02/selection_seed_4/train_seed_4/aug_0
organsmnist,4,el2n_top,COMPLETE,0.02,4,4,224,1000,200,True,clean,clean,clean,0,2cd23696857185793c178ee508033fd992beb66964cdefbad8a587a36ede20b9,0.3892602243117707,0.3980159191620867,0.12215909090909091,/project/PROJECT_ROOT/USER/reliability_medmnistc_ab/table1_clean_only_20260922/formal/organsmnist/seed_4/results/organsmnist/el2n_top/ratio_0.02/selection_seed_4/train_seed_4/aug_0
organsmnist,4,forgetting,COMPLETE,0.02,4,4,224,1000,200,True,clean,clean,clean,0,d12660ae441a376aaa296e4d5226dbad832279a09e063ab186e59808c46659aa,0.5321173671689136,0.46490477615938114,0.1845102505694761,/project/PROJECT_ROOT/USER/reliability_medmnistc_ab/table1_clean_only_20260922/formal/organsmnist/seed_4/results/organsmnist/forgetting/ratio_0.02/selection_seed_4/train_seed_4/aug_0
organsmnist,4,eva,COMPLETE,0.02,4,4,224,1000,200,True,clean,clean,clean,0,5d706d965c63a9dd952c616ab2865145909dad84539360e7b0cd373504ec66b1,0.47887164382009745,0.47138047546852274,0.21875,/project/PROJECT_ROOT/USER/reliability_medmnistc_ab/table1_clean_only_20260922/formal/organsmnist/seed_4/results/organsmnist/eva/ratio_0.02/selection_seed_4/train_seed_4/aug_0
organsmnist,4,facility,COMPLETE,0.02,4,4,224,1000,200,True,clean,clean,clean,0,6b5f06264c31ed951f08f36e9259af8b4cace897f27c4bed66a434d960ab4b3c,0.6246742947773876,0.6155441191410008,0.3432613551749814,/project/PROJECT_ROOT/USER/reliability_medmnistc_ab/table1_clean_only_20260922/formal/organsmnist/seed_4/results/organsmnist/facility/ratio_0.02/selection_seed_4/train_seed_4/aug_0
organsmnist,4,fps,COMPLETE,0.02,4,4,224,1000,200,True,clean,clean,clean,0,39761ffa27d0904fd2b3df7809eca514ad0012eaafccf46f1d2c07399b84ed6e,0.6352101506740682,0.5966499062522661,0.3153409090909091,/project/PROJECT_ROOT/USER/reliability_medmnistc_ab/table1_clean_only_20260922/formal/organsmnist/seed_4/results/organsmnist/fps/ratio_0.02/selection_seed_4/train_seed_4/aug_0
organsmnist,4,herding,COMPLETE,0.02,4,4,224,1000,200,True,clean,clean,clean,0,683e9c576a444c1973675fca5224eefa3c1ff7f7f2c4e5bccff203804af93db0,0.6698765152373399,0.6447792441141793,0.34054834054834054,/project/PROJECT_ROOT/USER/reliability_medmnistc_ab/table1_clean_only_20260922/formal/organsmnist/seed_4/results/organsmnist/herding/ratio_0.02/selection_seed_4/train_seed_4/aug_0
organsmnist,4,graph_a2,COMPLETE,0.02,4,4,224,1000,200,True,clean,clean,clean,0,79435f586cd65b3bd8ec6e208e1c5884eb4924916d1dab26a0cbeb1a72179166,0.6254673161889657,0.612822828296834,0.3366477272727273,/project/PROJECT_ROOT/USER/reliability_medmnistc_ab/table1_clean_only_20260922/formal/organsmnist/seed_4/results/organsmnist/graph_a2/ratio_0.02/selection_seed_4/train_seed_4/aug_0
organsmnist,5,random,COMPLETE,0.02,5,5,224,1000,200,True,clean,clean,clean,0,6157473dbb3db82938cbd9bc7742372a9eaab87474509f2a02ea35d2c91ace02,0.6156111929307806,0.5897190179025883,0.31235955056179776,/project/PROJECT_ROOT/USER/reliability_medmnistc_ab/table1_clean_only_20260922/formal/organsmnist/seed_5/results/organsmnist/random/ratio_0.02/selection_seed_5/train_seed_5/aug_0
organsmnist,5,el2n_top,COMPLETE,0.02,5,5,224,1000,200,True,clean,clean,clean,0,4196ca17fec3ffcbaae2ea5db114098e1fab1df5db298028b2efb990f9fafd8d,0.4499830066840376,0.41911364205152707,0.114668652271035,/project/PROJECT_ROOT/USER/reliability_medmnistc_ab/table1_clean_only_20260922/formal/organsmnist/seed_5/results/organsmnist/el2n_top/ratio_0.02/selection_seed_5/train_seed_5/aug_0
organsmnist,5,forgetting,COMPLETE,0.02,5,5,224,1000,200,True,clean,clean,clean,0,3fb5cfa19bce5841b4112715f6a4f4554dcbc130dbb43b7555fd73769f26374f,0.4451115894414863,0.43259536120852876,0.15261958997722094,/project/PROJECT_ROOT/USER/reliability_medmnistc_ab/table1_clean_only_20260922/formal/organsmnist/seed_5/results/organsmnist/forgetting/ratio_0.02/selection_seed_5/train_seed_5/aug_0
organsmnist,5,eva,COMPLETE,0.02,5,5,224,1000,200,True,clean,clean,clean,0,7a915ef0293d23855491d854a94f6c2d8c698cfdddf0fe1f1e22858fa07bfd7a,0.43242324685623656,0.46275922809311115,0.31601731601731603,/project/PROJECT_ROOT/USER/reliability_medmnistc_ab/table1_clean_only_20260922/formal/organsmnist/seed_5/results/organsmnist/eva/ratio_0.02/selection_seed_5/train_seed_5/aug_0
organsmnist,5,facility,COMPLETE,0.02,5,5,224,1000,200,True,clean,clean,clean,0,672b5b28bc947c46c04d9b263239ff569364861bdd55e1e449e07d8dc261b430,0.6582077716098335,0.636722849529601,0.34232954545454547,/project/PROJECT_ROOT/USER/reliability_medmnistc_ab/table1_clean_only_20260922/formal/organsmnist/seed_5/results/organsmnist/facility/ratio_0.02/selection_seed_5/train_seed_5/aug_0
organsmnist,5,fps,COMPLETE,0.02,5,5,224,1000,200,True,clean,clean,clean,0,46cdad0731c79e5ed4f0b8a5d00b4ef6a6a0681e6a9cd2eefea39e0bccd2eb2a,0.6140251501076244,0.5977573488522623,0.2510822510822511,/project/PROJECT_ROOT/USER/reliability_medmnistc_ab/table1_clean_only_20260922/formal/organsmnist/seed_5/results/organsmnist/fps/ratio_0.02/selection_seed_5/train_seed_5/aug_0
organsmnist,5,herding,COMPLETE,0.02,5,5,224,1000,200,True,clean,clean,clean,0,df1e1d34e04c41b8f1cc713a396e8ec955fe829c47b2468c6a6b47ece81bb4d4,0.6417808995128583,0.6188005451610468,0.38816738816738816,/project/PROJECT_ROOT/USER/reliability_medmnistc_ab/table1_clean_only_20260922/formal/organsmnist/seed_5/results/organsmnist/herding/ratio_0.02/selection_seed_5/train_seed_5/aug_0
organsmnist,5,graph_a2,COMPLETE,0.02,5,5,224,1000,200,True,clean,clean,clean,0,8ab5bfefbc8a083f7a4df5a335211f53b5677872c521db3b3ea80a2e38a461e9,0.6389486801857935,0.6110308756993896,0.38636363636363635,/project/PROJECT_ROOT/USER/reliability_medmnistc_ab/table1_clean_only_20260922/formal/organsmnist/seed_5/results/organsmnist/graph_a2/ratio_0.02/selection_seed_5/train_seed_5/aug_0
organsmnist,6,random,COMPLETE,0.02,6,6,224,1000,200,True,clean,clean,clean,0,91a7c5f5446eb728fbb68c60d0eb1174d8f000c5de1e88bc4467760e6b36139a,0.6298855783391866,0.6038105032121317,0.37073863636363635,/project/PROJECT_ROOT/USER/reliability_medmnistc_ab/table1_clean_only_20260922/formal/organsmnist/seed_6/results/organsmnist/random/ratio_0.02/selection_seed_6/train_seed_6/aug_0
organsmnist,6,el2n_top,COMPLETE,0.02,6,6,224,1000,200,True,clean,clean,clean,0,ba25dc5a6275bec850de3020058786752918a453e3126d59215c2ac7a24ea3e4,0.4140704656168574,0.3979150064532529,0.16455696202531644,/project/PROJECT_ROOT/USER/reliability_medmnistc_ab/table1_clean_only_20260922/formal/organsmnist/seed_6/results/organsmnist/el2n_top/ratio_0.02/selection_seed_6/train_seed_6/aug_0
organsmnist,6,forgetting,COMPLETE,0.02,6,6,224,1000,200,True,clean,clean,clean,0,a5d2cf6e23cb8b8f7bdba513f0c35c06e04b84e71d16f61d4dfa1114d34ba309,0.48929421094369546,0.49008046955608225,0.2099776619508563,/project/PROJECT_ROOT/USER/reliability_medmnistc_ab/table1_clean_only_20260922/formal/organsmnist/seed_6/results/organsmnist/forgetting/ratio_0.02/selection_seed_6/train_seed_6/aug_0
organsmnist,6,eva,COMPLETE,0.02,6,6,224,1000,200,True,clean,clean,clean,0,94ce10f9027f959c82d842d54348bf6307c7f2fef6f66ba9561708092cb0c5ca,0.5202220459952419,0.49593248966391595,0.21891288160833955,/project/PROJECT_ROOT/USER/reliability_medmnistc_ab/table1_clean_only_20260922/formal/organsmnist/seed_6/results/organsmnist/eva/ratio_0.02/selection_seed_6/train_seed_6/aug_0
organsmnist,6,facility,COMPLETE,0.02,6,6,224,1000,200,True,clean,clean,clean,0,83c3511262a3c926c4448bba67098b154b96f0b6ef66817c901def05721056cc,0.6357765945394811,0.6176172121243152,0.35064935064935066,/project/PROJECT_ROOT/USER/reliability_medmnistc_ab/table1_clean_only_20260922/formal/organsmnist/seed_6/results/organsmnist/facility/ratio_0.02/selection_seed_6/train_seed_6/aug_0
organsmnist,6,fps,COMPLETE,0.02,6,6,224,1000,200,True,clean,clean,clean,0,34319823b23da13c601cac1cdf64fe964fd326534e37ca2a2b6a83a0462db1d5,0.6145915939730373,0.5841774687563891,0.3665223665223665,/project/PROJECT_ROOT/USER/reliability_medmnistc_ab/table1_clean_only_20260922/formal/organsmnist/seed_6/results/organsmnist/fps/ratio_0.02/selection_seed_6/train_seed_6/aug_0
organsmnist,6,herding,COMPLETE,0.02,6,6,224,1000,200,True,clean,clean,clean,0,dc82eabe85fdcee9ddbb4255396a26702a3d4fe44134029efbdc7a6c23436b88,0.6571881726520902,0.6300287633917488,0.39204545454545453,/project/PROJECT_ROOT/USER/reliability_medmnistc_ab/table1_clean_only_20260922/formal/organsmnist/seed_6/results/organsmnist/herding/ratio_0.02/selection_seed_6/train_seed_6/aug_0
organsmnist,6,graph_a2,COMPLETE,0.02,6,6,224,1000,200,True,clean,clean,clean,0,54a9b78b7f9d7d468acd39377d92aa7d8f86347b56d8df3c90e05426549e19bb,0.6198028775348363,0.5995037918007411,0.29829545454545453,/project/PROJECT_ROOT/USER/reliability_medmnistc_ab/table1_clean_only_20260922/formal/organsmnist/seed_6/results/organsmnist/graph_a2/ratio_0.02/selection_seed_6/train_seed_6/aug_0
organsmnist,2026,random,COMPLETE,0.02,2026,2026,224,1000,200,True,clean,clean,clean,0,7920553d9af70e0a880be8dfdc73d25cbd960ffb942916ba296b089e14d256dd,0.6319247762546731,0.629294228631523,0.37806637806637805,/project/PROJECT_ROOT/USER/reliability_medmnistc_ab/table1_clean_only_20260922/formal/organsmnist/seed_2026/results/organsmnist/random/ratio_0.02/selection_seed_2026/train_seed_2026/aug_0
organsmnist,2026,el2n_top,COMPLETE,0.02,2026,2026,224,1000,200,True,clean,clean,clean,0,25582b650f64176b095df94db1b83a4775333e6d6e5ff51644be35e9ee9fbcb2,0.4218873909595559,0.40675671666817403,0.07892777364110201,/project/PROJECT_ROOT/USER/reliability_medmnistc_ab/table1_clean_only_20260922/formal/organsmnist/seed_2026/results/organsmnist/el2n_top/ratio_0.02/selection_seed_2026/train_seed_2026/aug_0
organsmnist,2026,forgetting,COMPLETE,0.02,2026,2026,224,1000,200,True,clean,clean,clean,0,f2937430ffac0576e01fba57a63f23bbcadc0b1821d1a393396c7f24f8895254,0.5007363770250368,0.44096604919608196,0.11235955056179775,/project/PROJECT_ROOT/USER/reliability_medmnistc_ab/table1_clean_only_20260922/formal/organsmnist/seed_2026/results/organsmnist/forgetting/ratio_0.02/selection_seed_2026/train_seed_2026/aug_0
organsmnist,2026,eva,COMPLETE,0.02,2026,2026,224,1000,200,True,clean,clean,clean,0,4845322308a28d34efe935d1566b9e745d83abb64b389ec8fc0d303f4aec1de7,0.4981307352441373,0.4997188541433051,0.1550561797752809,/project/PROJECT_ROOT/USER/reliability_medmnistc_ab/table1_clean_only_20260922/formal/organsmnist/seed_2026/results/organsmnist/eva/ratio_0.02/selection_seed_2026/train_seed_2026/aug_0
organsmnist,2026,facility,COMPLETE,0.02,2026,2026,224,1000,200,True,clean,clean,clean,0,438bde712c8d6362c4793dead9f2408a7fed858d4ad8d0edaeecb28f50a5a13b,0.6524300441826215,0.6341057952131584,0.3940774487471526,/project/PROJECT_ROOT/USER/reliability_medmnistc_ab/table1_clean_only_20260922/formal/organsmnist/seed_2026/results/organsmnist/facility/ratio_0.02/selection_seed_2026/train_seed_2026/aug_0
organsmnist,2026,fps,COMPLETE,0.02,2026,2026,224,1000,200,True,clean,clean,clean,0,3b6768ab3d36cc9b2af1e067c42e43e742c23245405b6eb333e839c6bf2b7ba8,0.6192364336694234,0.5997894256923421,0.37518037518037517,/project/PROJECT_ROOT/USER/reliability_medmnistc_ab/table1_clean_only_20260922/formal/organsmnist/seed_2026/results/organsmnist/fps/ratio_0.02/selection_seed_2026/train_seed_2026/aug_0
organsmnist,2026,herding,COMPLETE,0.02,2026,2026,224,1000,200,True,clean,clean,clean,0,64d8695ae79986db9700af473e1951603c04a13997ac0d45f9e553484285c623,0.6763339753030475,0.6466296315989416,0.3707865168539326,/project/PROJECT_ROOT/USER/reliability_medmnistc_ab/table1_clean_only_20260922/formal/organsmnist/seed_2026/results/organsmnist/herding/ratio_0.02/selection_seed_2026/train_seed_2026/aug_0
organsmnist,2026,graph_a2,COMPLETE,0.02,2026,2026,224,1000,200,True,clean,clean,clean,0,5f1a465760823209c462eaf589234de1d14be2db14a6e423bbc7b97bd8eb79c6,0.6800725048147729,0.6525639402301163,0.40482954545454547,/project/PROJECT_ROOT/USER/reliability_medmnistc_ab/table1_clean_only_20260922/formal/organsmnist/seed_2026/results/organsmnist/graph_a2/ratio_0.02/selection_seed_2026/train_seed_2026/aug_0
organamnist,0,random,COMPLETE,0.02,0,0,224,1000,200,True,clean,clean,clean,0,a6de738b2c2013c3772907d6eb5c97e1ee70834cb15c19c41fa9515f592d38cc,0.8653954325570931,0.8631742713442745,0.6792635658914729,/project/PROJECT_ROOT/USER/reliability_medmnistc_ab/table1_clean_only_20260922/formal/organamnist/seed_0/results/organamnist/random/ratio_0.02/selection_seed_0/train_seed_0/aug_0
organamnist,0,el2n_top,COMPLETE,0.02,0,0,224,1000,200,True,clean,clean,clean,0,f0f287af2b0bf5e9dfe13d19e0951adb80e33a9b1a11a136e96a9271abf58243,0.6389357633029588,0.6363497412772529,0.17199612403100775,/project/PROJECT_ROOT/USER/reliability_medmnistc_ab/table1_clean_only_20260922/formal/organamnist/seed_0/results/organamnist/el2n_top/ratio_0.02/selection_seed_0/train_seed_0/aug_0
organamnist,0,forgetting,COMPLETE,0.02,0,0,224,1000,200,True,clean,clean,clean,0,332374c3da4f06537041c2df33c3547cd4723f9dbfe44a5956424ea47e38b5c5,0.6981100236247046,0.7113110559250735,0.18778625954198475,/project/PROJECT_ROOT/USER/reliability_medmnistc_ab/table1_clean_only_20260922/formal/organamnist/seed_0/results/organamnist/forgetting/ratio_0.02/selection_seed_0/train_seed_0/aug_0
organamnist,0,eva,COMPLETE,0.02,0,0,224,1000,200,True,clean,clean,clean,0,029dc7a06508922d62314c0889ce0d847ad054f37d2e96a9d5e01aaa87b3bb84,0.6919788502643717,0.6808023624857547,0.25,/project/PROJECT_ROOT/USER/reliability_medmnistc_ab/table1_clean_only_20260922/formal/organamnist/seed_0/results/organamnist/eva/ratio_0.02/selection_seed_0/train_seed_0/aug_0
organamnist,0,facility,COMPLETE,0.02,0,0,224,1000,200,True,clean,clean,clean,0,60e83e4e06e90e03af98b7d037fe76517cfcb104dd9288277f55f62c52c3810e,0.8669141635729554,0.8703828294283098,0.6908914728682171,/project/PROJECT_ROOT/USER/reliability_medmnistc_ab/table1_clean_only_20260922/formal/organamnist/seed_0/results/organamnist/facility/ratio_0.02/selection_seed_0/train_seed_0/aug_0
organamnist,0,fps,COMPLETE,0.02,0,0,224,1000,200,True,clean,clean,clean,0,5934f64eaf30f37340097ac0ebb70fd94fa7c4f1a40649b95fbec0cd1d1c80bf,0.8709641129485881,0.8736560687001649,0.6283914728682171,/project/PROJECT_ROOT/USER/reliability_medmnistc_ab/table1_clean_only_20260922/formal/organamnist/seed_0/results/organamnist/fps/ratio_0.02/selection_seed_0/train_seed_0/aug_0
organamnist,0,herding,COMPLETE,0.02,0,0,224,1000,200,True,clean,clean,clean,0,34b8506580e30bc9bb9f93d77874c73297dbae5d21717c433c8d975f9f237353,0.8715828552143098,0.8741955538082564,0.6829516539440204,/project/PROJECT_ROOT/USER/reliability_medmnistc_ab/table1_clean_only_20260922/formal/organamnist/seed_0/results/organamnist/herding/ratio_0.02/selection_seed_0/train_seed_0/aug_0
organamnist,0,graph_a2,COMPLETE,0.02,0,0,224,1000,200,True,clean,clean,clean,0,c272cadaf944089cd40f089b8dfc65dd391ee874a2c42f9f3ecadfea8806b042,0.8668579142760715,0.8688936005829884,0.7144373673036093,/project/PROJECT_ROOT/USER/reliability_medmnistc_ab/table1_clean_only_20260922/formal/organamnist/seed_0/results/organamnist/graph_a2/ratio_0.02/selection_seed_0/train_seed_0/aug_0
organamnist,1,random,COMPLETE,0.02,1,1,224,1000,200,True,clean,clean,clean,0,2b57ff581cfb74fdfdff4e8e92adae1f3cdb5c6455ddabf6fba9d7ce146068c3,0.8600517493531331,0.8618676136433586,0.6312984496124031,/project/PROJECT_ROOT/USER/reliability_medmnistc_ab/table1_clean_only_20260922/formal/organamnist/seed_1/results/organamnist/random/ratio_0.02/selection_seed_1/train_seed_1/aug_0
organamnist,1,el2n_top,COMPLETE,0.02,1,1,224,1000,200,True,clean,clean,clean,0,696a9d21cfa9c34b04cd13d83d6bbd3779172d407e4e4c7d45265f91d6d134c1,0.6472044099448757,0.64167155590062,0.14437984496124032,/project/PROJECT_ROOT/USER/reliability_medmnistc_ab/table1_clean_only_20260922/formal/organamnist/seed_1/results/organamnist/el2n_top/ratio_0.02/selection_seed_1/train_seed_1/aug_0
organamnist,1,forgetting,COMPLETE,0.02,1,1,224,1000,200,True,clean,clean,clean,0,d6da9ee44739099476fa704c2d1cbf485da87893edbca66d8c4b461c2dbbd57a,0.7455281808977388,0.7457379677698204,0.37112403100775193,/project/PROJECT_ROOT/USER/reliability_medmnistc_ab/table1_clean_only_20260922/formal/organamnist/seed_1/results/organamnist/forgetting/ratio_0.02/selection_seed_1/train_seed_1/aug_0
organamnist,1,eva,COMPLETE,0.02,1,1,224,1000,200,True,clean,clean,clean,0,7306a5175aa70884cba862c773dbb416a328fcb2a9e2a2741e8b649dcf27a904,0.6622792215097312,0.6559047722065785,0.29941860465116277,/project/PROJECT_ROOT/USER/reliability_medmnistc_ab/table1_clean_only_20260922/formal/organamnist/seed_1/results/organamnist/eva/ratio_0.02/selection_seed_1/train_seed_1/aug_0
organamnist,1,facility,COMPLETE,0.02,1,1,224,1000,200,True,clean,clean,clean,0,74a151a6cf03e02cada549857c2152a2977489d054d51ee29068685a10474de6,0.8654516818539768,0.8688363533940084,0.6763565891472868,/project/PROJECT_ROOT/USER/reliability_medmnistc_ab/table1_clean_only_20260922/formal/organamnist/seed_1/results/organamnist/facility/ratio_0.02/selection_seed_1/train_seed_1/aug_0
organamnist,1,fps,COMPLETE,0.02,1,1,224,1000,200,True,clean,clean,clean,0,6a57b45c2f0d6d753b72371e36222a7da74835e64ea2422b1b08bb8c909fec1f,0.8510518618517269,0.854659133571282,0.5247093023255814,/project/PROJECT_ROOT/USER/reliability_medmnistc_ab/table1_clean_only_20260922/formal/organamnist/seed_1/results/organamnist/fps/ratio_0.02/selection_seed_1/train_seed_1/aug_0
organamnist,1,herding,COMPLETE,0.02,1,1,224,1000,200,True,clean,clean,clean,0,9e6701d5d98fd621f75cc325cd5359121afe0095f726e60786c75528c5d8c996,0.875801552480594,0.8797011613151932,0.689437984496124,/project/PROJECT_ROOT/USER/reliability_medmnistc_ab/table1_clean_only_20260922/formal/organamnist/seed_1/results/organamnist/herding/ratio_0.02/selection_seed_1/train_seed_1/aug_0
organamnist,1,graph_a2,COMPLETE,0.02,1,1,224,1000,200,True,clean,clean,clean,0,01414650323619160ace004433300ef4139eb45ad879d5b9f8657ade8793e6a2,0.8740015749803127,0.8759676010491474,0.7078880407124682,/project/PROJECT_ROOT/USER/reliability_medmnistc_ab/table1_clean_only_20260922/formal/organamnist/seed_1/results/organamnist/graph_a2/ratio_0.02/selection_seed_1/train_seed_1/aug_0
organamnist,2,random,COMPLETE,0.02,2,2,224,1000,200,True,clean,clean,clean,0,b86f98d24583941388f9fceb1de1c97197ee2ec5ba0c059665692d8a014f1289,0.871526605917426,0.8747323647086255,0.650381679389313,/project/PROJECT_ROOT/USER/reliability_medmnistc_ab/table1_clean_only_20260922/formal/organamnist/seed_2/results/organamnist/random/ratio_0.02/selection_seed_2/train_seed_2/aug_0
organamnist,2,el2n_top,COMPLETE,0.02,2,2,224,1000,200,True,clean,clean,clean,0,473891c018a3b0325196245807a8e03cf4b2db5bc9954d4ff8432423447bc7e0,0.6496231297108787,0.6569543305624952,0.2585241730279898,/project/PROJECT_ROOT/USER/reliability_medmnistc_ab/table1_clean_only_20260922/formal/organamnist/seed_2/results/organamnist/el2n_top/ratio_0.02/selection_seed_2/train_seed_2/aug_0
organamnist,2,forgetting,COMPLETE,0.02,2,2,224,1000,200,True,clean,clean,clean,0,9de9daa4b6f12746b7fe511800dfc87b17a41ec14472f81abcc5f176483ee2e5,0.7301158735515806,0.7369298538270823,0.17251908396946564,/project/PROJECT_ROOT/USER/reliability_medmnistc_ab/table1_clean_only_20260922/formal/organamnist/seed_2/results/organamnist/forgetting/ratio_0.02/selection_seed_2/train_seed_2/aug_0
organamnist,2,eva,COMPLETE,0.02,2,2,224,1000,200,True,clean,clean,clean,0,bc234f2f701de80d67fbd32014e8edf49525f235357dc3f836352e10803435dc,0.7310158623017212,0.7410145650273013,0.33527131782945735,/project/PROJECT_ROOT/USER/reliability_medmnistc_ab/table1_clean_only_20260922/formal/organamnist/seed_2/results/organamnist/eva/ratio_0.02/selection_seed_2/train_seed_2/aug_0
organamnist,2,facility,COMPLETE,0.02,2,2,224,1000,200,True,clean,clean,clean,0,4882d315ae30563f3a3f451822712644f1da90fea31866736d2a3d4113b010a7,0.8665204184947688,0.8714585527775944,0.6729651162790697,/project/PROJECT_ROOT/USER/reliability_medmnistc_ab/table1_clean_only_20260922/formal/organamnist/seed_2/results/organamnist/facility/ratio_0.02/selection_seed_2/train_seed_2/aug_0
organamnist,2,fps,COMPLETE,0.02,2,2,224,1000,200,True,clean,clean,clean,0,ae536d7b903f0e5729a0a8c205dd9e4c82dc2ffa84d6d9584653590e7c79da2a,0.8605579930250872,0.8672493235923178,0.5813953488372093,/project/PROJECT_ROOT/USER/reliability_medmnistc_ab/table1_clean_only_20260922/formal/organamnist/seed_2/results/organamnist/fps/ratio_0.02/selection_seed_2/train_seed_2/aug_0
organamnist,2,herding,COMPLETE,0.02,2,2,224,1000,200,True,clean,clean,clean,0,48133b9dc122e5dfdf3df5e5e43f46e910775849c25dd7809fe04afd62667d87,0.8762515468556643,0.880217108389412,0.6719961240310077,/project/PROJECT_ROOT/USER/reliability_medmnistc_ab/table1_clean_only_20260922/formal/organamnist/seed_2/results/organamnist/herding/ratio_0.02/selection_seed_2/train_seed_2/aug_0
organamnist,2,graph_a2,COMPLETE,0.02,2,2,224,1000,200,True,clean,clean,clean,0,4d3e61ed2475c87f709552d536ccb609a522bdad4adaad3dee2ec959c7f5ea83,0.8662391720103498,0.8701128681846234,0.6613372093023255,/project/PROJECT_ROOT/USER/reliability_medmnistc_ab/table1_clean_only_20260922/formal/organamnist/seed_2/results/organamnist/graph_a2/ratio_0.02/selection_seed_2/train_seed_2/aug_0
organamnist,3,random,COMPLETE,0.02,3,3,224,1000,200,True,clean,clean,clean,0,bc18aa00d0c3d250ae000e79b282cc6e8477acc02c77acfcee7f400680162b74,0.844358195522556,0.8410529768657896,0.6104651162790697,/project/PROJECT_ROOT/USER/reliability_medmnistc_ab/table1_clean_only_20260922/formal/organamnist/seed_3/results/organamnist/random/ratio_0.02/selection_seed_3/train_seed_3/aug_0
organamnist,3,el2n_top,COMPLETE,0.02,3,3,224,1000,200,True,clean,clean,clean,0,77ee4e2c5bdcdb3a5933ac882a8d3aedeca8a5a5c1a483b356af4c8bf4a1a608,0.6090673866576668,0.6179018716572492,0.14631782945736435,/project/PROJECT_ROOT/USER/reliability_medmnistc_ab/table1_clean_only_20260922/formal/organamnist/seed_3/results/organamnist/el2n_top/ratio_0.02/selection_seed_3/train_seed_3/aug_0
organamnist,3,forgetting,COMPLETE,0.02,3,3,224,1000,200,True,clean,clean,clean,0,d44b9ab6c0770d97e0235a125fbb1fa9abfcde13789ee49cc357dde1bfca47e6,0.6730228372145348,0.6799214578019541,0.19428294573643412,/project/PROJECT_ROOT/USER/reliability_medmnistc_ab/table1_clean_only_20260922/formal/organamnist/seed_3/results/organamnist/forgetting/ratio_0.02/selection_seed_3/train_seed_3/aug_0
organamnist,3,eva,COMPLETE,0.02,3,3,224,1000,200,True,clean,clean,clean,0,3d04a5050fb0f53b3113912cce70c345582c1868c727cd4d9081f95dd110c28f,0.6875914051074361,0.7075258588525708,0.3372093023255814,/project/PROJECT_ROOT/USER/reliability_medmnistc_ab/table1_clean_only_20260922/formal/organamnist/seed_3/results/organamnist/eva/ratio_0.02/selection_seed_3/train_seed_3/aug_0
organamnist,3,facility,COMPLETE,0.02,3,3,224,1000,200,True,clean,clean,clean,0,cce500bf7e7f84ef63729aaede14c90bc761f47f1c085992041f10f8ebc09df9,0.8585330183372708,0.8636057003772941,0.6681201550387597,/project/PROJECT_ROOT/USER/reliability_medmnistc_ab/table1_clean_only_20260922/formal/organamnist/seed_3/results/organamnist/facility/ratio_0.02/selection_seed_3/train_seed_3/aug_0
organamnist,3,fps,COMPLETE,0.02,3,3,224,1000,200,True,clean,clean,clean,0,668b57bb020fc52788c1727f35f269bed87af3732afd3593a5cff8b0fa8c5d87,0.836089548880639,0.8408008980860732,0.5577608142493639,/project/PROJECT_ROOT/USER/reliability_medmnistc_ab/table1_clean_only_20260922/formal/organamnist/seed_3/results/organamnist/fps/ratio_0.02/selection_seed_3/train_seed_3/aug_0
organamnist,3,herding,COMPLETE,0.02,3,3,224,1000,200,True,clean,clean,clean,0,668369c6af2f5a7216d86c32d628404a1e478c21d7067b13922680e05070bc91,0.8833389582630217,0.8855392533470265,0.7073643410852714,/project/PROJECT_ROOT/USER/reliability_medmnistc_ab/table1_clean_only_20260922/formal/organamnist/seed_3/results/organamnist/herding/ratio_0.02/selection_seed_3/train_seed_3/aug_0
organamnist,3,graph_a2,COMPLETE,0.02,3,3,224,1000,200,True,clean,clean,clean,0,30520dbb5b3d37a78ddc3ce4f2f9fb2ff945608e36407967ce06a9216802a4e2,0.8614017324783441,0.8684952666354199,0.6623062015503876,/project/PROJECT_ROOT/USER/reliability_medmnistc_ab/table1_clean_only_20260922/formal/organamnist/seed_3/results/organamnist/graph_a2/ratio_0.02/selection_seed_3/train_seed_3/aug_0
organamnist,4,random,COMPLETE,0.02,4,4,224,1000,200,True,clean,clean,clean,0,61d3dca2d212e49f6ed3fd508e5b76ee38d8821d8df225c82ad2feb5d6af0218,0.8592080098998762,0.8566716315660066,0.626937984496124,/project/PROJECT_ROOT/USER/reliability_medmnistc_ab/table1_clean_only_20260922/formal/organamnist/seed_4/results/organamnist/random/ratio_0.02/selection_seed_4/train_seed_4/aug_0
organamnist,4,el2n_top,COMPLETE,0.02,4,4,224,1000,200,True,clean,clean,clean,0,74baf479f4258d831e3d027f0ebc4d67fbb8d95505b764e3044317736255e2bd,0.6481043986950163,0.6473399521225375,0.26310432569974557,/project/PROJECT_ROOT/USER/reliability_medmnistc_ab/table1_clean_only_20260922/formal/organamnist/seed_4/results/organamnist/el2n_top/ratio_0.02/selection_seed_4/train_seed_4/aug_0
organamnist,4,forgetting,COMPLETE,0.02,4,4,224,1000,200,True,clean,clean,clean,0,e4ee322875c02e4adabe8ca5df73e0f01e519eaca2840754511ed3e2475635aa,0.6778040274496568,0.6763038959414135,0.3104325699745547,/project/PROJECT_ROOT/USER/reliability_medmnistc_ab/table1_clean_only_20260922/formal/organamnist/seed_4/results/organamnist/forgetting/ratio_0.02/selection_seed_4/train_seed_4/aug_0
organamnist,4,eva,COMPLETE,0.02,4,4,224,1000,200,True,clean,clean,clean,0,f42fc67a6202d64c8d05d05b437b83a2ac668a3748824876a43555c0faced176,0.6718978512768591,0.6806962459636313,0.2865139949109415,/project/PROJECT_ROOT/USER/reliability_medmnistc_ab/table1_clean_only_20260922/formal/organamnist/seed_4/results/organamnist/eva/ratio_0.02/selection_seed_4/train_seed_4/aug_0
organamnist,4,facility,COMPLETE,0.02,4,4,224,1000,200,True,clean,clean,clean,0,f71d866ae1e06057c5718c40f9d9854c727b18c196e02e2b2e2ee3ff193ec156,0.8599955000562493,0.8642838946521856,0.6138565891472868,/project/PROJECT_ROOT/USER/reliability_medmnistc_ab/table1_clean_only_20260922/formal/organamnist/seed_4/results/organamnist/facility/ratio_0.02/selection_seed_4/train_seed_4/aug_0
organamnist,4,fps,COMPLETE,0.02,4,4,224,1000,200,True,clean,clean,clean,0,3cc1ac0769a4d3b8344b68ea60b8c28d0d8ec47ff905764f52b08f8fd1b6c539,0.8514456069299133,0.8483347483928004,0.6452926208651399,/project/PROJECT_ROOT/USER/reliability_medmnistc_ab/table1_clean_only_20260922/formal/organamnist/seed_4/results/organamnist/fps/ratio_0.02/selection_seed_4/train_seed_4/aug_0
organamnist,4,herding,COMPLETE,0.02,4,4,224,1000,200,True,clean,clean,clean,0,2e0d248fd9856fb19da9fb11c4406ac6c571ba200745bb7ecb797317ef19c4a4,0.8694453819327258,0.8728552744038446,0.6405038759689923,/project/PROJECT_ROOT/USER/reliability_medmnistc_ab/table1_clean_only_20260922/formal/organamnist/seed_4/results/organamnist/herding/ratio_0.02/selection_seed_4/train_seed_4/aug_0
organamnist,4,graph_a2,COMPLETE,0.02,4,4,224,1000,200,True,clean,clean,clean,0,eeb6c625c610099ba8d5f91421f675d9d5ecae221e06a94c9226fdfeec3ace2a,0.8711328608392395,0.8752232663469254,0.6870229007633588,/project/PROJECT_ROOT/USER/reliability_medmnistc_ab/table1_clean_only_20260922/formal/organamnist/seed_4/results/organamnist/graph_a2/ratio_0.02/selection_seed_4/train_seed_4/aug_0
organamnist,5,random,COMPLETE,0.02,5,5,224,1000,200,True,clean,clean,clean,0,b8c77aecce3474e744c8cb484e7b692b89f43b667f719fb4f62908517f71dffd,0.8539768252896839,0.8571966767723861,0.7044573643410853,/project/PROJECT_ROOT/USER/reliability_medmnistc_ab/table1_clean_only_20260922/formal/organamnist/seed_5/results/organamnist/random/ratio_0.02/selection_seed_5/train_seed_5/aug_0
organamnist,5,el2n_top,COMPLETE,0.02,5,5,224,1000,200,True,clean,clean,clean,0,4f937c0af2707dc36e5770aafbbc1d717e466ea8e88d9e2b0df1a0edcccdde70,0.6565417932275847,0.6385825445623904,0.22819767441860464,/project/PROJECT_ROOT/USER/reliability_medmnistc_ab/table1_clean_only_20260922/formal/organamnist/seed_5/results/organamnist/el2n_top/ratio_0.02/selection_seed_5/train_seed_5/aug_0
organamnist,5,forgetting,COMPLETE,0.02,5,5,224,1000,200,True,clean,clean,clean,0,1b63906ff758f579a3f387f8af83ea852d196e0fd00a1efa8f61a86aacc8926d,0.7297783777702779,0.7236264512183459,0.2697201017811705,/project/PROJECT_ROOT/USER/reliability_medmnistc_ab/table1_clean_only_20260922/formal/organamnist/seed_5/results/organamnist/forgetting/ratio_0.02/selection_seed_5/train_seed_5/aug_0
organamnist,5,eva,COMPLETE,0.02,5,5,224,1000,200,True,clean,clean,clean,0,70eb5cd81f9341d43ad6869a859a69e2b00e5546dccd7d43d58b238d04bb380d,0.7057036787040162,0.7085069243617153,0.29021317829457366,/project/PROJECT_ROOT/USER/reliability_medmnistc_ab/table1_clean_only_20260922/formal/organamnist/seed_5/results/organamnist/eva/ratio_0.02/selection_seed_5/train_seed_5/aug_0
organamnist,5,facility,COMPLETE,0.02,5,5,224,1000,200,True,clean,clean,clean,0,4080dae676fde67c94e7c5d7f867d3bd5282e8213c43cb00c6d1af679318a8f1,0.8553268084148948,0.8604003381860212,0.6375968992248062,/project/PROJECT_ROOT/USER/reliability_medmnistc_ab/table1_clean_only_20260922/formal/organamnist/seed_5/results/organamnist/facility/ratio_0.02/selection_seed_5/train_seed_5/aug_0
organamnist,5,fps,COMPLETE,0.02,5,5,224,1000,200,True,clean,clean,clean,0,73c7a27ad6c5414a0abdd7f1f566ad6d7bc5bb6488584343cec0670334e25abd,0.8515018562267972,0.8523852814646209,0.6111959287531806,/project/PROJECT_ROOT/USER/reliability_medmnistc_ab/table1_clean_only_20260922/formal/organamnist/seed_5/results/organamnist/fps/ratio_0.02/selection_seed_5/train_seed_5/aug_0
organamnist,5,herding,COMPLETE,0.02,5,5,224,1000,200,True,clean,clean,clean,0,ee032acdf849e90d2aac232cfb6a9f676d55b82659f65d2aa6d4a930acda5c86,0.8698391270109124,0.8668618245368862,0.689437984496124,/project/PROJECT_ROOT/USER/reliability_medmnistc_ab/table1_clean_only_20260922/formal/organamnist/seed_5/results/organamnist/herding/ratio_0.02/selection_seed_5/train_seed_5/aug_0
organamnist,5,graph_a2,COMPLETE,0.02,5,5,224,1000,200,True,clean,clean,clean,0,a3194889f8ac2f21365cd447d8868b087da1e4946d48068085d431ab92811277,0.8680953988075149,0.8697736851739385,0.7064755838641189,/project/PROJECT_ROOT/USER/reliability_medmnistc_ab/table1_clean_only_20260922/formal/organamnist/seed_5/results/organamnist/graph_a2/ratio_0.02/selection_seed_5/train_seed_5/aug_0
organamnist,6,random,COMPLETE,0.02,6,6,224,1000,200,True,clean,clean,clean,0,2fc30752e3651372213857a44650e069a87c929fed9ac8f136610e54f8af98c3,0.8431207109911126,0.8478559678312315,0.6283914728682171,/project/PROJECT_ROOT/USER/reliability_medmnistc_ab/table1_clean_only_20260922/formal/organamnist/seed_6/results/organamnist/random/ratio_0.02/selection_seed_6/train_seed_6/aug_0
organamnist,6,el2n_top,COMPLETE,0.02,6,6,224,1000,200,True,clean,clean,clean,0,2dbdaeab87e999bc82ed6d22abf9bfc8e2a2fb9cd5f05ff4ca5d716ef691e5a5,0.6835414557318034,0.6891858155651119,0.2311046511627907,/project/PROJECT_ROOT/USER/reliability_medmnistc_ab/table1_clean_only_20260922/formal/organamnist/seed_6/results/organamnist/el2n_top/ratio_0.02/selection_seed_6/train_seed_6/aug_0
organamnist,6,forgetting,COMPLETE,0.02,6,6,224,1000,200,True,clean,clean,clean,0,a03a52b96c8d413a5f4b4d2a741d6667b2e6e88e53a082e862358c4c65c1ace3,0.7183597705028687,0.7244766596268721,0.32537154989384287,/project/PROJECT_ROOT/USER/reliability_medmnistc_ab/table1_clean_only_20260922/formal/organamnist/seed_6/results/organamnist/forgetting/ratio_0.02/selection_seed_6/train_seed_6/aug_0
organamnist,6,eva,COMPLETE,0.02,6,6,224,1000,200,True,clean,clean,clean,0,8544a8b8dc9ca9ec34160be5af662c8766ec0092bbe5e25170e122dc52283066,0.7120598492518844,0.7290604663216672,0.39874031007751937,/project/PROJECT_ROOT/USER/reliability_medmnistc_ab/table1_clean_only_20260922/formal/organamnist/seed_6/results/organamnist/eva/ratio_0.02/selection_seed_6/train_seed_6/aug_0
organamnist,6,facility,INCOMPLETE,0.02,6,6,224,1000,200,True,clean,clean,clean,0,1170228eb7f2c167c3a7bdc7a2bea9f24917cca91976560718511d9d4063042b,,,,/project/PROJECT_ROOT/USER/reliability_medmnistc_ab/table1_clean_only_20260922/formal/organamnist/seed_6/results/organamnist/facility/ratio_0.02/selection_seed_6/train_seed_6/aug_0
organamnist,6,fps,INCOMPLETE,0.02,6,6,224,1000,200,True,clean,clean,clean,0,,,,,/project/PROJECT_ROOT/USER/reliability_medmnistc_ab/table1_clean_only_20260922/formal/organamnist/seed_6/results/organamnist/fps/ratio_0.02/selection_seed_6/train_seed_6/aug_0
organamnist,6,herding,INCOMPLETE,0.02,6,6,224,1000,200,True,clean,clean,clean,0,,,,,/project/PROJECT_ROOT/USER/reliability_medmnistc_ab/table1_clean_only_20260922/formal/organamnist/seed_6/results/organamnist/herding/ratio_0.02/selection_seed_6/train_seed_6/aug_0
organamnist,6,graph_a2,INCOMPLETE,0.02,6,6,224,1000,200,True,clean,clean,clean,0,,,,,/project/PROJECT_ROOT/USER/reliability_medmnistc_ab/table1_clean_only_20260922/formal/organamnist/seed_6/results/organamnist/graph_a2/ratio_0.02/selection_seed_6/train_seed_6/aug_0
organamnist,2026,random,COMPLETE,0.02,2026,2026,224,1000,200,True,clean,clean,clean,0,0f3528564c9727fe818f216d2abd9ec6bd9fc12cd2eee0ee3599e0df396c83cf,0.8550455619304759,0.8587917180273258,0.685562015503876,/project/PROJECT_ROOT/USER/reliability_medmnistc_ab/table1_clean_only_20260922/formal/organamnist/seed_2026/results/organamnist/random/ratio_0.02/selection_seed_2026/train_seed_2026/aug_0
organamnist,2026,el2n_top,COMPLETE,0.02,2026,2026,224,1000,200,True,clean,clean,clean,0,94473c73d23f64e5fe0cd1dd368afb26781d78b9f7944d62c45dada1aa4c3a4e,0.6672291596355046,0.6537348180729222,0.2311046511627907,/project/PROJECT_ROOT/USER/reliability_medmnistc_ab/table1_clean_only_20260922/formal/organamnist/seed_2026/results/organamnist/el2n_top/ratio_0.02/selection_seed_2026/train_seed_2026/aug_0
organamnist,2026,forgetting,INCOMPLETE,0.02,2026,2026,224,1000,200,True,clean,clean,clean,0,d843028636942ec3e2cb69cdcbc54663acffb20c8eee5a7b32e13a866322027d,,,,/project/PROJECT_ROOT/USER/reliability_medmnistc_ab/table1_clean_only_20260922/formal/organamnist/seed_2026/results/organamnist/forgetting/ratio_0.02/selection_seed_2026/train_seed_2026/aug_0
organamnist,2026,eva,INCOMPLETE,0.02,2026,2026,224,1000,200,True,clean,clean,clean,0,,,,,/project/PROJECT_ROOT/USER/reliability_medmnistc_ab/table1_clean_only_20260922/formal/organamnist/seed_2026/results/organamnist/eva/ratio_0.02/selection_seed_2026/train_seed_2026/aug_0
organamnist,2026,facility,INCOMPLETE,0.02,2026,2026,224,1000,200,True,clean,clean,clean,0,,,,,/project/PROJECT_ROOT/USER/reliability_medmnistc_ab/table1_clean_only_20260922/formal/organamnist/seed_2026/results/organamnist/facility/ratio_0.02/selection_seed_2026/train_seed_2026/aug_0
organamnist,2026,fps,INCOMPLETE,0.02,2026,2026,224,1000,200,True,clean,clean,clean,0,,,,,/project/PROJECT_ROOT/USER/reliability_medmnistc_ab/table1_clean_only_20260922/formal/organamnist/seed_2026/results/organamnist/fps/ratio_0.02/selection_seed_2026/train_seed_2026/aug_0
organamnist,2026,herding,INCOMPLETE,0.02,2026,2026,224,1000,200,True,clean,clean,clean,0,,,,,/project/PROJECT_ROOT/USER/reliability_medmnistc_ab/table1_clean_only_20260922/formal/organamnist/seed_2026/results/organamnist/herding/ratio_0.02/selection_seed_2026/train_seed_2026/aug_0
organamnist,2026,graph_a2,INCOMPLETE,0.02,2026,2026,224,1000,200,True,clean,clean,clean,0,,,,,/project/PROJECT_ROOT/USER/reliability_medmnistc_ab/table1_clean_only_20260922/formal/organamnist/seed_2026/results/organamnist/graph_a2/ratio_0.02/selection_seed_2026/train_seed_2026/aug_0
pathmnist,0,random,COMPLETE,0.02,0,0,224,1000,200,True,clean,clean,clean,0,7739f7362ccd25ddc63c9a2174cac555ba45d57a6175ac0e0e6719a6d3d0e7ad,0.8550139275766017,0.7957250427422833,0.3182897862232779,/project/PROJECT_ROOT/USER/reliability_medmnistc_ab/table1_clean_only_20260922/formal/pathmnist/seed_0/results/pathmnist/random/ratio_0.02/selection_seed_0/train_seed_0/aug_0
pathmnist,0,el2n_top,COMPLETE,0.02,0,0,224,1000,200,True,clean,clean,clean,0,3a8f905b81d6373de7051764ec1209b0546f7feabf426003e9b7db36fef7e87a,0.37604456824512533,0.3510482365375591,0.0,/project/PROJECT_ROOT/USER/reliability_medmnistc_ab/table1_clean_only_20260922/formal/pathmnist/seed_0/results/pathmnist/el2n_top/ratio_0.02/selection_seed_0/train_seed_0/aug_0
pathmnist,0,forgetting,COMPLETE,0.02,0,0,224,1000,200,True,clean,clean,clean,0,0ec32c66553c10e50b5161af72aaa1fb3c53c02fac46d54c69923bc6b9a7b7b5,0.4664345403899721,0.4870943680365864,0.16765053128689492,/project/PROJECT_ROOT/USER/reliability_medmnistc_ab/table1_clean_only_20260922/formal/pathmnist/seed_0/results/pathmnist/forgetting/ratio_0.02/selection_seed_0/train_seed_0/aug_0
pathmnist,0,eva,COMPLETE,0.02,0,0,224,1000,200,True,clean,clean,clean,0,a9950a4bc838f7fb8c45dfe4a1891c5dbdbd2a7c0afb873c58ff9f8ade5b9549,0.5469359331476323,0.5247720490530621,0.15676959619952494,/project/PROJECT_ROOT/USER/reliability_medmnistc_ab/table1_clean_only_20260922/formal/pathmnist/seed_0/results/pathmnist/eva/ratio_0.02/selection_seed_0/train_seed_0/aug_0
pathmnist,0,facility,COMPLETE,0.02,0,0,224,1000,200,True,clean,clean,clean,0,23a77c88e8d2e7087c0157955b12293eff8df868e4d0e57da5f184e9b51aacde,0.8587743732590529,0.8135521189208241,0.3586698337292161,/project/PROJECT_ROOT/USER/reliability_medmnistc_ab/table1_clean_only_20260922/formal/pathmnist/seed_0/results/pathmnist/facility/ratio_0.02/selection_seed_0/train_seed_0/aug_0
pathmnist,0,fps,COMPLETE,0.02,0,0,224,1000,200,True,clean,clean,clean,0,e38f31e375673572d5ffff69444ede1afa7b8645761dcb3cefbb22049c366607,0.768941504178273,0.7245981875068116,0.30403800475059384,/project/PROJECT_ROOT/USER/reliability_medmnistc_ab/table1_clean_only_20260922/formal/pathmnist/seed_0/results/pathmnist/fps/ratio_0.02/selection_seed_0/train_seed_0/aug_0
pathmnist,0,herding,COMPLETE,0.02,0,0,224,1000,200,True,clean,clean,clean,0,2bb1efce601c948ffd9d635dffa78ebca408a4666aebd79bd1faef0711db8f60,0.8912256267409471,0.8593660151044967,0.38954869358669836,/project/PROJECT_ROOT/USER/reliability_medmnistc_ab/table1_clean_only_20260922/formal/pathmnist/seed_0/results/pathmnist/herding/ratio_0.02/selection_seed_0/train_seed_0/aug_0
pathmnist,0,graph_a2,COMPLETE,0.02,0,0,224,1000,200,True,clean,clean,clean,0,643007169dce0bb31fe75aa0aec2abaa38b186e57d74205b2148368e63d2280f,0.8611420612813371,0.8321215775331985,0.4251781472684085,/project/PROJECT_ROOT/USER/reliability_medmnistc_ab/table1_clean_only_20260922/formal/pathmnist/seed_0/results/pathmnist/graph_a2/ratio_0.02/selection_seed_0/train_seed_0/aug_0
pathmnist,1,random,COMPLETE,0.02,1,1,224,1000,200,True,clean,clean,clean,0,b1247d40a33ebd8f7652556613d8f27e519d46da8ff7dbbe1515f87de819ac91,0.8254874651810585,0.7671376476621923,0.3491686460807601,/project/PROJECT_ROOT/USER/reliability_medmnistc_ab/table1_clean_only_20260922/formal/pathmnist/seed_1/results/pathmnist/random/ratio_0.02/selection_seed_1/train_seed_1/aug_0
pathmnist,1,el2n_top,COMPLETE,0.02,1,1,224,1000,200,True,clean,clean,clean,0,4a08ac8c684bb14c56fcc8e7f49dbf06458ad09d7ec59c2c7f9e6735c38731f9,0.38231197771587744,0.36649243533155473,0.0,/project/PROJECT_ROOT/USER/reliability_medmnistc_ab/table1_clean_only_20260922/formal/pathmnist/seed_1/results/pathmnist/el2n_top/ratio_0.02/selection_seed_1/train_seed_1/aug_0
pathmnist,1,forgetting,COMPLETE,0.02,1,1,224,1000,200,True,clean,clean,clean,0,318782a8a206e4dfae6084e82d869958e1f5792028eeb016740fe01f63a8e8ee,0.42910863509749303,0.46239498514928545,0.0,/project/PROJECT_ROOT/USER/reliability_medmnistc_ab/table1_clean_only_20260922/formal/pathmnist/seed_1/results/pathmnist/forgetting/ratio_0.02/selection_seed_1/train_seed_1/aug_0
pathmnist,1,eva,COMPLETE,0.02,1,1,224,1000,200,True,clean,clean,clean,0,d641959a2238cde49facc55cfeb9182513a7ea735a065c65696bd61210324f11,0.4147632311977716,0.43517277214884015,0.0,/project/PROJECT_ROOT/USER/reliability_medmnistc_ab/table1_clean_only_20260922/formal/pathmnist/seed_1/results/pathmnist/eva/ratio_0.02/selection_seed_1/train_seed_1/aug_0
pathmnist,1,facility,COMPLETE,0.02,1,1,224,1000,200,True,clean,clean,clean,0,dd032e66320f5c336475aa5bbf9fb8fce9141f065d4fe88ff7549d0323a2bcb9,0.8573816155988858,0.8157647801453513,0.35391923990498814,/project/PROJECT_ROOT/USER/reliability_medmnistc_ab/table1_clean_only_20260922/formal/pathmnist/seed_1/results/pathmnist/facility/ratio_0.02/selection_seed_1/train_seed_1/aug_0
pathmnist,1,fps,COMPLETE,0.02,1,1,224,1000,200,True,clean,clean,clean,0,1bf196e9c5c0459606a71a285c84ae7a4af93320c78d55eabbdd21e4fa120b0f,0.747075208913649,0.7238929100465079,0.3586698337292161,/project/PROJECT_ROOT/USER/reliability_medmnistc_ab/table1_clean_only_20260922/formal/pathmnist/seed_1/results/pathmnist/fps/ratio_0.02/selection_seed_1/train_seed_1/aug_0
pathmnist,1,herding,COMPLETE,0.02,1,1,224,1000,200,True,clean,clean,clean,0,b0b58808bd044f39b98803fb8a46e961013122f5a58be5d4a1510f7718216a98,0.8449860724233983,0.7660133158883726,0.2660332541567696,/project/PROJECT_ROOT/USER/reliability_medmnistc_ab/table1_clean_only_20260922/formal/pathmnist/seed_1/results/pathmnist/herding/ratio_0.02/selection_seed_1/train_seed_1/aug_0
pathmnist,1,graph_a2,COMPLETE,0.02,1,1,224,1000,200,True,clean,clean,clean,0,42e8b6cb30e9a3bdaea47e95fc060738cfd4c20f027ed60840150054e6e57011,0.85974930362117,0.833173917300884,0.39429928741092635,/project/PROJECT_ROOT/USER/reliability_medmnistc_ab/table1_clean_only_20260922/formal/pathmnist/seed_1/results/pathmnist/graph_a2/ratio_0.02/selection_seed_1/train_seed_1/aug_0
pathmnist,2,random,COMPLETE,0.02,2,2,224,1000,200,True,clean,clean,clean,0,987eafacdf17f80cec8138cdb173cae1de3ea61e0c09b79cf783002e1beb061f,0.8483286908077995,0.7947185741065379,0.3919239904988123,/project/PROJECT_ROOT/USER/reliability_medmnistc_ab/table1_clean_only_20260922/formal/pathmnist/seed_2/results/pathmnist/random/ratio_0.02/selection_seed_2/train_seed_2/aug_0
pathmnist,2,el2n_top,COMPLETE,0.02,2,2,224,1000,200,True,clean,clean,clean,0,3dab9552693777645d1757f32c3fcd9228d41620f00e01dbcfdccb7c717fd94a,0.40222841225626743,0.37983287626579504,0.0,/project/PROJECT_ROOT/USER/reliability_medmnistc_ab/table1_clean_only_20260922/formal/pathmnist/seed_2/results/pathmnist/el2n_top/ratio_0.02/selection_seed_2/train_seed_2/aug_0
pathmnist,2,forgetting,COMPLETE,0.02,2,2,224,1000,200,True,clean,clean,clean,0,4b74d25fcb45d9279700501ca53f8bfd471e85efb78d8cb60172f86855eb368d,0.35473537604456823,0.3683222849090166,0.0,/project/PROJECT_ROOT/USER/reliability_medmnistc_ab/table1_clean_only_20260922/formal/pathmnist/seed_2/results/pathmnist/forgetting/ratio_0.02/selection_seed_2/train_seed_2/aug_0
pathmnist,2,eva,COMPLETE,0.02,2,2,224,1000,200,True,clean,clean,clean,0,1eae5e98d224f75014a6d7f1875b5a21861024787f528cdfa8d5321e67bb568a,0.3761838440111421,0.45030251243833924,0.0,/project/PROJECT_ROOT/USER/reliability_medmnistc_ab/table1_clean_only_20260922/formal/pathmnist/seed_2/results/pathmnist/eva/ratio_0.02/selection_seed_2/train_seed_2/aug_0
pathmnist,2,facility,COMPLETE,0.02,2,2,224,1000,200,True,clean,clean,clean,0,4d4a86240b8d0f430027fd5a5c4effee1e41ba6a1198b20a1dc1bccf0116d07b,0.8332869080779944,0.7771182397814349,0.3681710213776722,/project/PROJECT_ROOT/USER/reliability_medmnistc_ab/table1_clean_only_20260922/formal/pathmnist/seed_2/results/pathmnist/facility/ratio_0.02/selection_seed_2/train_seed_2/aug_0
pathmnist,2,fps,COMPLETE,0.02,2,2,224,1000,200,True,clean,clean,clean,0,ea98c98e8215f2a7b8ab51c9dca75b97710345cb4b8812d4ef63c2f60b7f41c2,0.7564066852367688,0.7306688006137073,0.36104513064133015,/project/PROJECT_ROOT/USER/reliability_medmnistc_ab/table1_clean_only_20260922/formal/pathmnist/seed_2/results/pathmnist/fps/ratio_0.02/selection_seed_2/train_seed_2/aug_0
pathmnist,2,herding,COMPLETE,0.02,2,2,224,1000,200,True,clean,clean,clean,0,0e1b9601c5a38b2ec74d70ba8f8caa7454b60386e8ddaf9d1d79153c36663878,0.8628133704735376,0.8293699552702326,0.42042755344418054,/project/PROJECT_ROOT/USER/reliability_medmnistc_ab/table1_clean_only_20260922/formal/pathmnist/seed_2/results/pathmnist/herding/ratio_0.02/selection_seed_2/train_seed_2/aug_0
pathmnist,2,graph_a2,COMPLETE,0.02,2,2,224,1000,200,True,clean,clean,clean,0,c8e093bee3805024598577163aa59738f11a9df3d6c155082691f1f84cc19e9b,0.8470752089136491,0.8159735535811188,0.4346793349168646,/project/PROJECT_ROOT/USER/reliability_medmnistc_ab/table1_clean_only_20260922/formal/pathmnist/seed_2/results/pathmnist/graph_a2/ratio_0.02/selection_seed_2/train_seed_2/aug_0
pathmnist,3,random,COMPLETE,0.02,3,3,224,1000,200,True,clean,clean,clean,0,a8885041b6950da5d6d04f5b81086c192bbcafbfe7c36fc17dd679b0e73d2cac,0.8363509749303621,0.81893260549028,0.46318289786223277,/project/PROJECT_ROOT/USER/reliability_medmnistc_ab/table1_clean_only_20260922/formal/pathmnist/seed_3/results/pathmnist/random/ratio_0.02/selection_seed_3/train_seed_3/aug_0
pathmnist,3,el2n_top,COMPLETE,0.02,3,3,224,1000,200,True,clean,clean,clean,0,a942e9f21f775b9582557046bb2af7087a8787f3c6c3eb5fdd3b94ae5661aec8,0.3681058495821727,0.3565313237114321,0.0011806375442739079,/project/PROJECT_ROOT/USER/reliability_medmnistc_ab/table1_clean_only_20260922/formal/pathmnist/seed_3/results/pathmnist/el2n_top/ratio_0.02/selection_seed_3/train_seed_3/aug_0
pathmnist,3,forgetting,COMPLETE,0.02,3,3,224,1000,200,True,clean,clean,clean,0,99545255668ab028b6f928bd58d6841f5356cf097124a0f99bdf9adde033105e,0.47924791086350976,0.49031463712474,0.178743961352657,/project/PROJECT_ROOT/USER/reliability_medmnistc_ab/table1_clean_only_20260922/formal/pathmnist/seed_3/results/pathmnist/forgetting/ratio_0.02/selection_seed_3/train_seed_3/aug_0
pathmnist,3,eva,COMPLETE,0.02,3,3,224,1000,200,True,clean,clean,clean,0,e807d8270f4b6e6263fb624e12332142d4597a7933a2247ebc7859031c79fd77,0.4562674094707521,0.47792538272258167,0.038348082595870206,/project/PROJECT_ROOT/USER/reliability_medmnistc_ab/table1_clean_only_20260922/formal/pathmnist/seed_3/results/pathmnist/eva/ratio_0.02/selection_seed_3/train_seed_3/aug_0
pathmnist,3,facility,COMPLETE,0.02,3,3,224,1000,200,True,clean,clean,clean,0,8651893a91342a7a7c782d6654469d874320ed1e89ee1164b420f1ef990d07b2,0.8605849582172702,0.8277674148777622,0.3254156769596199,/project/PROJECT_ROOT/USER/reliability_medmnistc_ab/table1_clean_only_20260922/formal/pathmnist/seed_3/results/pathmnist/facility/ratio_0.02/selection_seed_3/train_seed_3/aug_0
pathmnist,3,fps,COMPLETE,0.02,3,3,224,1000,200,True,clean,clean,clean,0,0b6ac81b6260ab5cf8e77eb80310625b05743bcfa26023ca2d4196b7bbe2aacb,0.7316155988857939,0.7117263450375607,0.3681710213776722,/project/PROJECT_ROOT/USER/reliability_medmnistc_ab/table1_clean_only_20260922/formal/pathmnist/seed_3/results/pathmnist/fps/ratio_0.02/selection_seed_3/train_seed_3/aug_0
pathmnist,3,herding,COMPLETE,0.02,3,3,224,1000,200,True,clean,clean,clean,0,4d26fd685b74de9eee29ee5d76d027bfe310929f08deed7407ad4b4e3be0d412,0.8405292479108635,0.7563364576015552,0.2920353982300885,/project/PROJECT_ROOT/USER/reliability_medmnistc_ab/table1_clean_only_20260922/formal/pathmnist/seed_3/results/pathmnist/herding/ratio_0.02/selection_seed_3/train_seed_3/aug_0
pathmnist,3,graph_a2,COMPLETE,0.02,3,3,224,1000,200,True,clean,clean,clean,0,691bed51748de166404c6905a44957ee2e68c3f58e81d7d4dc416f3de2c7d34e,0.8674094707520892,0.8306749629822917,0.43942992874109266,/project/PROJECT_ROOT/USER/reliability_medmnistc_ab/table1_clean_only_20260922/formal/pathmnist/seed_3/results/pathmnist/graph_a2/ratio_0.02/selection_seed_3/train_seed_3/aug_0
pathmnist,4,random,COMPLETE,0.02,4,4,224,1000,200,True,clean,clean,clean,0,b44a7df3d1037828ac3b06e8986a0394cca99cadb23e9c9ce74f08d48eb05faf,0.8394150417827299,0.781663237938342,0.44418052256532065,/project/PROJECT_ROOT/USER/reliability_medmnistc_ab/table1_clean_only_20260922/formal/pathmnist/seed_4/results/pathmnist/random/ratio_0.02/selection_seed_4/train_seed_4/aug_0
pathmnist,4,el2n_top,COMPLETE,0.02,4,4,224,1000,200,True,clean,clean,clean,0,5aa54d86fd81f7780a9c4c3fa9f93fbb92e495fabddeb455c5eb0992e8a322d2,0.36727019498607244,0.3632334845047848,0.0,/project/PROJECT_ROOT/USER/reliability_medmnistc_ab/table1_clean_only_20260922/formal/pathmnist/seed_4/results/pathmnist/el2n_top/ratio_0.02/selection_seed_4/train_seed_4/aug_0
pathmnist,4,forgetting,COMPLETE,0.02,4,4,224,1000,200,True,clean,clean,clean,0,156da870a476407a0e260274308852a601a823790c752ea65f6032870f05ec25,0.39540389972144846,0.39239087667771994,0.0011806375442739079,/project/PROJECT_ROOT/USER/reliability_medmnistc_ab/table1_clean_only_20260922/formal/pathmnist/seed_4/results/pathmnist/forgetting/ratio_0.02/selection_seed_4/train_seed_4/aug_0
pathmnist,4,eva,COMPLETE,0.02,4,4,224,1000,200,True,clean,clean,clean,0,2df61655da54b1ef2f654b3af77550bab4f86cdfaf5f685708ca9b4256963bcf,0.6551532033426184,0.6217072766783323,0.24188790560471976,/project/PROJECT_ROOT/USER/reliability_medmnistc_ab/table1_clean_only_20260922/formal/pathmnist/seed_4/results/pathmnist/eva/ratio_0.02/selection_seed_4/train_seed_4/aug_0
pathmnist,4,facility,COMPLETE,0.02,4,4,224,1000,200,True,clean,clean,clean,0,5ac698eec24cc749420e770a95ea99e0032d78be25755826455606506f9469eb,0.8694986072423398,0.8323788429775005,0.37767220902612825,/project/PROJECT_ROOT/USER/reliability_medmnistc_ab/table1_clean_only_20260922/formal/pathmnist/seed_4/results/pathmnist/facility/ratio_0.02/selection_seed_4/train_seed_4/aug_0
pathmnist,4,fps,INCOMPLETE,0.02,4,4,224,1000,200,True,clean,clean,clean,0,90efa53f33f7e24f37cd2f48e6f89a0e39fcd7e3d58b669b3e47660f57a872f0,,,,/project/PROJECT_ROOT/USER/reliability_medmnistc_ab/table1_clean_only_20260922/formal/pathmnist/seed_4/results/pathmnist/fps/ratio_0.02/selection_seed_4/train_seed_4/aug_0
pathmnist,4,herding,INCOMPLETE,0.02,4,4,224,1000,200,True,clean,clean,clean,0,,,,,/project/PROJECT_ROOT/USER/reliability_medmnistc_ab/table1_clean_only_20260922/formal/pathmnist/seed_4/results/pathmnist/herding/ratio_0.02/selection_seed_4/train_seed_4/aug_0
pathmnist,4,graph_a2,INCOMPLETE,0.02,4,4,224,1000,200,True,clean,clean,clean,0,,,,,/project/PROJECT_ROOT/USER/reliability_medmnistc_ab/table1_clean_only_20260922/formal/pathmnist/seed_4/results/pathmnist/graph_a2/ratio_0.02/selection_seed_4/train_seed_4/aug_0
pathmnist,5,random,COMPLETE,0.02,5,5,224,1000,200,True,clean,clean,clean,0,09be81b9b36b517a7cf778686322340effbdfea13441bd769d816f59840110d4,0.8325905292479109,0.7860772831934161,0.2992874109263658,/project/PROJECT_ROOT/USER/reliability_medmnistc_ab/table1_clean_only_20260922/formal/pathmnist/seed_5/results/pathmnist/random/ratio_0.02/selection_seed_5/train_seed_5/aug_0
pathmnist,5,el2n_top,COMPLETE,0.02,5,5,224,1000,200,True,clean,clean,clean,0,f54171390733bcb1b5bb65a9509d20f411dda68bdfae25dafd10fbf0b9f8f996,0.402924791086351,0.3862768328532841,0.0,/project/PROJECT_ROOT/USER/reliability_medmnistc_ab/table1_clean_only_20260922/formal/pathmnist/seed_5/results/pathmnist/el2n_top/ratio_0.02/selection_seed_5/train_seed_5/aug_0
pathmnist,5,forgetting,COMPLETE,0.02,5,5,224,1000,200,True,clean,clean,clean,0,dde18344616b2d91e6a5933d020e041f3124168971507f0562daaeaf8fe19327,0.4559888579387187,0.4639605266052078,0.0,/project/PROJECT_ROOT/USER/reliability_medmnistc_ab/table1_clean_only_20260922/formal/pathmnist/seed_5/results/pathmnist/forgetting/ratio_0.02/selection_seed_5/train_seed_5/aug_0
pathmnist,5,eva,COMPLETE,0.02,5,5,224,1000,200,True,clean,clean,clean,0,01fec698b594ee1e9d6543df29646e60c1a4cb886d4c319bffcd0da0c1d53fb1,0.5940111420612814,0.5428416698180606,0.0,/project/PROJECT_ROOT/USER/reliability_medmnistc_ab/table1_clean_only_20260922/formal/pathmnist/seed_5/results/pathmnist/eva/ratio_0.02/selection_seed_5/train_seed_5/aug_0
pathmnist,5,facility,COMPLETE,0.02,5,5,224,1000,200,True,clean,clean,clean,0,ceee5ba92fccd2b3d7e33f2b4b56934b26fb441a86c2d391e233ec51a3a370cf,0.8611420612813371,0.8278068022821131,0.38954869358669836,/project/PROJECT_ROOT/USER/reliability_medmnistc_ab/table1_clean_only_20260922/formal/pathmnist/seed_5/results/pathmnist/facility/ratio_0.02/selection_seed_5/train_seed_5/aug_0
pathmnist,5,fps,COMPLETE,0.02,5,5,224,1000,200,True,clean,clean,clean,0,b0f6848a8a98b5c7ae7b5317dc68d86cbdfa793657d78abb568cc61e4ff2ced1,0.7565459610027855,0.7228466678989622,0.32779097387173395,/project/PROJECT_ROOT/USER/reliability_medmnistc_ab/table1_clean_only_20260922/formal/pathmnist/seed_5/results/pathmnist/fps/ratio_0.02/selection_seed_5/train_seed_5/aug_0
pathmnist,5,herding,INCOMPLETE,0.02,5,5,224,1000,200,True,clean,clean,clean,0,e608a6ca2d862df4c9519e591d0300ee7108436bef6e76ce6c9f95ef2edb28dd,,,,/project/PROJECT_ROOT/USER/reliability_medmnistc_ab/table1_clean_only_20260922/formal/pathmnist/seed_5/results/pathmnist/herding/ratio_0.02/selection_seed_5/train_seed_5/aug_0
pathmnist,5,graph_a2,INCOMPLETE,0.02,5,5,224,1000,200,True,clean,clean,clean,0,,,,,/project/PROJECT_ROOT/USER/reliability_medmnistc_ab/table1_clean_only_20260922/formal/pathmnist/seed_5/results/pathmnist/graph_a2/ratio_0.02/selection_seed_5/train_seed_5/aug_0
pathmnist,6,random,INCOMPLETE,0.02,6,6,224,1000,200,True,clean,clean,clean,0,af236cbfc4876da3d87840f440b8e2151b40e73e91efb8a8c25bc02f48a33237,,,,/project/PROJECT_ROOT/USER/reliability_medmnistc_ab/table1_clean_only_20260922/formal/pathmnist/seed_6/results/pathmnist/random/ratio_0.02/selection_seed_6/train_seed_6/aug_0
pathmnist,6,el2n_top,INCOMPLETE,0.02,6,6,224,1000,200,True,clean,clean,clean,0,,,,,/project/PROJECT_ROOT/USER/reliability_medmnistc_ab/table1_clean_only_20260922/formal/pathmnist/seed_6/results/pathmnist/el2n_top/ratio_0.02/selection_seed_6/train_seed_6/aug_0
pathmnist,6,forgetting,INCOMPLETE,0.02,6,6,224,1000,200,True,clean,clean,clean,0,,,,,/project/PROJECT_ROOT/USER/reliability_medmnistc_ab/table1_clean_only_20260922/formal/pathmnist/seed_6/results/pathmnist/forgetting/ratio_0.02/selection_seed_6/train_seed_6/aug_0
pathmnist,6,eva,INCOMPLETE,0.02,6,6,224,1000,200,True,clean,clean,clean,0,,,,,/project/PROJECT_ROOT/USER/reliability_medmnistc_ab/table1_clean_only_20260922/formal/pathmnist/seed_6/results/pathmnist/eva/ratio_0.02/selection_seed_6/train_seed_6/aug_0
pathmnist,6,facility,INCOMPLETE,0.02,6,6,224,1000,200,True,clean,clean,clean,0,,,,,/project/PROJECT_ROOT/USER/reliability_medmnistc_ab/table1_clean_only_20260922/formal/pathmnist/seed_6/results/pathmnist/facility/ratio_0.02/selection_seed_6/train_seed_6/aug_0
pathmnist,6,fps,INCOMPLETE,0.02,6,6,224,1000,200,True,clean,clean,clean,0,,,,,/project/PROJECT_ROOT/USER/reliability_medmnistc_ab/table1_clean_only_20260922/formal/pathmnist/seed_6/results/pathmnist/fps/ratio_0.02/selection_seed_6/train_seed_6/aug_0
pathmnist,6,herding,INCOMPLETE,0.02,6,6,224,1000,200,True,clean,clean,clean,0,,,,,/project/PROJECT_ROOT/USER/reliability_medmnistc_ab/table1_clean_only_20260922/formal/pathmnist/seed_6/results/pathmnist/herding/ratio_0.02/selection_seed_6/train_seed_6/aug_0
pathmnist,6,graph_a2,INCOMPLETE,0.02,6,6,224,1000,200,True,clean,clean,clean,0,,,,,/project/PROJECT_ROOT/USER/reliability_medmnistc_ab/table1_clean_only_20260922/formal/pathmnist/seed_6/results/pathmnist/graph_a2/ratio_0.02/selection_seed_6/train_seed_6/aug_0
pathmnist,2026,random,INCOMPLETE,0.02,2026,2026,224,1000,200,True,clean,clean,clean,0,,,,,/project/PROJECT_ROOT/USER/reliability_medmnistc_ab/table1_clean_only_20260922/formal/pathmnist/seed_2026/results/pathmnist/random/ratio_0.02/selection_seed_2026/train_seed_2026/aug_0
pathmnist,2026,el2n_top,INCOMPLETE,0.02,2026,2026,224,1000,200,True,clean,clean,clean,0,,,,,/project/PROJECT_ROOT/USER/reliability_medmnistc_ab/table1_clean_only_20260922/formal/pathmnist/seed_2026/results/pathmnist/el2n_top/ratio_0.02/selection_seed_2026/train_seed_2026/aug_0
pathmnist,2026,forgetting,INCOMPLETE,0.02,2026,2026,224,1000,200,True,clean,clean,clean,0,,,,,/project/PROJECT_ROOT/USER/reliability_medmnistc_ab/table1_clean_only_20260922/formal/pathmnist/seed_2026/results/pathmnist/forgetting/ratio_0.02/selection_seed_2026/train_seed_2026/aug_0
pathmnist,2026,eva,INCOMPLETE,0.02,2026,2026,224,1000,200,True,clean,clean,clean,0,,,,,/project/PROJECT_ROOT/USER/reliability_medmnistc_ab/table1_clean_only_20260922/formal/pathmnist/seed_2026/results/pathmnist/eva/ratio_0.02/selection_seed_2026/train_seed_2026/aug_0
pathmnist,2026,facility,INCOMPLETE,0.02,2026,2026,224,1000,200,True,clean,clean,clean,0,,,,,/project/PROJECT_ROOT/USER/reliability_medmnistc_ab/table1_clean_only_20260922/formal/pathmnist/seed_2026/results/pathmnist/facility/ratio_0.02/selection_seed_2026/train_seed_2026/aug_0
pathmnist,2026,fps,INCOMPLETE,0.02,2026,2026,224,1000,200,True,clean,clean,clean,0,,,,,/project/PROJECT_ROOT/USER/reliability_medmnistc_ab/table1_clean_only_20260922/formal/pathmnist/seed_2026/results/pathmnist/fps/ratio_0.02/selection_seed_2026/train_seed_2026/aug_0
pathmnist,2026,herding,INCOMPLETE,0.02,2026,2026,224,1000,200,True,clean,clean,clean,0,,,,,/project/PROJECT_ROOT/USER/reliability_medmnistc_ab/table1_clean_only_20260922/formal/pathmnist/seed_2026/results/pathmnist/herding/ratio_0.02/selection_seed_2026/train_seed_2026/aug_0
pathmnist,2026,graph_a2,INCOMPLETE,0.02,2026,2026,224,1000,200,True,clean,clean,clean,0,,,,,/project/PROJECT_ROOT/USER/reliability_medmnistc_ab/table1_clean_only_20260922/formal/pathmnist/seed_2026/results/pathmnist/graph_a2/ratio_0.02/selection_seed_2026/train_seed_2026/aug_0
tissuemnist,0,random,COMPLETE,0.02,0,0,224,1000,200,True,clean,clean,clean,0,a5aff06d5d4dc6c7cd8869411c10ed23a49f49c6f052f8ef0b144428eacdf2fe,0.4418570219966159,0.4317872625133928,0.34796238244514105,/project/PROJECT_ROOT/USER/reliability_medmnistc_ab/table1_clean_only_20260922/formal/tissuemnist/seed_0/results/tissuemnist/random/ratio_0.02/selection_seed_0/train_seed_0/aug_0
tissuemnist,0,el2n_top,COMPLETE,0.02,0,0,224,1000,200,True,clean,clean,clean,0,dca7f9862d9fb2c228dad9039271052055bf33ab17cd7c3705e5e142c03341cd,0.09750423011844332,0.1403431011374786,0.05283466904125853,/project/PROJECT_ROOT/USER/reliability_medmnistc_ab/table1_clean_only_20260922/formal/tissuemnist/seed_0/results/tissuemnist/el2n_top/ratio_0.02/selection_seed_0/train_seed_0/aug_0
tissuemnist,0,forgetting,COMPLETE,0.02,0,0,224,1000,200,True,clean,clean,clean,0,05fe2fbbd43ec9803a6f061de7aa8eb8a728661f928ca6ba8f4385af8912c2c5,0.3127326565143824,0.3766151409853798,0.18935809302740828,/project/PROJECT_ROOT/USER/reliability_medmnistc_ab/table1_clean_only_20260922/formal/tissuemnist/seed_0/results/tissuemnist/forgetting/ratio_0.02/selection_seed_0/train_seed_0/aug_0
tissuemnist,0,eva,COMPLETE,0.02,0,0,224,1000,200,True,clean,clean,clean,0,ab06f3482e3f32001c74669db226d8c8c4822bc8616576ae4735360d9489ceb7,0.37781302876480544,0.4148266183743551,0.2638311902406858,/project/PROJECT_ROOT/USER/reliability_medmnistc_ab/table1_clean_only_20260922/formal/tissuemnist/seed_0/results/tissuemnist/eva/ratio_0.02/selection_seed_0/train_seed_0/aug_0
tissuemnist,0,facility,COMPLETE,0.02,0,0,224,1000,200,True,clean,clean,clean,0,9bbd5a81b58864a94be65556b4c277316cd99d6cb0c8f833a99c33dda20f31cd,0.45676818950930625,0.4318780496651492,0.3133514986376022,/project/PROJECT_ROOT/USER/reliability_medmnistc_ab/table1_clean_only_20260922/formal/tissuemnist/seed_0/results/tissuemnist/facility/ratio_0.02/selection_seed_0/train_seed_0/aug_0
tissuemnist,0,fps,COMPLETE,0.02,0,0,224,1000,200,True,clean,clean,clean,0,09e4c621e1b4747d3b07bc77f6c1ffcdcf01b1305eac021e433ac0567c6fa208,0.3620558375634518,0.3524161730729528,0.25705329153605017,/project/PROJECT_ROOT/USER/reliability_medmnistc_ab/table1_clean_only_20260922/formal/tissuemnist/seed_0/results/tissuemnist/fps/ratio_0.02/selection_seed_0/train_seed_0/aug_0
tissuemnist,0,herding,COMPLETE,0.02,0,0,224,1000,200,True,clean,clean,clean,0,2c501b11e59cd0765b85d3729adb630653ec69963bc0164c7e8ef98d9bc78d04,0.46393824027072755,0.4477120009332192,0.34877384196185285,/project/PROJECT_ROOT/USER/reliability_medmnistc_ab/table1_clean_only_20260922/formal/tissuemnist/seed_0/results/tissuemnist/herding/ratio_0.02/selection_seed_0/train_seed_0/aug_0
tissuemnist,0,graph_a2,COMPLETE,0.02,0,0,224,1000,200,True,clean,clean,clean,0,9247e8df9b82e7fe0c7298a94cbc57ec4335e032df4b5af9ef0c30cd98ad8d5e,0.4298223350253807,0.43181820872346,0.3134461264470169,/project/PROJECT_ROOT/USER/reliability_medmnistc_ab/table1_clean_only_20260922/formal/tissuemnist/seed_0/results/tissuemnist/graph_a2/ratio_0.02/selection_seed_0/train_seed_0/aug_0
tissuemnist,1,random,COMPLETE,0.02,1,1,224,1000,200,True,clean,clean,clean,0,8bde7eef913790e5d389fe2707f190345d2faca7282925962ac4a9f867c39fff,0.4489213197969543,0.4364551418871002,0.33721450962830274,/project/PROJECT_ROOT/USER/reliability_medmnistc_ab/table1_clean_only_20260922/formal/tissuemnist/seed_1/results/tissuemnist/random/ratio_0.02/selection_seed_1/train_seed_1/aug_0
tissuemnist,1,el2n_top,COMPLETE,0.02,1,1,224,1000,200,True,clean,clean,clean,0,cafe9fab81574d9e3e92051c40d2e749b31a1dc8e80196d1c61d0d1d30ef125b,0.09217428087986464,0.1218558220838316,0.05888559182327728,/project/PROJECT_ROOT/USER/reliability_medmnistc_ab/table1_clean_only_20260922/formal/tissuemnist/seed_1/results/tissuemnist/el2n_top/ratio_0.02/selection_seed_1/train_seed_1/aug_0
tissuemnist,1,forgetting,COMPLETE,0.02,1,1,224,1000,200,True,clean,clean,clean,0,e4e1b7f465d1871dbd31cf61e365341c8fa666263c77752b8d4fd3d8695dbaf8,0.33071065989847714,0.3768681542729638,0.26479778591197217,/project/PROJECT_ROOT/USER/reliability_medmnistc_ab/table1_clean_only_20260922/formal/tissuemnist/seed_1/results/tissuemnist/forgetting/ratio_0.02/selection_seed_1/train_seed_1/aug_0
tissuemnist,1,eva,COMPLETE,0.02,1,1,224,1000,200,True,clean,clean,clean,0,0e88e821f4d8970406e9eeb9434796e12e0422daf3bca582e744c91c3b0db553,0.3732233502538071,0.41492819538674075,0.1930063578564941,/project/PROJECT_ROOT/USER/reliability_medmnistc_ab/table1_clean_only_20260922/formal/tissuemnist/seed_1/results/tissuemnist/eva/ratio_0.02/selection_seed_1/train_seed_1/aug_0
tissuemnist,1,facility,COMPLETE,0.02,1,1,224,1000,200,True,clean,clean,clean,0,96adee0867ed66892092da8c2c374faa047934990ed1ca49575e4f0a0dfae9da,0.4715736040609137,0.4539402343751945,0.3775190326914465,/project/PROJECT_ROOT/USER/reliability_medmnistc_ab/table1_clean_only_20260922/formal/tissuemnist/seed_1/results/tissuemnist/facility/ratio_0.02/selection_seed_1/train_seed_1/aug_0
tissuemnist,1,fps,COMPLETE,0.02,1,1,224,1000,200,True,clean,clean,clean,0,c76cdf69a6494c4d556e7a6a5c2bb8f60e36b1fc8051a1c378baa7279b1e2fd4,0.2836082910321489,0.28878413002741254,0.19114364788858138,/project/PROJECT_ROOT/USER/reliability_medmnistc_ab/table1_clean_only_20260922/formal/tissuemnist/seed_1/results/tissuemnist/fps/ratio_0.02/selection_seed_1/train_seed_1/aug_0
tissuemnist,1,herding,COMPLETE,0.02,1,1,224,1000,200,True,clean,clean,clean,0,babb0a7662f88efaa4465e74ce188b258494a8b26a70c0afe977d791ada86c74,0.37635363790186127,0.3795275307757332,0.26476699317304836,/project/PROJECT_ROOT/USER/reliability_medmnistc_ab/table1_clean_only_20260922/formal/tissuemnist/seed_1/results/tissuemnist/herding/ratio_0.02/selection_seed_1/train_seed_1/aug_0
tissuemnist,1,graph_a2,COMPLETE,0.02,1,1,224,1000,200,True,clean,clean,clean,0,1126bbda2b9225728e2c66dbe24ebd4556fabc394199a277919474102a223d5c,0.41814720812182743,0.425423992805661,0.3115349682107175,/project/PROJECT_ROOT/USER/reliability_medmnistc_ab/table1_clean_only_20260922/formal/tissuemnist/seed_1/results/tissuemnist/graph_a2/ratio_0.02/selection_seed_1/train_seed_1/aug_0
tissuemnist,2,random,COMPLETE,0.02,2,2,224,1000,200,True,clean,clean,clean,0,11947deb0f98b66279f6314dd256e0982e94d393e1301c8370a5af5dd1a0eb47,0.3961294416243655,0.37843982071313165,0.22479564032697547,/project/PROJECT_ROOT/USER/reliability_medmnistc_ab/table1_clean_only_20260922/formal/tissuemnist/seed_2/results/tissuemnist/random/ratio_0.02/selection_seed_2/train_seed_2/aug_0
tissuemnist,2,el2n_top,COMPLETE,0.02,2,2,224,1000,200,True,clean,clean,clean,0,647ea30b126009c7dadd50d7f33608a9fbff760d2ac6459023c835dfff26cadb,0.09223773265651439,0.12607329051410507,0.038746540487456474,/project/PROJECT_ROOT/USER/reliability_medmnistc_ab/table1_clean_only_20260922/formal/tissuemnist/seed_2/results/tissuemnist/el2n_top/ratio_0.02/selection_seed_2/train_seed_2/aug_0
tissuemnist,2,forgetting,COMPLETE,0.02,2,2,224,1000,200,True,clean,clean,clean,0,6779d6922d509003e737885a92fe187325ffb589b88668504f6f33576be4d041,0.3437817258883249,0.389841636334793,0.2551557896616374,/project/PROJECT_ROOT/USER/reliability_medmnistc_ab/table1_clean_only_20260922/formal/tissuemnist/seed_2/results/tissuemnist/forgetting/ratio_0.02/selection_seed_2/train_seed_2/aug_0
tissuemnist,2,eva,COMPLETE,0.02,2,2,224,1000,200,True,clean,clean,clean,0,04037deabed946156791bc39b82fc091458797e28700e8ad4bbfe20da112f6a1,0.36080795262267346,0.39408026260324264,0.23830077237619263,/project/PROJECT_ROOT/USER/reliability_medmnistc_ab/table1_clean_only_20260922/formal/tissuemnist/seed_2/results/tissuemnist/eva/ratio_0.02/selection_seed_2/train_seed_2/aug_0
tissuemnist,2,facility,COMPLETE,0.02,2,2,224,1000,200,True,clean,clean,clean,0,d1cdb0edef299f2c34159bdeb4fa484fd374eab14aab8854e3da39146e378ed1,0.4763113367174281,0.45921876867481304,0.37310774710596617,/project/PROJECT_ROOT/USER/reliability_medmnistc_ab/table1_clean_only_20260922/formal/tissuemnist/seed_2/results/tissuemnist/facility/ratio_0.02/selection_seed_2/train_seed_2/aug_0
tissuemnist,2,fps,INCOMPLETE,0.02,2,2,224,1000,200,True,clean,clean,clean,0,13e3b99714233de2dab8f697cd5237e4f0029befcf2886775abb18515cb826ff,,,,/project/PROJECT_ROOT/USER/reliability_medmnistc_ab/table1_clean_only_20260922/formal/tissuemnist/seed_2/results/tissuemnist/fps/ratio_0.02/selection_seed_2/train_seed_2/aug_0
tissuemnist,2,herding,INCOMPLETE,0.02,2,2,224,1000,200,True,clean,clean,clean,0,,,,,/project/PROJECT_ROOT/USER/reliability_medmnistc_ab/table1_clean_only_20260922/formal/tissuemnist/seed_2/results/tissuemnist/herding/ratio_0.02/selection_seed_2/train_seed_2/aug_0
tissuemnist,2,graph_a2,INCOMPLETE,0.02,2,2,224,1000,200,True,clean,clean,clean,0,,,,,/project/PROJECT_ROOT/USER/reliability_medmnistc_ab/table1_clean_only_20260922/formal/tissuemnist/seed_2/results/tissuemnist/graph_a2/ratio_0.02/selection_seed_2/train_seed_2/aug_0
tissuemnist,3,random,COMPLETE,0.02,3,3,224,1000,200,True,clean,clean,clean,0,a3f91cf8518cf372d2873568b4a6c90844a3348d8a3d3d6f4d6aa73f9fde8389,0.4674492385786802,0.45446491934091293,0.34214061800268697,/project/PROJECT_ROOT/USER/reliability_medmnistc_ab/table1_clean_only_20260922/formal/tissuemnist/seed_3/results/tissuemnist/random/ratio_0.02/selection_seed_3/train_seed_3/aug_0
tissuemnist,3,el2n_top,COMPLETE,0.02,3,3,224,1000,200,True,clean,clean,clean,0,77ed301511603200d75da0c8535160cfa402831615fe1eb22c1d6ae743d8bd7c,0.08900169204737733,0.13753935750233076,0.05758414427283278,/project/PROJECT_ROOT/USER/reliability_medmnistc_ab/table1_clean_only_20260922/formal/tissuemnist/seed_3/results/tissuemnist/el2n_top/ratio_0.02/selection_seed_3/train_seed_3/aug_0
tissuemnist,3,forgetting,COMPLETE,0.02,3,3,224,1000,200,True,clean,clean,clean,0,2938dbe586526f5acf229d29aaceb6c67c5fe0c819d1c7f611d551d54f597f3a,0.32470389170896785,0.38445586482304417,0.2131059726810106,/project/PROJECT_ROOT/USER/reliability_medmnistc_ab/table1_clean_only_20260922/formal/tissuemnist/seed_3/results/tissuemnist/forgetting/ratio_0.02/selection_seed_3/train_seed_3/aug_0
tissuemnist,3,eva,COMPLETE,0.02,3,3,224,1000,200,True,clean,clean,clean,0,705a28690bcbe97367da64f7b603884efeb44db91bad4a845193ac7337c2f44a,0.30524534686971233,0.3715540366478438,0.2073194856577646,/project/PROJECT_ROOT/USER/reliability_medmnistc_ab/table1_clean_only_20260922/formal/tissuemnist/seed_3/results/tissuemnist/eva/ratio_0.02/selection_seed_3/train_seed_3/aug_0
tissuemnist,3,facility,COMPLETE,0.02,3,3,224,1000,200,True,clean,clean,clean,0,35b026631869cebf8d812d163dd17b4c23767ef8305f84f8be7610c39eee648e,0.4803087986463621,0.45396485884285864,0.32601880877742945,/project/PROJECT_ROOT/USER/reliability_medmnistc_ab/table1_clean_only_20260922/formal/tissuemnist/seed_3/results/tissuemnist/facility/ratio_0.02/selection_seed_3/train_seed_3/aug_0
tissuemnist,3,fps,COMPLETE,0.02,3,3,224,1000,200,True,clean,clean,clean,0,729f8dde0f5563aef2e0528d85e068fcd6edc1aefa440ad21e38de8491b1033b,0.345748730964467,0.3566943998880353,0.24247835014730829,/project/PROJECT_ROOT/USER/reliability_medmnistc_ab/table1_clean_only_20260922/formal/tissuemnist/seed_3/results/tissuemnist/fps/ratio_0.02/selection_seed_3/train_seed_3/aug_0
tissuemnist,3,herding,INCOMPLETE,0.02,3,3,224,1000,200,True,clean,clean,clean,0,8c7786b543cfde64fac564684bc1103048bbd0df56d3b91c4a2edfd2cebc26ba,,,,/project/PROJECT_ROOT/USER/reliability_medmnistc_ab/table1_clean_only_20260922/formal/tissuemnist/seed_3/results/tissuemnist/herding/ratio_0.02/selection_seed_3/train_seed_3/aug_0
tissuemnist,3,graph_a2,INCOMPLETE,0.02,3,3,224,1000,200,True,clean,clean,clean,0,,,,,/project/PROJECT_ROOT/USER/reliability_medmnistc_ab/table1_clean_only_20260922/formal/tissuemnist/seed_3/results/tissuemnist/graph_a2/ratio_0.02/selection_seed_3/train_seed_3/aug_0
tissuemnist,4,random,INCOMPLETE,0.02,4,4,224,1000,200,True,clean,clean,clean,0,,,,,/project/PROJECT_ROOT/USER/reliability_medmnistc_ab/table1_clean_only_20260922/formal/tissuemnist/seed_4/results/tissuemnist/random/ratio_0.02/selection_seed_4/train_seed_4/aug_0
tissuemnist,4,el2n_top,INCOMPLETE,0.02,4,4,224,1000,200,True,clean,clean,clean,0,,,,,/project/PROJECT_ROOT/USER/reliability_medmnistc_ab/table1_clean_only_20260922/formal/tissuemnist/seed_4/results/tissuemnist/el2n_top/ratio_0.02/selection_seed_4/train_seed_4/aug_0
tissuemnist,4,forgetting,INCOMPLETE,0.02,4,4,224,1000,200,True,clean,clean,clean,0,,,,,/project/PROJECT_ROOT/USER/reliability_medmnistc_ab/table1_clean_only_20260922/formal/tissuemnist/seed_4/results/tissuemnist/forgetting/ratio_0.02/selection_seed_4/train_seed_4/aug_0
tissuemnist,4,eva,INCOMPLETE,0.02,4,4,224,1000,200,True,clean,clean,clean,0,,,,,/project/PROJECT_ROOT/USER/reliability_medmnistc_ab/table1_clean_only_20260922/formal/tissuemnist/seed_4/results/tissuemnist/eva/ratio_0.02/selection_seed_4/train_seed_4/aug_0
tissuemnist,4,facility,INCOMPLETE,0.02,4,4,224,1000,200,True,clean,clean,clean,0,,,,,/project/PROJECT_ROOT/USER/reliability_medmnistc_ab/table1_clean_only_20260922/formal/tissuemnist/seed_4/results/tissuemnist/facility/ratio_0.02/selection_seed_4/train_seed_4/aug_0
tissuemnist,4,fps,INCOMPLETE,0.02,4,4,224,1000,200,True,clean,clean,clean,0,,,,,/project/PROJECT_ROOT/USER/reliability_medmnistc_ab/table1_clean_only_20260922/formal/tissuemnist/seed_4/results/tissuemnist/fps/ratio_0.02/selection_seed_4/train_seed_4/aug_0
tissuemnist,4,herding,INCOMPLETE,0.02,4,4,224,1000,200,True,clean,clean,clean,0,,,,,/project/PROJECT_ROOT/USER/reliability_medmnistc_ab/table1_clean_only_20260922/formal/tissuemnist/seed_4/results/tissuemnist/herding/ratio_0.02/selection_seed_4/train_seed_4/aug_0
tissuemnist,4,graph_a2,INCOMPLETE,0.02,4,4,224,1000,200,True,clean,clean,clean,0,,,,,/project/PROJECT_ROOT/USER/reliability_medmnistc_ab/table1_clean_only_20260922/formal/tissuemnist/seed_4/results/tissuemnist/graph_a2/ratio_0.02/selection_seed_4/train_seed_4/aug_0
tissuemnist,5,random,INCOMPLETE,0.02,5,5,224,1000,200,True,clean,clean,clean,0,,,,,/project/PROJECT_ROOT/USER/reliability_medmnistc_ab/table1_clean_only_20260922/formal/tissuemnist/seed_5/results/tissuemnist/random/ratio_0.02/selection_seed_5/train_seed_5/aug_0
tissuemnist,5,el2n_top,INCOMPLETE,0.02,5,5,224,1000,200,True,clean,clean,clean,0,,,,,/project/PROJECT_ROOT/USER/reliability_medmnistc_ab/table1_clean_only_20260922/formal/tissuemnist/seed_5/results/tissuemnist/el2n_top/ratio_0.02/selection_seed_5/train_seed_5/aug_0
tissuemnist,5,forgetting,INCOMPLETE,0.02,5,5,224,1000,200,True,clean,clean,clean,0,,,,,/project/PROJECT_ROOT/USER/reliability_medmnistc_ab/table1_clean_only_20260922/formal/tissuemnist/seed_5/results/tissuemnist/forgetting/ratio_0.02/selection_seed_5/train_seed_5/aug_0
tissuemnist,5,eva,INCOMPLETE,0.02,5,5,224,1000,200,True,clean,clean,clean,0,,,,,/project/PROJECT_ROOT/USER/reliability_medmnistc_ab/table1_clean_only_20260922/formal/tissuemnist/seed_5/results/tissuemnist/eva/ratio_0.02/selection_seed_5/train_seed_5/aug_0
tissuemnist,5,facility,INCOMPLETE,0.02,5,5,224,1000,200,True,clean,clean,clean,0,,,,,/project/PROJECT_ROOT/USER/reliability_medmnistc_ab/table1_clean_only_20260922/formal/tissuemnist/seed_5/results/tissuemnist/facility/ratio_0.02/selection_seed_5/train_seed_5/aug_0
tissuemnist,5,fps,INCOMPLETE,0.02,5,5,224,1000,200,True,clean,clean,clean,0,,,,,/project/PROJECT_ROOT/USER/reliability_medmnistc_ab/table1_clean_only_20260922/formal/tissuemnist/seed_5/results/tissuemnist/fps/ratio_0.02/selection_seed_5/train_seed_5/aug_0
tissuemnist,5,herding,INCOMPLETE,0.02,5,5,224,1000,200,True,clean,clean,clean,0,,,,,/project/PROJECT_ROOT/USER/reliability_medmnistc_ab/table1_clean_only_20260922/formal/tissuemnist/seed_5/results/tissuemnist/herding/ratio_0.02/selection_seed_5/train_seed_5/aug_0
tissuemnist,5,graph_a2,INCOMPLETE,0.02,5,5,224,1000,200,True,clean,clean,clean,0,,,,,/project/PROJECT_ROOT/USER/reliability_medmnistc_ab/table1_clean_only_20260922/formal/tissuemnist/seed_5/results/tissuemnist/graph_a2/ratio_0.02/selection_seed_5/train_seed_5/aug_0
tissuemnist,6,random,INCOMPLETE,0.02,6,6,224,1000,200,True,clean,clean,clean,0,,,,,/project/PROJECT_ROOT/USER/reliability_medmnistc_ab/table1_clean_only_20260922/formal/tissuemnist/seed_6/results/tissuemnist/random/ratio_0.02/selection_seed_6/train_seed_6/aug_0
tissuemnist,6,el2n_top,INCOMPLETE,0.02,6,6,224,1000,200,True,clean,clean,clean,0,,,,,/project/PROJECT_ROOT/USER/reliability_medmnistc_ab/table1_clean_only_20260922/formal/tissuemnist/seed_6/results/tissuemnist/el2n_top/ratio_0.02/selection_seed_6/train_seed_6/aug_0
tissuemnist,6,forgetting,INCOMPLETE,0.02,6,6,224,1000,200,True,clean,clean,clean,0,,,,,/project/PROJECT_ROOT/USER/reliability_medmnistc_ab/table1_clean_only_20260922/formal/tissuemnist/seed_6/results/tissuemnist/forgetting/ratio_0.02/selection_seed_6/train_seed_6/aug_0
tissuemnist,6,eva,INCOMPLETE,0.02,6,6,224,1000,200,True,clean,clean,clean,0,,,,,/project/PROJECT_ROOT/USER/reliability_medmnistc_ab/table1_clean_only_20260922/formal/tissuemnist/seed_6/results/tissuemnist/eva/ratio_0.02/selection_seed_6/train_seed_6/aug_0
tissuemnist,6,facility,INCOMPLETE,0.02,6,6,224,1000,200,True,clean,clean,clean,0,,,,,/project/PROJECT_ROOT/USER/reliability_medmnistc_ab/table1_clean_only_20260922/formal/tissuemnist/seed_6/results/tissuemnist/facility/ratio_0.02/selection_seed_6/train_seed_6/aug_0
tissuemnist,6,fps,INCOMPLETE,0.02,6,6,224,1000,200,True,clean,clean,clean,0,,,,,/project/PROJECT_ROOT/USER/reliability_medmnistc_ab/table1_clean_only_20260922/formal/tissuemnist/seed_6/results/tissuemnist/fps/ratio_0.02/selection_seed_6/train_seed_6/aug_0
tissuemnist,6,herding,INCOMPLETE,0.02,6,6,224,1000,200,True,clean,clean,clean,0,,,,,/project/PROJECT_ROOT/USER/reliability_medmnistc_ab/table1_clean_only_20260922/formal/tissuemnist/seed_6/results/tissuemnist/herding/ratio_0.02/selection_seed_6/train_seed_6/aug_0
tissuemnist,6,graph_a2,INCOMPLETE,0.02,6,6,224,1000,200,True,clean,clean,clean,0,,,,,/project/PROJECT_ROOT/USER/reliability_medmnistc_ab/table1_clean_only_20260922/formal/tissuemnist/seed_6/results/tissuemnist/graph_a2/ratio_0.02/selection_seed_6/train_seed_6/aug_0
tissuemnist,2026,random,INCOMPLETE,0.02,2026,2026,224,1000,200,True,clean,clean,clean,0,,,,,/project/PROJECT_ROOT/USER/reliability_medmnistc_ab/table1_clean_only_20260922/formal/tissuemnist/seed_2026/results/tissuemnist/random/ratio_0.02/selection_seed_2026/train_seed_2026/aug_0
tissuemnist,2026,el2n_top,INCOMPLETE,0.02,2026,2026,224,1000,200,True,clean,clean,clean,0,,,,,/project/PROJECT_ROOT/USER/reliability_medmnistc_ab/table1_clean_only_20260922/formal/tissuemnist/seed_2026/results/tissuemnist/el2n_top/ratio_0.02/selection_seed_2026/train_seed_2026/aug_0
tissuemnist,2026,forgetting,INCOMPLETE,0.02,2026,2026,224,1000,200,True,clean,clean,clean,0,,,,,/project/PROJECT_ROOT/USER/reliability_medmnistc_ab/table1_clean_only_20260922/formal/tissuemnist/seed_2026/results/tissuemnist/forgetting/ratio_0.02/selection_seed_2026/train_seed_2026/aug_0
tissuemnist,2026,eva,INCOMPLETE,0.02,2026,2026,224,1000,200,True,clean,clean,clean,0,,,,,/project/PROJECT_ROOT/USER/reliability_medmnistc_ab/table1_clean_only_20260922/formal/tissuemnist/seed_2026/results/tissuemnist/eva/ratio_0.02/selection_seed_2026/train_seed_2026/aug_0
tissuemnist,2026,facility,INCOMPLETE,0.02,2026,2026,224,1000,200,True,clean,clean,clean,0,,,,,/project/PROJECT_ROOT/USER/reliability_medmnistc_ab/table1_clean_only_20260922/formal/tissuemnist/seed_2026/results/tissuemnist/facility/ratio_0.02/selection_seed_2026/train_seed_2026/aug_0
tissuemnist,2026,fps,INCOMPLETE,0.02,2026,2026,224,1000,200,True,clean,clean,clean,0,,,,,/project/PROJECT_ROOT/USER/reliability_medmnistc_ab/table1_clean_only_20260922/formal/tissuemnist/seed_2026/results/tissuemnist/fps/ratio_0.02/selection_seed_2026/train_seed_2026/aug_0
tissuemnist,2026,herding,INCOMPLETE,0.02,2026,2026,224,1000,200,True,clean,clean,clean,0,,,,,/project/PROJECT_ROOT/USER/reliability_medmnistc_ab/table1_clean_only_20260922/formal/tissuemnist/seed_2026/results/tissuemnist/herding/ratio_0.02/selection_seed_2026/train_seed_2026/aug_0
tissuemnist,2026,graph_a2,INCOMPLETE,0.02,2026,2026,224,1000,200,True,clean,clean,clean,0,,,,,/project/PROJECT_ROOT/USER/reliability_medmnistc_ab/table1_clean_only_20260922/formal/tissuemnist/seed_2026/results/tissuemnist/graph_a2/ratio_0.02/selection_seed_2026/train_seed_2026/aug_0
bloodmnist,0,random,COMPLETE,0.02,0,0,224,1000,200,True,clean,clean,clean,0,df254497547a069a17e5e62c08868ef981b4fe93527fe175940cc42fbc61e590,0.7980122771119555,0.8007731956204394,0.5664939550949913,/project/PROJECT_ROOT/USER/reliability_medmnistc_ab/table1_clean_only_20260922/formal/bloodmnist/seed_0/results/bloodmnist/random/ratio_0.02/selection_seed_0/train_seed_0/aug_0
bloodmnist,0,el2n_top,COMPLETE,0.02,0,0,224,1000,200,True,clean,clean,clean,0,034257a8942dd542b53269933566406d19ff360662c9e8706531a7ba742a3762,0.5966091786027478,0.6129262087719343,0.19689119170984457,/project/PROJECT_ROOT/USER/reliability_medmnistc_ab/table1_clean_only_20260922/formal/bloodmnist/seed_0/results/bloodmnist/el2n_top/ratio_0.02/selection_seed_0/train_seed_0/aug_0
bloodmnist,0,forgetting,COMPLETE,0.02,0,0,224,1000,200,True,clean,clean,clean,0,dee97b29a9fab5de7c16a3ed7d4bb94b6d0245126733213278a3443f7dcc4b93,0.6395790704472376,0.6341412548744136,0.16753022452504318,/project/PROJECT_ROOT/USER/reliability_medmnistc_ab/table1_clean_only_20260922/formal/bloodmnist/seed_0/results/bloodmnist/forgetting/ratio_0.02/selection_seed_0/train_seed_0/aug_0
bloodmnist,0,eva,COMPLETE,0.02,0,0,224,1000,200,True,clean,clean,clean,0,75f81731f4ee66bbea13caba0ae75b95eea641f78b86b09f540375faf6cc9511,0.7810581701256942,0.7582656958388423,0.4283246977547496,/project/PROJECT_ROOT/USER/reliability_medmnistc_ab/table1_clean_only_20260922/formal/bloodmnist/seed_0/results/bloodmnist/eva/ratio_0.02/selection_seed_0/train_seed_0/aug_0
bloodmnist,0,facility,COMPLETE,0.02,0,0,224,1000,200,True,clean,clean,clean,0,d8afcc8d9afc16ef94c9a4c9faa6f994a5297713d89b4729dd55fb7a4a5fbe6b,0.7927506577024261,0.7952786519426609,0.48013816925734026,/project/PROJECT_ROOT/USER/reliability_medmnistc_ab/table1_clean_only_20260922/formal/bloodmnist/seed_0/results/bloodmnist/facility/ratio_0.02/selection_seed_0/train_seed_0/aug_0
bloodmnist,0,fps,COMPLETE,0.02,0,0,224,1000,200,True,clean,clean,clean,0,d02b2d6e6c5b0ae9e4c8cafd7b09ae66cf750a3f627453323d1589daaf487cf3,0.7258111663256358,0.7431910179553047,0.21243523316062177,/project/PROJECT_ROOT/USER/reliability_medmnistc_ab/table1_clean_only_20260922/formal/bloodmnist/seed_0/results/bloodmnist/fps/ratio_0.02/selection_seed_0/train_seed_0/aug_0
bloodmnist,0,herding,COMPLETE,0.02,0,0,224,1000,200,True,clean,clean,clean,0,eee0139536f39c3fe2bc65cf6b2875a7d1b34368f88f8ec7bdb78345b9ea14b6,0.8520900321543409,0.8385899036631834,0.6528497409326425,/project/PROJECT_ROOT/USER/reliability_medmnistc_ab/table1_clean_only_20260922/formal/bloodmnist/seed_0/results/bloodmnist/herding/ratio_0.02/selection_seed_0/train_seed_0/aug_0
bloodmnist,0,graph_a2,COMPLETE,0.02,0,0,224,1000,200,True,clean,clean,clean,0,7dd24c3d6ac178b6d4ae8307080bd9fab278d6f4f502cd98ce910da92c3c4ffe,0.8705057000876937,0.8634273879933865,0.6493955094991365,/project/PROJECT_ROOT/USER/reliability_medmnistc_ab/table1_clean_only_20260922/formal/bloodmnist/seed_0/results/bloodmnist/graph_a2/ratio_0.02/selection_seed_0/train_seed_0/aug_0
bloodmnist,1,random,COMPLETE,0.02,1,1,224,1000,200,True,clean,clean,clean,0,77f59da18e81800d2719718596c9f9ee5da932d7c24a520b6f52f9d25debe9dd,0.8289973691902952,0.8214152563219683,0.5474956822107081,/project/PROJECT_ROOT/USER/reliability_medmnistc_ab/table1_clean_only_20260922/formal/bloodmnist/seed_1/results/bloodmnist/random/ratio_0.02/selection_seed_1/train_seed_1/aug_0
bloodmnist,1,el2n_top,COMPLETE,0.02,1,1,224,1000,200,True,clean,clean,clean,0,3bc49406dd246036a5c370ec548153be7a37e432aa6953c0f20f143b067ed960,0.6068401052323882,0.5687755403401292,0.26688102893890675,/project/PROJECT_ROOT/USER/reliability_medmnistc_ab/table1_clean_only_20260922/formal/bloodmnist/seed_1/results/bloodmnist/el2n_top/ratio_0.02/selection_seed_1/train_seed_1/aug_0
bloodmnist,1,forgetting,COMPLETE,0.02,1,1,224,1000,200,True,clean,clean,clean,0,18b7fd2311175950db720d7541442c339f1112034de7eb21bba949a5e40e73fc,0.6366559485530546,0.6064747309369495,0.16901408450704225,/project/PROJECT_ROOT/USER/reliability_medmnistc_ab/table1_clean_only_20260922/formal/bloodmnist/seed_1/results/bloodmnist/forgetting/ratio_0.02/selection_seed_1/train_seed_1/aug_0
bloodmnist,1,eva,COMPLETE,0.02,1,1,224,1000,200,True,clean,clean,clean,0,63caf617871c9a836e525f3bf700ec2f2e280f5ccd95f62a3a0d5995e2effa21,0.7836889798304589,0.7450117400037577,0.4471830985915493,/project/PROJECT_ROOT/USER/reliability_medmnistc_ab/table1_clean_only_20260922/formal/bloodmnist/seed_1/results/bloodmnist/eva/ratio_0.02/selection_seed_1/train_seed_1/aug_0
bloodmnist,1,facility,COMPLETE,0.02,1,1,224,1000,200,True,clean,clean,clean,0,c4b884900aa9aa6264f29d75c6e62dd1c54cc20d48536123c347b34b701d5714,0.8047354574685764,0.8178315383469534,0.42487046632124353,/project/PROJECT_ROOT/USER/reliability_medmnistc_ab/table1_clean_only_20260922/formal/bloodmnist/seed_1/results/bloodmnist/facility/ratio_0.02/selection_seed_1/train_seed_1/aug_0
bloodmnist,1,fps,COMPLETE,0.02,1,1,224,1000,200,True,clean,clean,clean,0,7673bc68139f5cc1255fa04bb64b1956ccc28614f050e2484e30b88a5f538f70,0.7605963168664134,0.7463039546379346,0.5060449050086355,/project/PROJECT_ROOT/USER/reliability_medmnistc_ab/table1_clean_only_20260922/formal/bloodmnist/seed_1/results/bloodmnist/fps/ratio_0.02/selection_seed_1/train_seed_1/aug_0
bloodmnist,1,herding,COMPLETE,0.02,1,1,224,1000,200,True,clean,clean,clean,0,d335437cdc98d946a591159c159bcf3d56256d0ba71c997429c7440e63ba3758,0.850336159017831,0.847216054419383,0.5837651122625216,/project/PROJECT_ROOT/USER/reliability_medmnistc_ab/table1_clean_only_20260922/formal/bloodmnist/seed_1/results/bloodmnist/herding/ratio_0.02/selection_seed_1/train_seed_1/aug_0
bloodmnist,1,graph_a2,COMPLETE,0.02,1,1,224,1000,200,True,clean,clean,clean,0,2ebebb357fba938c20789c3f79f0ac0586ad1b8e8c4d23b06f6096cc48bda876,0.8667056416252558,0.8705889441963756,0.6303972366148531,/project/PROJECT_ROOT/USER/reliability_medmnistc_ab/table1_clean_only_20260922/formal/bloodmnist/seed_1/results/bloodmnist/graph_a2/ratio_0.02/selection_seed_1/train_seed_1/aug_0
bloodmnist,2,random,COMPLETE,0.02,2,2,224,1000,200,True,clean,clean,clean,0,66ca9a2f24a42513d38f53a09ca81d750411485037dea4c5c0a1677699a3c6f4,0.8439052908506285,0.8424939331363951,0.5768566493955095,/project/PROJECT_ROOT/USER/reliability_medmnistc_ab/table1_clean_only_20260922/formal/bloodmnist/seed_2/results/bloodmnist/random/ratio_0.02/selection_seed_2/train_seed_2/aug_0
bloodmnist,2,el2n_top,COMPLETE,0.02,2,2,224,1000,200,True,clean,clean,clean,0,b146a8b459815a01074553558e85fb15877bec7ccbc7f00357aac119fcc1cda8,0.5960245542239111,0.578295397931878,0.16407599309153714,/project/PROJECT_ROOT/USER/reliability_medmnistc_ab/table1_clean_only_20260922/formal/bloodmnist/seed_2/results/bloodmnist/el2n_top/ratio_0.02/selection_seed_2/train_seed_2/aug_0
bloodmnist,2,forgetting,COMPLETE,0.02,2,2,224,1000,200,True,clean,clean,clean,0,dd6489912d58ae31f180e3da915b992124466ddb464965159aca89523ebeee50,0.6758257819351067,0.6766557459065925,0.25215889464594127,/project/PROJECT_ROOT/USER/reliability_medmnistc_ab/table1_clean_only_20260922/formal/bloodmnist/seed_2/results/bloodmnist/forgetting/ratio_0.02/selection_seed_2/train_seed_2/aug_0
bloodmnist,2,eva,COMPLETE,0.02,2,2,224,1000,200,True,clean,clean,clean,0,8c2c334953a7955e5c7ef9cceb2be0c1c4bfe63b7136901fca60da9427ab4f7d,0.726980415083309,0.7168234285519106,0.3920552677029361,/project/PROJECT_ROOT/USER/reliability_medmnistc_ab/table1_clean_only_20260922/formal/bloodmnist/seed_2/results/bloodmnist/eva/ratio_0.02/selection_seed_2/train_seed_2/aug_0
bloodmnist,2,facility,COMPLETE,0.02,2,2,224,1000,200,True,clean,clean,clean,0,4c972d46a21cac51b19b1f7718d71faecfe363da609104bdd1f3830e43f92a5c,0.8371821104940076,0.8364872671205099,0.5993091537132987,/project/PROJECT_ROOT/USER/reliability_medmnistc_ab/table1_clean_only_20260922/formal/bloodmnist/seed_2/results/bloodmnist/facility/ratio_0.02/selection_seed_2/train_seed_2/aug_0
bloodmnist,2,fps,COMPLETE,0.02,2,2,224,1000,200,True,clean,clean,clean,0,5a23a517d481c617c7062394b732b1a48629949fc67356971eab5c2f7c46136a,0.7585501315404852,0.746790731873811,0.30397236614853196,/project/PROJECT_ROOT/USER/reliability_medmnistc_ab/table1_clean_only_20260922/formal/bloodmnist/seed_2/results/bloodmnist/fps/ratio_0.02/selection_seed_2/train_seed_2/aug_0
bloodmnist,2,herding,COMPLETE,0.02,2,2,224,1000,200,True,clean,clean,clean,0,fba19f94ffa16e982e5128db3cdfecda0a769a163ee59a6faf97867b4d2c930b,0.8441976030400468,0.8431672298611078,0.5267702936096719,/project/PROJECT_ROOT/USER/reliability_medmnistc_ab/table1_clean_only_20260922/formal/bloodmnist/seed_2/results/bloodmnist/herding/ratio_0.02/selection_seed_2/train_seed_2/aug_0
bloodmnist,2,graph_a2,COMPLETE,0.02,2,2,224,1000,200,True,clean,clean,clean,0,8d52ef87bcaa8d8249291c548b7220ce7df2ea1885b6c69689c77398d52d00c7,0.8094124524992692,0.8089237392318613,0.5008635578583766,/project/PROJECT_ROOT/USER/reliability_medmnistc_ab/table1_clean_only_20260922/formal/bloodmnist/seed_2/results/bloodmnist/graph_a2/ratio_0.02/selection_seed_2/train_seed_2/aug_0
bloodmnist,3,random,COMPLETE,0.02,3,3,224,1000,200,True,clean,clean,clean,0,595ea43bf2cc1038f2cb0abdf1e364d6b9d53500fc5076f9e8d64efc656d35a3,0.847413037123648,0.8319110638646607,0.6925734024179621,/project/PROJECT_ROOT/USER/reliability_medmnistc_ab/table1_clean_only_20260922/formal/bloodmnist/seed_3/results/bloodmnist/random/ratio_0.02/selection_seed_3/train_seed_3/aug_0
bloodmnist,3,el2n_top,COMPLETE,0.02,3,3,224,1000,200,True,clean,clean,clean,0,97adb5a46c110c3ee97fb6022911f917c1f58d8b59918fe760c6716b30c4b009,0.5591932183572055,0.5730608858804759,0.24324324324324326,/project/PROJECT_ROOT/USER/reliability_medmnistc_ab/table1_clean_only_20260922/formal/bloodmnist/seed_3/results/bloodmnist/el2n_top/ratio_0.02/selection_seed_3/train_seed_3/aug_0
bloodmnist,3,forgetting,COMPLETE,0.02,3,3,224,1000,200,True,clean,clean,clean,0,9dc4535d1ae39e5b0f1a48f3667ad8f4487e82802e2ad0c66ba79c4fb533339e,0.6807950891552178,0.6592182300533782,0.3592400690846287,/project/PROJECT_ROOT/USER/reliability_medmnistc_ab/table1_clean_only_20260922/formal/bloodmnist/seed_3/results/bloodmnist/forgetting/ratio_0.02/selection_seed_3/train_seed_3/aug_0
bloodmnist,3,eva,COMPLETE,0.02,3,3,224,1000,200,True,clean,clean,clean,0,629681d3f6769cdba92a9aa05482785d43aaa74b4fb22bdae4d88004f8510001,0.6974568839520608,0.6962248560867539,0.30915371329879104,/project/PROJECT_ROOT/USER/reliability_medmnistc_ab/table1_clean_only_20260922/formal/bloodmnist/seed_3/results/bloodmnist/eva/ratio_0.02/selection_seed_3/train_seed_3/aug_0
bloodmnist,3,facility,COMPLETE,0.02,3,3,224,1000,200,True,clean,clean,clean,0,a0b304a3c7b2ed13888b6078b3e575368f0bfe345ca5dc558fb3b91b0902add5,0.785735165156387,0.7814022344645815,0.5043177892918825,/project/PROJECT_ROOT/USER/reliability_medmnistc_ab/table1_clean_only_20260922/formal/bloodmnist/seed_3/results/bloodmnist/facility/ratio_0.02/selection_seed_3/train_seed_3/aug_0
bloodmnist,3,fps,COMPLETE,0.02,3,3,224,1000,200,True,clean,clean,clean,0,3094b96203862a7ab8ba3c041117e6d8d921cb47ab9d7c25be1c93e2dcaabe61,0.782812043262204,0.7832705827544102,0.31951640759930916,/project/PROJECT_ROOT/USER/reliability_medmnistc_ab/table1_clean_only_20260922/formal/bloodmnist/seed_3/results/bloodmnist/fps/ratio_0.02/selection_seed_3/train_seed_3/aug_0
bloodmnist,3,herding,COMPLETE,0.02,3,3,224,1000,200,True,clean,clean,clean,0,8ae752c51a23dbfdfa21c7f7e5d97ade5f36d3a5fba67c0edc18a39573e317d1,0.8292896813797135,0.8224799965841171,0.5889464594127807,/project/PROJECT_ROOT/USER/reliability_medmnistc_ab/table1_clean_only_20260922/formal/bloodmnist/seed_3/results/bloodmnist/herding/ratio_0.02/selection_seed_3/train_seed_3/aug_0
bloodmnist,3,graph_a2,COMPLETE,0.02,3,3,224,1000,200,True,clean,clean,clean,0,016984e1dccc5bdbbdf394e5517d54effc3f4a86f5812f3f895f2205cfb9d2f2,0.8555977784273604,0.8488371497599876,0.5941278065630398,/project/PROJECT_ROOT/USER/reliability_medmnistc_ab/table1_clean_only_20260922/formal/bloodmnist/seed_3/results/bloodmnist/graph_a2/ratio_0.02/selection_seed_3/train_seed_3/aug_0
bloodmnist,4,random,COMPLETE,0.02,4,4,224,1000,200,True,clean,clean,clean,0,e7613428ac193e5769c367d2fd38c076fa0561f468bd81245c127fae5bd52af0,0.8406898567670272,0.8374541104832898,0.5647668393782384,/project/PROJECT_ROOT/USER/reliability_medmnistc_ab/table1_clean_only_20260922/formal/bloodmnist/seed_4/results/bloodmnist/random/ratio_0.02/selection_seed_4/train_seed_4/aug_0
bloodmnist,4,el2n_top,COMPLETE,0.02,4,4,224,1000,200,True,clean,clean,clean,0,775149b7dd5fbe7dbc8e37f974517f71cec42fe8761c2c78ef47891767b2cabb,0.47062262496346097,0.46446920055823315,0.09499136442141623,/project/PROJECT_ROOT/USER/reliability_medmnistc_ab/table1_clean_only_20260922/formal/bloodmnist/seed_4/results/bloodmnist/el2n_top/ratio_0.02/selection_seed_4/train_seed_4/aug_0
bloodmnist,4,forgetting,COMPLETE,0.02,4,4,224,1000,200,True,clean,clean,clean,0,fc7b5aa510556b0f462e8a983547b61165ae4c20a24a0881ca971675ff12821b,0.7024261911721719,0.6569986237254735,0.19292604501607716,/project/PROJECT_ROOT/USER/reliability_medmnistc_ab/table1_clean_only_20260922/formal/bloodmnist/seed_4/results/bloodmnist/forgetting/ratio_0.02/selection_seed_4/train_seed_4/aug_0
bloodmnist,4,eva,COMPLETE,0.02,4,4,224,1000,200,True,clean,clean,clean,0,c334e304a2d14b72e129c182e0981eed1fa9f6eff97b060250154e08a2263a75,0.7752119263373283,0.7553045273787294,0.43523316062176165,/project/PROJECT_ROOT/USER/reliability_medmnistc_ab/table1_clean_only_20260922/formal/bloodmnist/seed_4/results/bloodmnist/eva/ratio_0.02/selection_seed_4/train_seed_4/aug_0
bloodmnist,4,facility,COMPLETE,0.02,4,4,224,1000,200,True,clean,clean,clean,0,e3624796f781ec428850e5af58733fde1a4135bd0b1c323914597a5231f57af8,0.7886582870505701,0.7901641179853915,0.4991364421416235,/project/PROJECT_ROOT/USER/reliability_medmnistc_ab/table1_clean_only_20260922/formal/bloodmnist/seed_4/results/bloodmnist/facility/ratio_0.02/selection_seed_4/train_seed_4/aug_0
bloodmnist,4,fps,COMPLETE,0.02,4,4,224,1000,200,True,clean,clean,clean,0,bfad0927e45c80c1b9d31ccd52b3e381394f7ac83443f03dd7c29f6a8e0d6a50,0.752411575562701,0.7664447123932483,0.23661485319516407,/project/PROJECT_ROOT/USER/reliability_medmnistc_ab/table1_clean_only_20260922/formal/bloodmnist/seed_4/results/bloodmnist/fps/ratio_0.02/selection_seed_4/train_seed_4/aug_0
bloodmnist,4,herding,COMPLETE,0.02,4,4,224,1000,200,True,clean,clean,clean,0,44c1492cf5e3acc851c8e77d2405c614a7f696151902cdf2791143d515b38f2d,0.7907044723764981,0.8073206390144202,0.5267702936096719,/project/PROJECT_ROOT/USER/reliability_medmnistc_ab/table1_clean_only_20260922/formal/bloodmnist/seed_4/results/bloodmnist/herding/ratio_0.02/selection_seed_4/train_seed_4/aug_0
bloodmnist,4,graph_a2,COMPLETE,0.02,4,4,224,1000,200,True,clean,clean,clean,0,76a6851431b418e1a8a0f85d19104ae3a31dfbe95f2263b2162eb0a3203ca19e,0.8275358082432037,0.8246255384861925,0.5837651122625216,/project/PROJECT_ROOT/USER/reliability_medmnistc_ab/table1_clean_only_20260922/formal/bloodmnist/seed_4/results/bloodmnist/graph_a2/ratio_0.02/selection_seed_4/train_seed_4/aug_0
bloodmnist,5,random,COMPLETE,0.02,5,5,224,1000,200,True,clean,clean,clean,0,49dbcddf6ca6b293096d5cdfb7ecd979ddf7cc75bb4729d44b7a7eab9bb9247e,0.8906752411575563,0.8850592024975594,0.6563039723661486,/project/PROJECT_ROOT/USER/reliability_medmnistc_ab/table1_clean_only_20260922/formal/bloodmnist/seed_5/results/bloodmnist/random/ratio_0.02/selection_seed_5/train_seed_5/aug_0
bloodmnist,5,el2n_top,COMPLETE,0.02,5,5,224,1000,200,True,clean,clean,clean,0,a4405bd9576be23e387bc1d8a4a0c6d1935acfd6d45d5764c60f4587e7a8203b,0.48289973691902954,0.49755111823117915,0.12089810017271158,/project/PROJECT_ROOT/USER/reliability_medmnistc_ab/table1_clean_only_20260922/formal/bloodmnist/seed_5/results/bloodmnist/el2n_top/ratio_0.02/selection_seed_5/train_seed_5/aug_0
bloodmnist,5,forgetting,COMPLETE,0.02,5,5,224,1000,200,True,clean,clean,clean,0,91a9ab78541533d1e912e3352464ec9f4fda967f96b032d3e7d64707c845210e,0.7038877521192634,0.7022002297393722,0.2469775474956822,/project/PROJECT_ROOT/USER/reliability_medmnistc_ab/table1_clean_only_20260922/formal/bloodmnist/seed_5/results/bloodmnist/forgetting/ratio_0.02/selection_seed_5/train_seed_5/aug_0
bloodmnist,5,eva,COMPLETE,0.02,5,5,224,1000,200,True,clean,clean,clean,0,a4b388b7fddb34879d6582730896885ec3226bdfb7e6d87ef601aded7c795834,0.7898275358082432,0.773449214229665,0.5369774919614148,/project/PROJECT_ROOT/USER/reliability_medmnistc_ab/table1_clean_only_20260922/formal/bloodmnist/seed_5/results/bloodmnist/eva/ratio_0.02/selection_seed_5/train_seed_5/aug_0
bloodmnist,5,facility,COMPLETE,0.02,5,5,224,1000,200,True,clean,clean,clean,0,337d71aa08ffad04a60b4736aec602cb7cc2fb7da64900ad4d4a9d330dc710de,0.7959660917860275,0.8033882742589287,0.45077720207253885,/project/PROJECT_ROOT/USER/reliability_medmnistc_ab/table1_clean_only_20260922/formal/bloodmnist/seed_5/results/bloodmnist/facility/ratio_0.02/selection_seed_5/train_seed_5/aug_0
bloodmnist,5,fps,COMPLETE,0.02,5,5,224,1000,200,True,clean,clean,clean,0,e5db7436db67adf93ab7f8da51fba153d7ca3c970497af1fed290a42f8377929,0.7781350482315113,0.7766840486436909,0.3920552677029361,/project/PROJECT_ROOT/USER/reliability_medmnistc_ab/table1_clean_only_20260922/formal/bloodmnist/seed_5/results/bloodmnist/fps/ratio_0.02/selection_seed_5/train_seed_5/aug_0
bloodmnist,5,herding,COMPLETE,0.02,5,5,224,1000,200,True,clean,clean,clean,0,72f410b74defeb87bb0448bb4326a4f1974c498c164b8ab3d275a677c209f071,0.8555977784273604,0.8445874363799876,0.6528497409326425,/project/PROJECT_ROOT/USER/reliability_medmnistc_ab/table1_clean_only_20260922/formal/bloodmnist/seed_5/results/bloodmnist/herding/ratio_0.02/selection_seed_5/train_seed_5/aug_0
bloodmnist,5,graph_a2,COMPLETE,0.02,5,5,224,1000,200,True,clean,clean,clean,0,47e39578e05a581854e92bb71ebe4727bc7a77ad47db2056a7007a86adc88ad3,0.870798012277112,0.8706136834178907,0.6407599309153713,/project/PROJECT_ROOT/USER/reliability_medmnistc_ab/table1_clean_only_20260922/formal/bloodmnist/seed_5/results/bloodmnist/graph_a2/ratio_0.02/selection_seed_5/train_seed_5/aug_0
bloodmnist,6,random,INCOMPLETE,0.02,6,6,224,1000,200,True,clean,clean,clean,0,,,,,/project/PROJECT_ROOT/USER/reliability_medmnistc_ab/table1_clean_only_20260922/formal/bloodmnist/seed_6/results/bloodmnist/random/ratio_0.02/selection_seed_6/train_seed_6/aug_0
bloodmnist,6,el2n_top,INCOMPLETE,0.02,6,6,224,1000,200,True,clean,clean,clean,0,,,,,/project/PROJECT_ROOT/USER/reliability_medmnistc_ab/table1_clean_only_20260922/formal/bloodmnist/seed_6/results/bloodmnist/el2n_top/ratio_0.02/selection_seed_6/train_seed_6/aug_0
bloodmnist,6,forgetting,INCOMPLETE,0.02,6,6,224,1000,200,True,clean,clean,clean,0,,,,,/project/PROJECT_ROOT/USER/reliability_medmnistc_ab/table1_clean_only_20260922/formal/bloodmnist/seed_6/results/bloodmnist/forgetting/ratio_0.02/selection_seed_6/train_seed_6/aug_0
bloodmnist,6,eva,INCOMPLETE,0.02,6,6,224,1000,200,True,clean,clean,clean,0,,,,,/project/PROJECT_ROOT/USER/reliability_medmnistc_ab/table1_clean_only_20260922/formal/bloodmnist/seed_6/results/bloodmnist/eva/ratio_0.02/selection_seed_6/train_seed_6/aug_0
bloodmnist,6,facility,INCOMPLETE,0.02,6,6,224,1000,200,True,clean,clean,clean,0,,,,,/project/PROJECT_ROOT/USER/reliability_medmnistc_ab/table1_clean_only_20260922/formal/bloodmnist/seed_6/results/bloodmnist/facility/ratio_0.02/selection_seed_6/train_seed_6/aug_0
bloodmnist,6,fps,INCOMPLETE,0.02,6,6,224,1000,200,True,clean,clean,clean,0,,,,,/project/PROJECT_ROOT/USER/reliability_medmnistc_ab/table1_clean_only_20260922/formal/bloodmnist/seed_6/results/bloodmnist/fps/ratio_0.02/selection_seed_6/train_seed_6/aug_0
bloodmnist,6,herding,INCOMPLETE,0.02,6,6,224,1000,200,True,clean,clean,clean,0,,,,,/project/PROJECT_ROOT/USER/reliability_medmnistc_ab/table1_clean_only_20260922/formal/bloodmnist/seed_6/results/bloodmnist/herding/ratio_0.02/selection_seed_6/train_seed_6/aug_0
bloodmnist,6,graph_a2,INCOMPLETE,0.02,6,6,224,1000,200,True,clean,clean,clean,0,,,,,/project/PROJECT_ROOT/USER/reliability_medmnistc_ab/table1_clean_only_20260922/formal/bloodmnist/seed_6/results/bloodmnist/graph_a2/ratio_0.02/selection_seed_6/train_seed_6/aug_0
bloodmnist,2026,random,INCOMPLETE,0.02,2026,2026,224,1000,200,True,clean,clean,clean,0,,,,,/project/PROJECT_ROOT/USER/reliability_medmnistc_ab/table1_clean_only_20260922/formal/bloodmnist/seed_2026/results/bloodmnist/random/ratio_0.02/selection_seed_2026/train_seed_2026/aug_0
bloodmnist,2026,el2n_top,INCOMPLETE,0.02,2026,2026,224,1000,200,True,clean,clean,clean,0,,,,,/project/PROJECT_ROOT/USER/reliability_medmnistc_ab/table1_clean_only_20260922/formal/bloodmnist/seed_2026/results/bloodmnist/el2n_top/ratio_0.02/selection_seed_2026/train_seed_2026/aug_0
bloodmnist,2026,forgetting,INCOMPLETE,0.02,2026,2026,224,1000,200,True,clean,clean,clean,0,,,,,/project/PROJECT_ROOT/USER/reliability_medmnistc_ab/table1_clean_only_20260922/formal/bloodmnist/seed_2026/results/bloodmnist/forgetting/ratio_0.02/selection_seed_2026/train_seed_2026/aug_0
bloodmnist,2026,eva,INCOMPLETE,0.02,2026,2026,224,1000,200,True,clean,clean,clean,0,,,,,/project/PROJECT_ROOT/USER/reliability_medmnistc_ab/table1_clean_only_20260922/formal/bloodmnist/seed_2026/results/bloodmnist/eva/ratio_0.02/selection_seed_2026/train_seed_2026/aug_0
bloodmnist,2026,facility,INCOMPLETE,0.02,2026,2026,224,1000,200,True,clean,clean,clean,0,,,,,/project/PROJECT_ROOT/USER/reliability_medmnistc_ab/table1_clean_only_20260922/formal/bloodmnist/seed_2026/results/bloodmnist/facility/ratio_0.02/selection_seed_2026/train_seed_2026/aug_0
bloodmnist,2026,fps,INCOMPLETE,0.02,2026,2026,224,1000,200,True,clean,clean,clean,0,,,,,/project/PROJECT_ROOT/USER/reliability_medmnistc_ab/table1_clean_only_20260922/formal/bloodmnist/seed_2026/results/bloodmnist/fps/ratio_0.02/selection_seed_2026/train_seed_2026/aug_0
bloodmnist,2026,herding,INCOMPLETE,0.02,2026,2026,224,1000,200,True,clean,clean,clean,0,,,,,/project/PROJECT_ROOT/USER/reliability_medmnistc_ab/table1_clean_only_20260922/formal/bloodmnist/seed_2026/results/bloodmnist/herding/ratio_0.02/selection_seed_2026/train_seed_2026/aug_0
bloodmnist,2026,graph_a2,INCOMPLETE,0.02,2026,2026,224,1000,200,True,clean,clean,clean,0,,,,,/project/PROJECT_ROOT/USER/reliability_medmnistc_ab/table1_clean_only_20260922/formal/bloodmnist/seed_2026/results/bloodmnist/graph_a2/ratio_0.02/selection_seed_2026/train_seed_2026/aug_0
