acc,augment,aurc,ba,brier,budget_per_class,checkpoint,checkpoint_sha256,clean_ba_drop,clean_worst_recall_drop,corruption,dataset,ece15,high_conf_errors,method,n_classes_observed,n_samples,n_selected,nll,ratio,recall_0,recall_1,recall_2,recall_3,recall_4,recall_5,recall_6,recall_7,recall_8,risk_at_80,risk_at_80_n,selection_seed,selection_sha256,severity,training_seed,worst_recall
0.8591922005571031,0,0.05044209331280094,0.8176409745761437,0.22304565441922944,199,/mnt/prj01/hgrp-1502-5TB/xuxiaoyu/reliability_medmnistc_ab/formal_runs/cross_path_random_grapha2_sel42_43_train42_43_20260917/runs/pathmnist/graph_a2/ratio_0.02/selection_seed_42/train_seed_42/aug_0/final.pt,c183ce6c2abee8da32bc6e7919737361e846cb2aa5f78e8b718b838e5784ddf9,,,clean,pathmnist,0.0632715344781829,502,graph_a2,9,7180,1791,0.5963042481770261,0.02,0.8684603886397608,1.0,0.8200589970501475,0.9668769716088328,0.9420289855072463,0.6807432432432432,0.8218623481781376,0.332541567695962,0.9261962692619627,0.07172701949860724,5744,42,34f0f71ba7118d9ceb1b99e11f735e7180f87f999fdc205d5b2f3f394a81ad4d,0,42,0.332541567695962
0.5463788300835655,0,0.2721028449575945,0.47605016569680614,0.7792222991630029,199,/mnt/prj01/hgrp-1502-5TB/xuxiaoyu/reliability_medmnistc_ab/formal_runs/cross_path_random_grapha2_sel42_43_train42_43_20260917/runs/pathmnist/graph_a2/ratio_0.02/selection_seed_42/train_seed_42/aug_0/final.pt,c183ce6c2abee8da32bc6e7919737361e846cb2aa5f78e8b718b838e5784ddf9,0.34159080887933757,0.33119204003064484,brightness_down,pathmnist,0.34178985627082725,2122,graph_a2,9,7180,1791,2.720178246699106,0.02,0.820627802690583,1.0,0.49852507374631266,0.805993690851735,0.2222222222222222,0.02702702702702703,0.001349527665317139,0.0855106888361045,0.8231954582319546,0.3840529247910863,5744,42,34f0f71ba7118d9ceb1b99e11f735e7180f87f999fdc205d5b2f3f394a81ad4d,1,42,0.001349527665317139
0.2853760445682451,0,0.5815751561982299,0.29523672679765234,1.3006274144758163,199,/mnt/prj01/hgrp-1502-5TB/xuxiaoyu/reliability_medmnistc_ab/formal_runs/cross_path_random_grapha2_sel42_43_train42_43_20260917/runs/pathmnist/graph_a2/ratio_0.02/selection_seed_42/train_seed_42/aug_0/final.pt,c183ce6c2abee8da32bc6e7919737361e846cb2aa5f78e8b718b838e5784ddf9,0.5224042477784914,0.332541567695962,brightness_down,pathmnist,0.6177369227274878,4069,graph_a2,9,7180,1791,5.857247561793904,0.02,0.016442451420029897,1.0,0.49852507374631266,0.637223974763407,0.020289855072463767,0.0,0.0,0.014251781472684086,0.47039740470397406,0.703516713091922,5744,42,34f0f71ba7118d9ceb1b99e11f735e7180f87f999fdc205d5b2f3f394a81ad4d,2,42,0.0
0.18857938718662953,0,0.7725111141382723,0.2179058280876656,1.5775499743346988,199,/mnt/prj01/hgrp-1502-5TB/xuxiaoyu/reliability_medmnistc_ab/formal_runs/cross_path_random_grapha2_sel42_43_train42_43_20260917/runs/pathmnist/graph_a2/ratio_0.02/selection_seed_42/train_seed_42/aug_0/final.pt,c183ce6c2abee8da32bc6e7919737361e846cb2aa5f78e8b718b838e5784ddf9,0.5997351464884781,0.332541567695962,brightness_down,pathmnist,0.7775795267734024,5512,graph_a2,9,7180,1791,10.38704829352033,0.02,0.0,1.0,0.49852507374631266,0.38801261829652994,0.0,0.0,0.0,0.0,0.0746147607461476,0.8152855153203342,5744,42,34f0f71ba7118d9ceb1b99e11f735e7180f87f999fdc205d5b2f3f394a81ad4d,3,42,0.0
0.1511142061281337,0,0.8104946110528213,0.1776587837419775,1.6496603308208764,199,/mnt/prj01/hgrp-1502-5TB/xuxiaoyu/reliability_medmnistc_ab/formal_runs/cross_path_random_grapha2_sel42_43_train42_43_20260917/runs/pathmnist/graph_a2/ratio_0.02/selection_seed_42/train_seed_42/aug_0/final.pt,c183ce6c2abee8da32bc6e7919737361e846cb2aa5f78e8b718b838e5784ddf9,0.6399821908341662,0.332541567695962,brightness_down,pathmnist,0.8192243611912209,5722,graph_a2,9,7180,1791,12.746796942279964,0.02,0.0,1.0,0.49852507374631266,0.0914826498422713,0.0,0.0,0.0,0.0,0.008921330089213302,0.8243384401114207,5744,42,34f0f71ba7118d9ceb1b99e11f735e7180f87f999fdc205d5b2f3f394a81ad4d,4,42,0.0
0.1415041782729805,0,0.8228392669794999,0.16650278597181253,1.6885445472446008,199,/mnt/prj01/hgrp-1502-5TB/xuxiaoyu/reliability_medmnistc_ab/formal_runs/cross_path_random_grapha2_sel42_43_train42_43_20260917/runs/pathmnist/graph_a2/ratio_0.02/selection_seed_42/train_seed_42/aug_0/final.pt,c183ce6c2abee8da32bc6e7919737361e846cb2aa5f78e8b718b838e5784ddf9,0.6511381886043311,0.332541567695962,brightness_down,pathmnist,0.8420076096456364,5977,graph_a2,9,7180,1791,14.191164367985651,0.02,0.0,1.0,0.49852507374631266,0.0,0.0,0.0,0.0,0.0,0.0,0.8260793871866295,5744,42,34f0f71ba7118d9ceb1b99e11f735e7180f87f999fdc205d5b2f3f394a81ad4d,5,42,0.0
0.3520891364902507,0,0.48178498056493374,0.3696836241753898,1.1706506723575814,199,/mnt/prj01/hgrp-1502-5TB/xuxiaoyu/reliability_medmnistc_ab/formal_runs/cross_path_random_grapha2_sel42_43_train42_43_20260917/runs/pathmnist/graph_a2/ratio_0.02/selection_seed_42/train_seed_42/aug_0/final.pt,c183ce6c2abee8da32bc6e7919737361e846cb2aa5f78e8b718b838e5784ddf9,0.4479573504007539,0.2645296095494747,brightness_up,pathmnist,0.5579892410541312,3836,graph_a2,9,7180,1791,3.732847830146269,0.02,0.06801195814648729,1.0,0.15339233038348082,0.43217665615141954,0.2144927536231884,0.8631756756756757,0.12010796221322537,0.17814726840855108,0.29764801297648014,0.6450208913649025,5744,42,34f0f71ba7118d9ceb1b99e11f735e7180f87f999fdc205d5b2f3f394a81ad4d,1,42,0.06801195814648729
0.23022284122562675,0,0.5536944594746545,0.25689086475700545,1.4098712795804718,199,/mnt/prj01/hgrp-1502-5TB/xuxiaoyu/reliability_medmnistc_ab/formal_runs/cross_path_random_grapha2_sel42_43_train42_43_20260917/runs/pathmnist/graph_a2/ratio_0.02/selection_seed_42/train_seed_42/aug_0/final.pt,c183ce6c2abee8da32bc6e7919737361e846cb2aa5f78e8b718b838e5784ddf9,0.5607501098191383,0.3284929847000106,brightness_up,pathmnist,0.689212168024692,4521,graph_a2,9,7180,1791,5.2347380030737005,0.02,0.005979073243647235,1.0,0.06784660766961652,0.24921135646687698,0.020289855072463767,0.9003378378378378,0.004048582995951417,0.023752969121140142,0.040551500405515,0.7414693593314763,5744,42,34f0f71ba7118d9ceb1b99e11f735e7180f87f999fdc205d5b2f3f394a81ad4d,2,42,0.004048582995951417
0.20571030640668525,0,0.6029315006827604,0.23041324977303912,1.4885990671640603,199,/mnt/prj01/hgrp-1502-5TB/xuxiaoyu/reliability_medmnistc_ab/formal_runs/cross_path_random_grapha2_sel42_43_train42_43_20260917/runs/pathmnist/graph_a2/ratio_0.02/selection_seed_42/train_seed_42/aug_0/final.pt,c183ce6c2abee8da32bc6e7919737361e846cb2aa5f78e8b718b838e5784ddf9,0.5872277248031046,0.332541567695962,brightness_up,pathmnist,0.7284549161791802,4835,graph_a2,9,7180,1791,6.029945399590489,0.02,0.0,1.0,0.04424778761061947,0.11514195583596215,0.0,0.9070945945945946,0.004048582995951417,0.0023752969121140144,0.0008110300081103001,0.7567896935933147,5744,42,34f0f71ba7118d9ceb1b99e11f735e7180f87f999fdc205d5b2f3f394a81ad4d,3,42,0.0
0.20250696378830083,0,0.6275667892438891,0.22607386241818922,1.5053851195323893,199,/mnt/prj01/hgrp-1502-5TB/xuxiaoyu/reliability_medmnistc_ab/formal_runs/cross_path_random_grapha2_sel42_43_train42_43_20260917/runs/pathmnist/graph_a2/ratio_0.02/selection_seed_42/train_seed_42/aug_0/final.pt,c183ce6c2abee8da32bc6e7919737361e846cb2aa5f78e8b718b838e5784ddf9,0.5915671121579544,0.332541567695962,brightness_up,pathmnist,0.7369840148722229,4926,graph_a2,9,7180,1791,6.263107369226231,0.02,0.0,1.0,0.038348082595870206,0.08517350157728706,0.0,0.9070945945945946,0.004048582995951417,0.0,0.0,0.7585306406685237,5744,42,34f0f71ba7118d9ceb1b99e11f735e7180f87f999fdc205d5b2f3f394a81ad4d,4,42,0.0
0.19763231197771589,0,0.6381993173236512,0.22027378005553613,1.5270504460181662,199,/mnt/prj01/hgrp-1502-5TB/xuxiaoyu/reliability_medmnistc_ab/formal_runs/cross_path_random_grapha2_sel42_43_train42_43_20260917/runs/pathmnist/graph_a2/ratio_0.02/selection_seed_42/train_seed_42/aug_0/final.pt,c183ce6c2abee8da32bc6e7919737361e846cb2aa5f78e8b718b838e5784ddf9,0.5973671945206076,0.332541567695962,brightness_up,pathmnist,0.7501587922111526,5090,graph_a2,9,7180,1791,6.556688621880355,0.02,0.0,0.9917355371900827,0.038348082595870206,0.04258675078864353,0.0,0.9070945945945946,0.002699055330634278,0.0,0.0,0.7630571030640668,5744,42,34f0f71ba7118d9ceb1b99e11f735e7180f87f999fdc205d5b2f3f394a81ad4d,5,42,0.0
0.8540389972144847,0,0.052543510594085595,0.8116624645250395,0.22860974375287754,199,/mnt/prj01/hgrp-1502-5TB/xuxiaoyu/reliability_medmnistc_ab/formal_runs/cross_path_random_grapha2_sel42_43_train42_43_20260917/runs/pathmnist/graph_a2/ratio_0.02/selection_seed_42/train_seed_42/aug_0/final.pt,c183ce6c2abee8da32bc6e7919737361e846cb2aa5f78e8b718b838e5784ddf9,0.005978510051104169,-0.009501187648456033,bubble,pathmnist,0.06475592142692185,512,graph_a2,9,7180,1791,0.5970645976355768,0.02,0.8572496263079222,1.0,0.8082595870206489,0.9779179810725552,0.9381642512077295,0.6418918918918919,0.8043184885290149,0.342042755344418,0.935117599351176,0.0725974930362117,5744,42,34f0f71ba7118d9ceb1b99e11f735e7180f87f999fdc205d5b2f3f394a81ad4d,1,42,0.342042755344418
0.8527855153203343,0,0.05265122566844532,0.810997902656018,0.22860764552778196,199,/mnt/prj01/hgrp-1502-5TB/xuxiaoyu/reliability_medmnistc_ab/formal_runs/cross_path_random_grapha2_sel42_43_train42_43_20260917/runs/pathmnist/graph_a2/ratio_0.02/selection_seed_42/train_seed_42/aug_0/final.pt,c183ce6c2abee8da32bc6e7919737361e846cb2aa5f78e8b718b838e5784ddf9,0.006643071920125698,-0.026128266033254133,bubble,pathmnist,0.06398194703717089,491,graph_a2,9,7180,1791,0.5949603985678614,0.02,0.8565022421524664,1.0,0.7905604719764012,0.9858044164037855,0.9371980676328503,0.6418918918918919,0.8029689608636977,0.3586698337292161,0.9253852392538524,0.07172701949860724,5744,42,34f0f71ba7118d9ceb1b99e11f735e7180f87f999fdc205d5b2f3f394a81ad4d,2,42,0.3586698337292161
0.851949860724234,0,0.05310197437411853,0.809293113537924,0.23163222254426405,199,/mnt/prj01/hgrp-1502-5TB/xuxiaoyu/reliability_medmnistc_ab/formal_runs/cross_path_random_grapha2_sel42_43_train42_43_20260917/runs/pathmnist/graph_a2/ratio_0.02/selection_seed_42/train_seed_42/aug_0/final.pt,c183ce6c2abee8da32bc6e7919737361e846cb2aa5f78e8b718b838e5784ddf9,0.008347861038219717,-0.0166270783847981,bubble,pathmnist,0.06541767797347235,493,graph_a2,9,7180,1791,0.5989954744260184,0.02,0.851270553064275,1.0,0.7846607669616519,0.9826498422712934,0.9400966183574879,0.6452702702702703,0.8002699055330634,0.3491686460807601,0.9302514193025142,0.07468662952646239,5744,42,34f0f71ba7118d9ceb1b99e11f735e7180f87f999fdc205d5b2f3f394a81ad4d,3,42,0.3491686460807601
0.8435933147632312,0,0.056793630495608066,0.7989732373400127,0.24150212376109284,199,/mnt/prj01/hgrp-1502-5TB/xuxiaoyu/reliability_medmnistc_ab/formal_runs/cross_path_random_grapha2_sel42_43_train42_43_20260917/runs/pathmnist/graph_a2/ratio_0.02/selection_seed_42/train_seed_42/aug_0/final.pt,c183ce6c2abee8da32bc6e7919737361e846cb2aa5f78e8b718b838e5784ddf9,0.01866773723613102,-0.0071258907363420665,bubble,pathmnist,0.06415530599674472,508,graph_a2,9,7180,1791,0.6117235956046778,0.02,0.8430493273542601,1.0,0.7581120943952803,0.9826498422712934,0.9400966183574879,0.6317567567567568,0.7692307692307693,0.33966745843230406,0.9261962692619627,0.0806058495821727,5744,42,34f0f71ba7118d9ceb1b99e11f735e7180f87f999fdc205d5b2f3f394a81ad4d,4,42,0.33966745843230406
0.8337047353760446,0,0.06470495440004362,0.7884220545820894,0.25576134521061983,199,/mnt/prj01/hgrp-1502-5TB/xuxiaoyu/reliability_medmnistc_ab/formal_runs/cross_path_random_grapha2_sel42_43_train42_43_20260917/runs/pathmnist/graph_a2/ratio_0.02/selection_seed_42/train_seed_42/aug_0/final.pt,c183ce6c2abee8da32bc6e7919737361e846cb2aa5f78e8b718b838e5784ddf9,0.02921891999405435,-0.023752969121140166,bubble,pathmnist,0.06692866744437256,524,graph_a2,9,7180,1791,0.6433792183216471,0.02,0.8288490284005979,1.0,0.7079646017699115,0.9842271293375394,0.9400966183574879,0.6266891891891891,0.7408906882591093,0.35629453681710216,0.910786699107867,0.09122562674094707,5744,42,34f0f71ba7118d9ceb1b99e11f735e7180f87f999fdc205d5b2f3f394a81ad4d,5,42,0.35629453681710216
0.7331476323119778,0,0.1004378549555154,0.6523996607690713,0.43461777802650736,199,/mnt/prj01/hgrp-1502-5TB/xuxiaoyu/reliability_medmnistc_ab/formal_runs/cross_path_random_grapha2_sel42_43_train42_43_20260917/runs/pathmnist/graph_a2/ratio_0.02/selection_seed_42/train_seed_42/aug_0/final.pt,c183ce6c2abee8da32bc6e7919737361e846cb2aa5f78e8b718b838e5784ddf9,0.1652413138070724,0.14014251781472684,contrast_down,pathmnist,0.17248462348512295,1069,graph_a2,9,7180,1791,1.2723968337909464,0.02,0.9080717488789237,1.0,0.528023598820059,0.9842271293375394,0.8608695652173913,0.2702702702702703,0.25101214574898784,0.19239904988123516,0.8767234387672344,0.17879526462395542,5744,42,34f0f71ba7118d9ceb1b99e11f735e7180f87f999fdc205d5b2f3f394a81ad4d,1,42,0.19239904988123516
0.5874651810584958,0,0.20640136053903266,0.506963719228598,0.6917046609440363,199,/mnt/prj01/hgrp-1502-5TB/xuxiaoyu/reliability_medmnistc_ab/formal_runs/cross_path_random_grapha2_sel42_43_train42_43_20260917/runs/pathmnist/graph_a2/ratio_0.02/selection_seed_42/train_seed_42/aug_0/final.pt,c183ce6c2abee8da32bc6e7919737361e846cb2aa5f78e8b718b838e5784ddf9,0.31067725534754576,0.32066508313539194,contrast_down,pathmnist,0.29765476885778325,1817,graph_a2,9,7180,1791,2.2449754811073346,0.02,0.9319880418535127,1.0,0.48672566371681414,0.8706624605678234,0.6193236714975845,0.03547297297297297,0.016194331983805668,0.011876484560570071,0.5904298459042985,0.34018105849582175,5744,42,34f0f71ba7118d9ceb1b99e11f735e7180f87f999fdc205d5b2f3f394a81ad4d,2,42,0.011876484560570071
0.4011142061281337,0,0.3923276442410348,0.3249687225660836,1.0674794103105116,199,/mnt/prj01/hgrp-1502-5TB/xuxiaoyu/reliability_medmnistc_ab/formal_runs/cross_path_random_grapha2_sel42_43_train42_43_20260917/runs/pathmnist/graph_a2/ratio_0.02/selection_seed_42/train_seed_42/aug_0/final.pt,c183ce6c2abee8da32bc6e7919737361e846cb2aa5f78e8b718b838e5784ddf9,0.4926722520100601,0.332541567695962,contrast_down,pathmnist,0.5102597660091925,3263,graph_a2,9,7180,1791,3.9674711516249275,0.02,0.9633781763826607,1.0,0.14454277286135694,0.3990536277602524,0.3690821256038647,0.0,0.0,0.0,0.04866180048661801,0.5447423398328691,5744,42,34f0f71ba7118d9ceb1b99e11f735e7180f87f999fdc205d5b2f3f394a81ad4d,3,42,0.0
0.3625348189415042,0,0.4780716880720805,0.28387335662631313,1.1805753097168419,199,/mnt/prj01/hgrp-1502-5TB/xuxiaoyu/reliability_medmnistc_ab/formal_runs/cross_path_random_grapha2_sel42_43_train42_43_20260917/runs/pathmnist/graph_a2/ratio_0.02/selection_seed_42/train_seed_42/aug_0/final.pt,c183ce6c2abee8da32bc6e7919737361e846cb2aa5f78e8b718b838e5784ddf9,0.5337676179498305,0.332541567695962,contrast_down,pathmnist,0.5703903074965171,3759,graph_a2,9,7180,1791,5.328378103356372,0.02,0.9701046337817638,1.0,0.07079646017699115,0.2586750788643533,0.22608695652173913,0.0,0.0,0.0,0.029197080291970802,0.5940111420612814,5744,42,34f0f71ba7118d9ceb1b99e11f735e7180f87f999fdc205d5b2f3f394a81ad4d,4,42,0.0
0.32813370473537606,0,0.529720649431408,0.24640191808454665,1.27572295046644,199,/mnt/prj01/hgrp-1502-5TB/xuxiaoyu/reliability_medmnistc_ab/formal_runs/cross_path_random_grapha2_sel42_43_train42_43_20260917/runs/pathmnist/graph_a2/ratio_0.02/selection_seed_42/train_seed_42/aug_0/final.pt,c183ce6c2abee8da32bc6e7919737361e846cb2aa5f78e8b718b838e5784ddf9,0.571239056491597,0.332541567695962,contrast_down,pathmnist,0.6247451573983872,4254,graph_a2,9,7180,1791,6.920715152350979,0.02,0.9738415545590433,1.0,0.0029498525073746312,0.11356466876971609,0.12077294685990338,0.0,0.0,0.0,0.006488240064882401,0.6354456824512534,5744,42,34f0f71ba7118d9ceb1b99e11f735e7180f87f999fdc205d5b2f3f394a81ad4d,5,42,0.0
0.7246518105849582,0,0.13677871985467208,0.6720265806091253,0.43893448225098997,199,/mnt/prj01/hgrp-1502-5TB/xuxiaoyu/reliability_medmnistc_ab/formal_runs/cross_path_random_grapha2_sel42_43_train42_43_20260917/runs/pathmnist/graph_a2/ratio_0.02/selection_seed_42/train_seed_42/aug_0/final.pt,c183ce6c2abee8da32bc6e7919737361e846cb2aa5f78e8b718b838e5784ddf9,0.14561439396701836,-0.003741618144745995,contrast_up,pathmnist,0.16086271219266823,1101,graph_a2,9,7180,1791,1.1076435517212928,0.02,0.8385650224215246,1.0,0.336283185840708,0.5946372239747634,0.8164251207729468,0.8243243243243243,0.6707152496626181,0.34441805225653205,0.6228710462287105,0.2076949860724234,5744,42,34f0f71ba7118d9ceb1b99e11f735e7180f87f999fdc205d5b2f3f394a81ad4d,1,42,0.336283185840708
0.4948467966573816,0,0.34678975977589943,0.45983751733963313,0.8434275280342156,199,/mnt/prj01/hgrp-1502-5TB/xuxiaoyu/reliability_medmnistc_ab/formal_runs/cross_path_random_grapha2_sel42_43_train42_43_20260917/runs/pathmnist/graph_a2/ratio_0.02/selection_seed_42/train_seed_42/aug_0/final.pt,c183ce6c2abee8da32bc6e7919737361e846cb2aa5f78e8b718b838e5784ddf9,0.3578034572365106,0.220447172415726,contrast_up,pathmnist,0.36551796510857126,2272,graph_a2,9,7180,1791,2.45082638392184,0.02,0.7825112107623319,1.0,0.11209439528023599,0.27287066246056785,0.4251207729468599,0.8952702702702703,0.2631578947368421,0.23990498812351543,0.14760746147607462,0.47475626740947074,5744,42,34f0f71ba7118d9ceb1b99e11f735e7180f87f999fdc205d5b2f3f394a81ad4d,2,42,0.11209439528023599
0.361142061281337,0,0.4936963562488815,0.3322232829749257,1.0718048325078287,199,/mnt/prj01/hgrp-1502-5TB/xuxiaoyu/reliability_medmnistc_ab/formal_runs/cross_path_random_grapha2_sel42_43_train42_43_20260917/runs/pathmnist/graph_a2/ratio_0.02/selection_seed_42/train_seed_42/aug_0/final.pt,c183ce6c2abee8da32bc6e7919737361e846cb2aa5f78e8b718b838e5784ddf9,0.485417691601218,0.3292974476635208,contrast_up,pathmnist,0.4940588233821239,2877,graph_a2,9,7180,1791,3.5111551830574816,0.02,0.6898355754857997,0.9988193624557261,0.07374631268436578,0.04100946372239748,0.16521739130434782,0.9070945945945946,0.044534412955465584,0.0665083135391924,0.0032441200324412004,0.5957520891364902,5744,42,34f0f71ba7118d9ceb1b99e11f735e7180f87f999fdc205d5b2f3f394a81ad4d,3,42,0.0032441200324412004
0.2853760445682451,0,0.6167372176763544,0.2636384771595351,1.190983102432364,199,/mnt/prj01/hgrp-1502-5TB/xuxiaoyu/reliability_medmnistc_ab/formal_runs/cross_path_random_grapha2_sel42_43_train42_43_20260917/runs/pathmnist/graph_a2/ratio_0.02/selection_seed_42/train_seed_42/aug_0/final.pt,c183ce6c2abee8da32bc6e7919737361e846cb2aa5f78e8b718b838e5784ddf9,0.5540024974166087,0.332541567695962,contrast_up,pathmnist,0.5448826518563508,3048,graph_a2,9,7180,1791,4.082208886890974,0.02,0.594170403587444,0.7201889020070839,0.05309734513274336,0.00473186119873817,0.07246376811594203,0.9070945945945946,0.006747638326585695,0.014251781472684086,0.0,0.6756615598885793,5744,42,34f0f71ba7118d9ceb1b99e11f735e7180f87f999fdc205d5b2f3f394a81ad4d,4,42,0.0
0.2062674094707521,0,0.7560715710478718,0.19639059550063084,1.3049046279451049,199,/mnt/prj01/hgrp-1502-5TB/xuxiaoyu/reliability_medmnistc_ab/formal_runs/cross_path_random_grapha2_sel42_43_train42_43_20260917/runs/pathmnist/graph_a2/ratio_0.02/selection_seed_42/train_seed_42/aug_0/final.pt,c183ce6c2abee8da32bc6e7919737361e846cb2aa5f78e8b718b838e5784ddf9,0.6212503790755128,0.332541567695962,contrast_up,pathmnist,0.58284803463722,2987,graph_a2,9,7180,1791,4.722230915629407,0.02,0.4469357249626308,0.41440377804014167,0.04129793510324484,0.0,0.01352657004830918,0.8513513513513513,0.0,0.0,0.0,0.7641016713091922,5744,42,34f0f71ba7118d9ceb1b99e11f735e7180f87f999fdc205d5b2f3f394a81ad4d,5,42,0.0
0.6305013927576602,0,0.2100237412117751,0.6216520084014142,0.635528655676008,199,/mnt/prj01/hgrp-1502-5TB/xuxiaoyu/reliability_medmnistc_ab/formal_runs/cross_path_random_grapha2_sel42_43_train42_43_20260917/runs/pathmnist/graph_a2/ratio_0.02/selection_seed_42/train_seed_42/aug_0/final.pt,c183ce6c2abee8da32bc6e7919737361e846cb2aa5f78e8b718b838e5784ddf9,0.1959889661747295,0.27848751364190794,defocus_blur,pathmnist,0.27485662693557306,1866,graph_a2,9,7180,1791,1.8307906535827705,0.02,0.9020926756352765,1.0,0.7905604719764012,0.7618296529968455,0.45217391304347826,0.05405405405405406,0.9608636977058029,0.39429928741092635,0.27899432278994324,0.31963788300835655,5744,42,34f0f71ba7118d9ceb1b99e11f735e7180f87f999fdc205d5b2f3f394a81ad4d,1,42,0.05405405405405406
0.5637883008356546,0,0.279160440265514,0.5605436462194423,0.7579154713986096,199,/mnt/prj01/hgrp-1502-5TB/xuxiaoyu/reliability_medmnistc_ab/formal_runs/cross_path_random_grapha2_sel42_43_train42_43_20260917/runs/pathmnist/graph_a2/ratio_0.02/selection_seed_42/train_seed_42/aug_0/final.pt,c183ce6c2abee8da32bc6e7919737361e846cb2aa5f78e8b718b838e5784ddf9,0.2570973283567014,0.2666631893175836,defocus_blur,pathmnist,0.3364922654786482,2255,graph_a2,9,7180,1791,2.3342062504429406,0.02,0.9050822122571002,1.0,0.7846607669616519,0.5583596214511041,0.18647342995169083,0.06587837837837837,0.9851551956815114,0.34679334916864607,0.21248986212489862,0.39275766016713093,5744,42,34f0f71ba7118d9ceb1b99e11f735e7180f87f999fdc205d5b2f3f394a81ad4d,2,42,0.06587837837837837
0.533008356545961,0,0.32189043365323006,0.5334107870239877,0.8069239521640557,199,/mnt/prj01/hgrp-1502-5TB/xuxiaoyu/reliability_medmnistc_ab/formal_runs/cross_path_random_grapha2_sel42_43_train42_43_20260917/runs/pathmnist/graph_a2/ratio_0.02/selection_seed_42/train_seed_42/aug_0/final.pt,c183ce6c2abee8da32bc6e7919737361e846cb2aa5f78e8b718b838e5784ddf9,0.284230187552156,0.2929280411259137,defocus_blur,pathmnist,0.3532919507587853,2317,graph_a2,9,7180,1791,2.6515189555237137,0.02,0.9110612855007474,1.0,0.8377581120943953,0.4069400630914827,0.03961352657004831,0.09121621621621621,0.9689608636977058,0.32779097387173395,0.21735604217356042,0.42217966573816157,5744,42,34f0f71ba7118d9ceb1b99e11f735e7180f87f999fdc205d5b2f3f394a81ad4d,3,42,0.03961352657004831
0.5199164345403899,0,0.35067596209985324,0.5236447153939322,0.8251191569252522,199,/mnt/prj01/hgrp-1502-5TB/xuxiaoyu/reliability_medmnistc_ab/formal_runs/cross_path_random_grapha2_sel42_43_train42_43_20260917/runs/pathmnist/graph_a2/ratio_0.02/selection_seed_42/train_seed_42/aug_0/final.pt,c183ce6c2abee8da32bc6e7919737361e846cb2aa5f78e8b718b838e5784ddf9,0.2939962591822115,0.32481209909692815,defocus_blur,pathmnist,0.35390139208447635,2325,graph_a2,9,7180,1791,2.798413833833696,0.02,0.9125560538116592,1.0,0.9085545722713865,0.35173501577287064,0.007729468599033816,0.14020270270270271,0.921727395411606,0.27078384798099764,0.19951338199513383,0.43401810584958217,5744,42,34f0f71ba7118d9ceb1b99e11f735e7180f87f999fdc205d5b2f3f394a81ad4d,4,42,0.007729468599033816
0.4626740947075209,0,0.4006298366959783,0.4530270630834525,0.9157627062561273,199,/mnt/prj01/hgrp-1502-5TB/xuxiaoyu/reliability_medmnistc_ab/formal_runs/cross_path_random_grapha2_sel42_43_train42_43_20260917/runs/pathmnist/graph_a2/ratio_0.02/selection_seed_42/train_seed_42/aug_0/final.pt,c183ce6c2abee8da32bc6e7919737361e846cb2aa5f78e8b718b838e5784ddf9,0.36461391149269123,0.3296430169713243,defocus_blur,pathmnist,0.3956222793684032,2514,graph_a2,9,7180,1791,3.121773032861776,0.02,0.9118086696562033,1.0,0.9144542772861357,0.028391167192429023,0.002898550724637681,0.18074324324324326,0.7314439946018894,0.12826603325415678,0.1792376317923763,0.49512534818941506,5744,42,34f0f71ba7118d9ceb1b99e11f735e7180f87f999fdc205d5b2f3f394a81ad4d,5,42,0.002898550724637681
0.8422005571030641,0,0.05728772874430927,0.7943390622822365,0.24840813117590588,199,/mnt/prj01/hgrp-1502-5TB/xuxiaoyu/reliability_medmnistc_ab/formal_runs/cross_path_random_grapha2_sel42_43_train42_43_20260917/runs/pathmnist/graph_a2/ratio_0.02/selection_seed_42/train_seed_42/aug_0/final.pt,c183ce6c2abee8da32bc6e7919737361e846cb2aa5f78e8b718b838e5784ddf9,0.023301912293907212,-0.040380047505938266,jpeg_compression,pathmnist,0.07163743188288217,555,graph_a2,9,7180,1791,0.6390886235675054,0.02,0.8759342301943199,1.0,0.7669616519174042,0.9479495268138801,0.9420289855072463,0.5084459459459459,0.8232118758434548,0.37292161520190026,0.9115977291159773,0.08478412256267409,5744,42,34f0f71ba7118d9ceb1b99e11f735e7180f87f999fdc205d5b2f3f394a81ad4d,1,42,0.37292161520190026
0.8466573816155989,0,0.05563161319300783,0.7930528810809093,0.24175437348220502,199,/mnt/prj01/hgrp-1502-5TB/xuxiaoyu/reliability_medmnistc_ab/formal_runs/cross_path_random_grapha2_sel42_43_train42_43_20260917/runs/pathmnist/graph_a2/ratio_0.02/selection_seed_42/train_seed_42/aug_0/final.pt,c183ce6c2abee8da32bc6e7919737361e846cb2aa5f78e8b718b838e5784ddf9,0.024588093495234387,-0.07363420427553447,jpeg_compression,pathmnist,0.06885631467555556,559,graph_a2,9,7180,1791,0.6202177852280454,0.02,0.9275037369207773,1.0,0.7492625368731564,0.943217665615142,0.9449275362318841,0.44425675675675674,0.805668016194332,0.40617577197149646,0.916463909164639,0.08321727019498608,5744,42,34f0f71ba7118d9ceb1b99e11f735e7180f87f999fdc205d5b2f3f394a81ad4d,2,42,0.40617577197149646
0.7919220055710307,0,0.07276015032862833,0.7421601163777272,0.3207095224330131,199,/mnt/prj01/hgrp-1502-5TB/xuxiaoyu/reliability_medmnistc_ab/formal_runs/cross_path_random_grapha2_sel42_43_train42_43_20260917/runs/pathmnist/graph_a2/ratio_0.02/selection_seed_42/train_seed_42/aug_0/final.pt,c183ce6c2abee8da32bc6e7919737361e846cb2aa5f78e8b718b838e5784ddf9,0.07548085819841654,0.03862264877704308,jpeg_compression,pathmnist,0.10096332636301229,667,graph_a2,9,7180,1791,0.8142669187164815,0.02,0.7780269058295964,1.0,0.6696165191740413,0.9747634069400631,0.9352657004830918,0.2939189189189189,0.6680161943319838,0.44418052256532065,0.9156528791565288,0.12221448467966574,5744,42,34f0f71ba7118d9ceb1b99e11f735e7180f87f999fdc205d5b2f3f394a81ad4d,3,42,0.2939189189189189
0.7373259052924791,0,0.11088300763676981,0.6844991183856632,0.4019937106557159,199,/mnt/prj01/hgrp-1502-5TB/xuxiaoyu/reliability_medmnistc_ab/formal_runs/cross_path_random_grapha2_sel42_43_train42_43_20260917/runs/pathmnist/graph_a2/ratio_0.02/selection_seed_42/train_seed_42/aug_0/final.pt,c183ce6c2abee8da32bc6e7919737361e846cb2aa5f78e8b718b838e5784ddf9,0.13314185619048047,0.09098751364190794,jpeg_compression,pathmnist,0.12860026856816908,824,graph_a2,9,7180,1791,1.016867282989239,0.02,0.7638266068759342,1.0,0.6902654867256637,0.8817034700315457,0.8840579710144928,0.24155405405405406,0.5492577597840755,0.3087885985748218,0.8410381184103812,0.18332172701949861,5744,42,34f0f71ba7118d9ceb1b99e11f735e7180f87f999fdc205d5b2f3f394a81ad4d,4,42,0.24155405405405406
0.7239554317548746,0,0.11732957273053152,0.664730157137615,0.4313274996665933,199,/mnt/prj01/hgrp-1502-5TB/xuxiaoyu/reliability_medmnistc_ab/formal_runs/cross_path_random_grapha2_sel42_43_train42_43_20260917/runs/pathmnist/graph_a2/ratio_0.02/selection_seed_42/train_seed_42/aug_0/final.pt,c183ce6c2abee8da32bc6e7919737361e846cb2aa5f78e8b718b838e5784ddf9,0.15291081743852875,0.2683523785067728,jpeg_compression,pathmnist,0.15894826127211037,998,graph_a2,9,7180,1791,1.1383226003949216,0.02,0.7279521674140508,1.0,0.6430678466076696,0.7066246056782335,0.9381642512077295,0.06418918918918919,0.5560053981106613,0.45605700712589076,0.8905109489051095,0.19080779944289694,5744,42,34f0f71ba7118d9ceb1b99e11f735e7180f87f999fdc205d5b2f3f394a81ad4d,5,42,0.06418918918918919
0.6956824512534819,0,0.16001272802036587,0.6700455791522612,0.5113434468360211,199,/mnt/prj01/hgrp-1502-5TB/xuxiaoyu/reliability_medmnistc_ab/formal_runs/cross_path_random_grapha2_sel42_43_train42_43_20260917/runs/pathmnist/graph_a2/ratio_0.02/selection_seed_42/train_seed_42/aug_0/final.pt,c183ce6c2abee8da32bc6e7919737361e846cb2aa5f78e8b718b838e5784ddf9,0.14759539542388256,0.24639291904731336,motion_blur,pathmnist,0.20998719790561282,1448,graph_a2,9,7180,1791,1.4024174919505579,0.02,0.9028400597907325,1.0,0.8141592920353983,0.7097791798107256,0.5990338164251208,0.08614864864864864,0.9581646423751687,0.4323040380047506,0.5279805352798054,0.24686629526462395,5744,42,34f0f71ba7118d9ceb1b99e11f735e7180f87f999fdc205d5b2f3f394a81ad4d,1,42,0.08614864864864864
0.6895543175487465,0,0.1695775378381329,0.664068396389163,0.5265635642067401,199,/mnt/prj01/hgrp-1502-5TB/xuxiaoyu/reliability_medmnistc_ab/formal_runs/cross_path_random_grapha2_sel42_43_train42_43_20260917/runs/pathmnist/graph_a2/ratio_0.02/selection_seed_42/train_seed_42/aug_0/final.pt,c183ce6c2abee8da32bc6e7919737361e846cb2aa5f78e8b718b838e5784ddf9,0.15357257818698067,0.2497712974256917,motion_blur,pathmnist,0.21649401342511837,1526,graph_a2,9,7180,1791,1.4541705902941298,0.02,0.9133034379671151,1.0,0.8141592920353983,0.692429022082019,0.5555555555555556,0.08277027027027027,0.9541160593792173,0.4346793349168646,0.5296025952960259,0.25696378830083566,5744,42,34f0f71ba7118d9ceb1b99e11f735e7180f87f999fdc205d5b2f3f394a81ad4d,2,42,0.08277027027027027
0.6896935933147632,0,0.16718476898834742,0.66062429712776,0.5243730220882821,199,/mnt/prj01/hgrp-1502-5TB/xuxiaoyu/reliability_medmnistc_ab/formal_runs/cross_path_random_grapha2_sel42_43_train42_43_20260917/runs/pathmnist/graph_a2/ratio_0.02/selection_seed_42/train_seed_42/aug_0/final.pt,c183ce6c2abee8da32bc6e7919737361e846cb2aa5f78e8b718b838e5784ddf9,0.15701667744838366,0.24808210823650254,motion_blur,pathmnist,0.21638426706817487,1507,graph_a2,9,7180,1791,1.4374046925318706,0.02,0.9103139013452914,1.0,0.7964601769911505,0.6861198738170347,0.5632850241545894,0.08445945945945946,0.951417004048583,0.4085510688836104,0.5450121654501217,0.25348189415041783,5744,42,34f0f71ba7118d9ceb1b99e11f735e7180f87f999fdc205d5b2f3f394a81ad4d,3,42,0.08445945945945946
0.623816155988858,0,0.23833089918575245,0.6022831330500081,0.6361691002572042,199,/mnt/prj01/hgrp-1502-5TB/xuxiaoyu/reliability_medmnistc_ab/formal_runs/cross_path_random_grapha2_sel42_43_train42_43_20260917/runs/pathmnist/graph_a2/ratio_0.02/selection_seed_42/train_seed_42/aug_0/final.pt,c183ce6c2abee8da32bc6e7919737361e846cb2aa5f78e8b718b838e5784ddf9,0.21535784152613557,0.24639291904731336,motion_blur,pathmnist,0.2631335940824246,1794,graph_a2,9,7180,1791,1.8536564784149145,0.02,0.9147982062780269,1.0,0.8230088495575221,0.4794952681388013,0.3004830917874396,0.08614864864864864,0.9635627530364372,0.37292161520190026,0.48012976480129765,0.325383008356546,5744,42,34f0f71ba7118d9ceb1b99e11f735e7180f87f999fdc205d5b2f3f394a81ad4d,4,42,0.08614864864864864
0.5497214484679666,0,0.3112135675293217,0.5350796100849139,0.7551771203726554,199,/mnt/prj01/hgrp-1502-5TB/xuxiaoyu/reliability_medmnistc_ab/formal_runs/cross_path_random_grapha2_sel42_43_train42_43_20260917/runs/pathmnist/graph_a2/ratio_0.02/selection_seed_42/train_seed_42/aug_0/final.pt,c183ce6c2abee8da32bc6e7919737361e846cb2aa5f78e8b718b838e5784ddf9,0.2825613644912298,0.23456859472298902,motion_blur,pathmnist,0.3124637913301297,1977,graph_a2,9,7180,1791,2.3622512915975604,0.02,0.9088191330343797,1.0,0.8997050147492626,0.3753943217665615,0.1748792270531401,0.09797297297297297,0.7894736842105263,0.22802850356294538,0.34144363341443634,0.40198467966573814,5744,42,34f0f71ba7118d9ceb1b99e11f735e7180f87f999fdc205d5b2f3f394a81ad4d,5,42,0.09797297297297297
0.8494428969359331,0,0.05229905513001985,0.8086524569407902,0.23461772091083438,199,/mnt/prj01/hgrp-1502-5TB/xuxiaoyu/reliability_medmnistc_ab/formal_runs/cross_path_random_grapha2_sel42_43_train42_43_20260917/runs/pathmnist/graph_a2/ratio_0.02/selection_seed_42/train_seed_42/aug_0/final.pt,c183ce6c2abee8da32bc6e7919737361e846cb2aa5f78e8b718b838e5784ddf9,0.008988517635353466,-0.026128266033254133,pixelate,pathmnist,0.07109500906095531,516,graph_a2,9,7180,1791,0.6167868071536586,0.02,0.866965620328849,1.0,0.8377581120943953,0.973186119873817,0.936231884057971,0.5608108108108109,0.8367071524966262,0.3586698337292161,0.9075425790754258,0.07416434540389973,5744,42,34f0f71ba7118d9ceb1b99e11f735e7180f87f999fdc205d5b2f3f394a81ad4d,1,42,0.3586698337292161
0.833983286908078,0,0.057537948988917904,0.7956815176762277,0.2579579476570492,199,/mnt/prj01/hgrp-1502-5TB/xuxiaoyu/reliability_medmnistc_ab/formal_runs/cross_path_random_grapha2_sel42_43_train42_43_20260917/runs/pathmnist/graph_a2/ratio_0.02/selection_seed_42/train_seed_42/aug_0/final.pt,c183ce6c2abee8da32bc6e7919737361e846cb2aa5f78e8b718b838e5784ddf9,0.021959456899915963,-0.026128266033254133,pixelate,pathmnist,0.0800222106630756,568,graph_a2,9,7180,1791,0.6664940822041188,0.02,0.8639760837070254,1.0,0.8643067846607669,0.9794952681388013,0.9285024154589372,0.46114864864864863,0.8461538461538461,0.3586698337292161,0.8588807785888077,0.0868732590529248,5744,42,34f0f71ba7118d9ceb1b99e11f735e7180f87f999fdc205d5b2f3f394a81ad4d,2,42,0.3586698337292161
0.7967966573816156,0,0.07311286219997597,0.7597997411742177,0.31871713486638786,199,/mnt/prj01/hgrp-1502-5TB/xuxiaoyu/reliability_medmnistc_ab/formal_runs/cross_path_random_grapha2_sel42_43_train42_43_20260917/runs/pathmnist/graph_a2/ratio_0.02/selection_seed_42/train_seed_42/aug_0/final.pt,c183ce6c2abee8da32bc6e7919737361e846cb2aa5f78e8b718b838e5784ddf9,0.05784123340192604,0.10619021634461065,pixelate,pathmnist,0.1100842233736867,749,graph_a2,9,7180,1791,0.817139901899713,0.02,0.8684603886397608,1.0,0.9292035398230089,0.973186119873817,0.9033816425120773,0.22635135135135134,0.8529014844804319,0.3182897862232779,0.7664233576642335,0.12238857938718663,5744,42,34f0f71ba7118d9ceb1b99e11f735e7180f87f999fdc205d5b2f3f394a81ad4d,3,42,0.22635135135135134
0.7880222841225627,0,0.07830429803060152,0.7448718436722758,0.3371539511058829,199,/mnt/prj01/hgrp-1502-5TB/xuxiaoyu/reliability_medmnistc_ab/formal_runs/cross_path_random_grapha2_sel42_43_train42_43_20260917/runs/pathmnist/graph_a2/ratio_0.02/selection_seed_42/train_seed_42/aug_0/final.pt,c183ce6c2abee8da32bc6e7919737361e846cb2aa5f78e8b718b838e5784ddf9,0.07276913090386794,0.1754469731013674,pixelate,pathmnist,0.11978216360123375,813,graph_a2,9,7180,1791,0.8525009056315692,0.02,0.8923766816143498,1.0,0.8495575221238938,0.9542586750788643,0.8328502415458937,0.1570945945945946,0.8690958164642375,0.3586698337292161,0.7899432278994323,0.13405292479108635,5744,42,34f0f71ba7118d9ceb1b99e11f735e7180f87f999fdc205d5b2f3f394a81ad4d,4,42,0.1570945945945946
0.7889972144846796,0,0.07697080744189301,0.7315269170442015,0.33478683494864986,199,/mnt/prj01/hgrp-1502-5TB/xuxiaoyu/reliability_medmnistc_ab/formal_runs/cross_path_random_grapha2_sel42_43_train42_43_20260917/runs/pathmnist/graph_a2/ratio_0.02/selection_seed_42/train_seed_42/aug_0/final.pt,c183ce6c2abee8da32bc6e7919737361e846cb2aa5f78e8b718b838e5784ddf9,0.08611405753194223,0.10450102715542145,pixelate,pathmnist,0.12182328567780491,834,graph_a2,9,7180,1791,0.8409930913253044,0.02,0.9170403587443946,1.0,0.7699115044247787,0.9085173501577287,0.8135265700483092,0.22804054054054054,0.5964912280701754,0.40617577197149646,0.9440389294403893,0.13266016713091922,5744,42,34f0f71ba7118d9ceb1b99e11f735e7180f87f999fdc205d5b2f3f394a81ad4d,5,42,0.22804054054054054
0.7061281337047354,0,0.16170108898741378,0.689527522998198,0.46946128974532686,199,/mnt/prj01/hgrp-1502-5TB/xuxiaoyu/reliability_medmnistc_ab/formal_runs/cross_path_random_grapha2_sel42_43_train42_43_20260917/runs/pathmnist/graph_a2/ratio_0.02/selection_seed_42/train_seed_42/aug_0/final.pt,c183ce6c2abee8da32bc6e7919737361e846cb2aa5f78e8b718b838e5784ddf9,0.12811345157794574,-0.05938242280285033,saturate,pathmnist,0.1722744822751181,1171,graph_a2,9,7180,1791,1.2289068817682678,0.02,0.7593423019431988,1.0,0.7079646017699115,0.5173501577287066,0.6367149758454106,0.8378378378378378,0.7139001349527665,0.3919239904988123,0.6407137064071371,0.2317200557103064,5744,42,34f0f71ba7118d9ceb1b99e11f735e7180f87f999fdc205d5b2f3f394a81ad4d,1,42,0.3919239904988123
0.3597493036211699,0,0.5240877374734163,0.4140755260154422,1.0861071526549286,199,/mnt/prj01/hgrp-1502-5TB/xuxiaoyu/reliability_medmnistc_ab/formal_runs/cross_path_random_grapha2_sel42_43_train42_43_20260917/runs/pathmnist/graph_a2/ratio_0.02/selection_seed_42/train_seed_42/aug_0/final.pt,c183ce6c2abee8da32bc6e7919737361e846cb2aa5f78e8b718b838e5784ddf9,0.40356544856070153,0.26684813703902766,saturate,pathmnist,0.5033084410375042,3062,graph_a2,9,7180,1791,3.405934041496922,0.02,0.24439461883408073,1.0,0.5486725663716814,0.444794952681388,0.06956521739130435,0.8868243243243243,0.2078272604588394,0.2589073634204275,0.06569343065693431,0.60741643454039,5744,42,34f0f71ba7118d9ceb1b99e11f735e7180f87f999fdc205d5b2f3f394a81ad4d,2,42,0.06569343065693431
0.2646239554317549,0,0.6841724165071758,0.31421202201022713,1.2784539080286499,199,/mnt/prj01/hgrp-1502-5TB/xuxiaoyu/reliability_medmnistc_ab/formal_runs/cross_path_random_grapha2_sel42_43_train42_43_20260917/runs/pathmnist/graph_a2/ratio_0.02/selection_seed_42/train_seed_42/aug_0/final.pt,c183ce6c2abee8da32bc6e7919737361e846cb2aa5f78e8b718b838e5784ddf9,0.5034289525659166,0.332541567695962,saturate,pathmnist,0.5987288662650126,3549,graph_a2,9,7180,1791,4.716671194183015,0.02,0.11136023916292975,1.0,0.5014749262536873,0.2665615141955836,0.01932367149758454,0.8969594594594594,0.001349527665317139,0.030878859857482184,0.0,0.6979456824512534,5744,42,34f0f71ba7118d9ceb1b99e11f735e7180f87f999fdc205d5b2f3f394a81ad4d,3,42,0.0
0.1774373259052925,0,0.7299047951469098,0.22726541063652098,1.4334910085572306,199,/mnt/prj01/hgrp-1502-5TB/xuxiaoyu/reliability_medmnistc_ab/formal_runs/cross_path_random_grapha2_sel42_43_train42_43_20260917/runs/pathmnist/graph_a2/ratio_0.02/selection_seed_42/train_seed_42/aug_0/final.pt,c183ce6c2abee8da32bc6e7919737361e846cb2aa5f78e8b718b838e5784ddf9,0.5903755639396228,0.332541567695962,saturate,pathmnist,0.6835876818258617,4056,graph_a2,9,7180,1791,5.3755257960599945,0.02,0.043348281016442454,0.5985832349468713,0.49852507374631266,0.0,0.00966183574879227,0.8952702702702703,0.0,0.0,0.0,0.7879526462395543,5744,42,34f0f71ba7118d9ceb1b99e11f735e7180f87f999fdc205d5b2f3f394a81ad4d,4,42,0.0
0.15612813370473538,0,0.7857595922749668,0.2092822908940173,1.4632401161328248,199,/mnt/prj01/hgrp-1502-5TB/xuxiaoyu/reliability_medmnistc_ab/formal_runs/cross_path_random_grapha2_sel42_43_train42_43_20260917/runs/pathmnist/graph_a2/ratio_0.02/selection_seed_42/train_seed_42/aug_0/final.pt,c183ce6c2abee8da32bc6e7919737361e846cb2aa5f78e8b718b838e5784ddf9,0.6083586836821264,0.332541567695962,saturate,pathmnist,0.6847947994397543,3864,graph_a2,9,7180,1791,5.86614193250763,0.02,0.01195814648729447,0.4757969303423849,0.5014749262536873,0.0,0.005797101449275362,0.8885135135135135,0.0,0.0,0.0,0.8187674094707521,5744,42,34f0f71ba7118d9ceb1b99e11f735e7180f87f999fdc205d5b2f3f394a81ad4d,5,42,0.0
0.8591922005571031,0,0.04650686065452025,0.8138293614510839,0.2187815533453333,199,/mnt/prj01/hgrp-1502-5TB/xuxiaoyu/reliability_medmnistc_ab/formal_runs/cross_path_random_grapha2_sel42_43_train42_43_20260917/runs/pathmnist/graph_a2/ratio_0.02/selection_seed_42/train_seed_42/aug_0/final.pt,c183ce6c2abee8da32bc6e7919737361e846cb2aa5f78e8b718b838e5784ddf9,0.003811613125059843,0.030878859857482177,stain_deposit,pathmnist,0.05306740203939776,454,graph_a2,9,7180,1791,0.5641858135666028,0.02,0.9073243647234679,1.0,0.8023598820058997,0.9479495268138801,0.9304347826086956,0.7010135135135135,0.8286099865047234,0.3016627078384798,0.9051094890510949,0.070508356545961,5744,42,34f0f71ba7118d9ceb1b99e11f735e7180f87f999fdc205d5b2f3f394a81ad4d,1,42,0.3016627078384798
0.8576601671309192,0,0.04624834900234059,0.8121490153345694,0.2225519836035389,199,/mnt/prj01/hgrp-1502-5TB/xuxiaoyu/reliability_medmnistc_ab/formal_runs/cross_path_random_grapha2_sel42_43_train42_43_20260917/runs/pathmnist/graph_a2/ratio_0.02/selection_seed_42/train_seed_42/aug_0/final.pt,c183ce6c2abee8da32bc6e7919737361e846cb2aa5f78e8b718b838e5784ddf9,0.005491959241574307,0.04275534441805223,stain_deposit,pathmnist,0.049764043536857,439,graph_a2,9,7180,1791,0.5658841951971004,0.02,0.9133034379671151,1.0,0.7935103244837758,0.944794952681388,0.9217391304347826,0.7179054054054054,0.835357624831309,0.28978622327790976,0.8929440389294404,0.07207520891364902,5744,42,34f0f71ba7118d9ceb1b99e11f735e7180f87f999fdc205d5b2f3f394a81ad4d,2,42,0.28978622327790976
0.8448467966573816,0,0.04738140616537623,0.7985278356456544,0.23417283995934424,199,/mnt/prj01/hgrp-1502-5TB/xuxiaoyu/reliability_medmnistc_ab/formal_runs/cross_path_random_grapha2_sel42_43_train42_43_20260917/runs/pathmnist/graph_a2/ratio_0.02/selection_seed_42/train_seed_42/aug_0/final.pt,c183ce6c2abee8da32bc6e7919737361e846cb2aa5f78e8b718b838e5784ddf9,0.01911313893048927,0.07125890736342044,stain_deposit,pathmnist,0.05180919373765959,436,graph_a2,9,7180,1791,0.5830207099261389,0.02,0.9207772795216741,1.0,0.8112094395280236,0.8911671924290221,0.9062801932367149,0.7128378378378378,0.8097165991902834,0.26128266033254155,0.8734793187347932,0.07590529247910864,5744,42,34f0f71ba7118d9ceb1b99e11f735e7180f87f999fdc205d5b2f3f394a81ad4d,3,42,0.26128266033254155
0.8366295264623955,0,0.050778299863070905,0.787898510217484,0.24832090160281986,199,/mnt/prj01/hgrp-1502-5TB/xuxiaoyu/reliability_medmnistc_ab/formal_runs/cross_path_random_grapha2_sel42_43_train42_43_20260917/runs/pathmnist/graph_a2/ratio_0.02/selection_seed_42/train_seed_42/aug_0/final.pt,c183ce6c2abee8da32bc6e7919737361e846cb2aa5f78e8b718b838e5784ddf9,0.02974246435865968,0.08076009501187648,stain_deposit,pathmnist,0.04596001960357919,419,graph_a2,9,7180,1791,0.6151360568542755,0.02,0.9364723467862481,1.0,0.7846607669616519,0.8738170347003155,0.9091787439613527,0.7043918918918919,0.7881241565452092,0.2517814726840855,0.8426601784266018,0.08408774373259052,5744,42,34f0f71ba7118d9ceb1b99e11f735e7180f87f999fdc205d5b2f3f394a81ad4d,4,42,0.2517814726840855
0.8211699164345404,0,0.05346650430578212,0.7730131002720827,0.2682041169665677,199,/mnt/prj01/hgrp-1502-5TB/xuxiaoyu/reliability_medmnistc_ab/formal_runs/cross_path_random_grapha2_sel42_43_train42_43_20260917/runs/pathmnist/graph_a2/ratio_0.02/selection_seed_42/train_seed_42/aug_0/final.pt,c183ce6c2abee8da32bc6e7919737361e846cb2aa5f78e8b718b838e5784ddf9,0.04462787430406101,0.11876484560570072,stain_deposit,pathmnist,0.033748298343841736,364,graph_a2,9,7180,1791,0.6562093910544041,0.02,0.9484304932735426,1.0,0.7728613569321534,0.8533123028391167,0.8888888888888888,0.7263513513513513,0.7692307692307693,0.21377672209026127,0.7842660178426601,0.09575208913649025,5744,42,34f0f71ba7118d9ceb1b99e11f735e7180f87f999fdc205d5b2f3f394a81ad4d,5,42,0.21377672209026127
0.8513927576601671,0,0.07397549608991627,0.8042635606735042,0.23180439975949457,199,/mnt/prj01/hgrp-1502-5TB/xuxiaoyu/reliability_medmnistc_ab/formal_runs/cross_path_random_grapha2_sel42_43_train42_43_20260917/runs/pathmnist/graph_a2/ratio_0.02/selection_seed_42/train_seed_43/aug_0/final.pt,e0bd2781cc63b5bd447da1ed9fe9afe1c29609d301547df5ac2431a6dded66f5,,,clean,pathmnist,0.06287585834772803,512,graph_a2,9,7180,1791,0.6598932320950459,0.02,0.890881913303438,1.0,0.7345132743362832,0.9952681388012619,0.9265700483091788,0.6756756756756757,0.7881241565452092,0.32304038004750596,0.9042984590429846,0.07555710306406685,5744,42,34f0f71ba7118d9ceb1b99e11f735e7180f87f999fdc205d5b2f3f394a81ad4d,0,43,0.32304038004750596
0.3948467966573816,0,0.33152535062518923,0.3396245455059121,1.059876156124358,199,/mnt/prj01/hgrp-1502-5TB/xuxiaoyu/reliability_medmnistc_ab/formal_runs/cross_path_random_grapha2_sel42_43_train42_43_20260917/runs/pathmnist/graph_a2/ratio_0.02/selection_seed_42/train_seed_43/aug_0/final.pt,e0bd2781cc63b5bd447da1ed9fe9afe1c29609d301547df5ac2431a6dded66f5,0.46463901516759215,0.32304038004750596,brightness_down,pathmnist,0.5066244284879198,3166,graph_a2,9,7180,1791,3.7072115826425915,0.02,0.8871449925261584,1.0,0.5014749262536873,0.24132492113564669,0.02995169082125604,0.02364864864864865,0.0,0.0332541567695962,0.3398215733982157,0.554491643454039,5744,42,34f0f71ba7118d9ceb1b99e11f735e7180f87f999fdc205d5b2f3f394a81ad4d,1,43,0.0
0.2850974930362117,0,0.4715660322512266,0.2532425312178465,1.366563258320121,199,/mnt/prj01/hgrp-1502-5TB/xuxiaoyu/reliability_medmnistc_ab/formal_runs/cross_path_random_grapha2_sel42_43_train42_43_20260917/runs/pathmnist/graph_a2/ratio_0.02/selection_seed_42/train_seed_43/aug_0/final.pt,e0bd2781cc63b5bd447da1ed9fe9afe1c29609d301547df5ac2431a6dded66f5,0.5510210294556577,0.32304038004750596,brightness_down,pathmnist,0.6735893461365553,4674,graph_a2,9,7180,1791,5.490152465758785,0.02,0.7608370702541106,1.0,0.49557522123893805,0.0,0.0,0.02195945945945946,0.0,0.0,0.0008110300081103001,0.6807103064066853,5744,42,34f0f71ba7118d9ceb1b99e11f735e7180f87f999fdc205d5b2f3f394a81ad4d,2,43,0.0
0.1413649025069638,0,0.6861996161158939,0.1661750245821042,1.6941343825534396,199,/mnt/prj01/hgrp-1502-5TB/xuxiaoyu/reliability_medmnistc_ab/formal_runs/cross_path_random_grapha2_sel42_43_train42_43_20260917/runs/pathmnist/graph_a2/ratio_0.02/selection_seed_42/train_seed_43/aug_0/final.pt,e0bd2781cc63b5bd447da1ed9fe9afe1c29609d301547df5ac2431a6dded66f5,0.6380885360914,0.32304038004750596,brightness_down,pathmnist,0.844453771773487,5978,graph_a2,9,7180,1791,8.085061249716862,0.02,0.0,1.0,0.49557522123893805,0.0,0.0,0.0,0.0,0.0,0.0,0.8363509749303621,5744,42,34f0f71ba7118d9ceb1b99e11f735e7180f87f999fdc205d5b2f3f394a81ad4d,3,43,0.0
0.1413649025069638,0,0.6919267081485425,0.1661750245821042,1.7080407471952845,199,/mnt/prj01/hgrp-1502-5TB/xuxiaoyu/reliability_medmnistc_ab/formal_runs/cross_path_random_grapha2_sel42_43_train42_43_20260917/runs/pathmnist/graph_a2/ratio_0.02/selection_seed_42/train_seed_43/aug_0/final.pt,e0bd2781cc63b5bd447da1ed9fe9afe1c29609d301547df5ac2431a6dded66f5,0.6380885360914,0.32304038004750596,brightness_down,pathmnist,0.8526227478280373,6081,graph_a2,9,7180,1791,8.916650414518823,0.02,0.0,1.0,0.49557522123893805,0.0,0.0,0.0,0.0,0.0,0.0,0.8520194986072424,5744,42,34f0f71ba7118d9ceb1b99e11f735e7180f87f999fdc205d5b2f3f394a81ad4d,4,43,0.0
0.1413649025069638,0,0.6889091279878838,0.1661750245821042,1.7137985112030216,199,/mnt/prj01/hgrp-1502-5TB/xuxiaoyu/reliability_medmnistc_ab/formal_runs/cross_path_random_grapha2_sel42_43_train42_43_20260917/runs/pathmnist/graph_a2/ratio_0.02/selection_seed_42/train_seed_43/aug_0/final.pt,e0bd2781cc63b5bd447da1ed9fe9afe1c29609d301547df5ac2431a6dded66f5,0.6380885360914,0.32304038004750596,brightness_down,pathmnist,0.8563503619356075,6145,graph_a2,9,7180,1791,9.263464748326243,0.02,0.0,1.0,0.49557522123893805,0.0,0.0,0.0,0.0,0.0,0.0,0.852541782729805,5744,42,34f0f71ba7118d9ceb1b99e11f735e7180f87f999fdc205d5b2f3f394a81ad4d,5,43,0.0
0.29735376044568246,0,0.48941532171023416,0.31367938311440624,1.1977948496855904,199,/mnt/prj01/hgrp-1502-5TB/xuxiaoyu/reliability_medmnistc_ab/formal_runs/cross_path_random_grapha2_sel42_43_train42_43_20260917/runs/pathmnist/graph_a2/ratio_0.02/selection_seed_42/train_seed_43/aug_0/final.pt,e0bd2781cc63b5bd447da1ed9fe9afe1c29609d301547df5ac2431a6dded66f5,0.490584177559098,0.32154561173659413,brightness_up,pathmnist,0.5605233167248849,3262,graph_a2,9,7180,1791,4.00099610223156,0.02,0.0014947683109118087,1.0,0.11209439528023599,0.29337539432176657,0.263768115942029,0.902027027027027,0.0620782726045884,0.028503562945368172,0.1597729115977291,0.6733983286908078,5744,42,34f0f71ba7118d9ceb1b99e11f735e7180f87f999fdc205d5b2f3f394a81ad4d,1,43,0.0014947683109118087
0.20250696378830083,0,0.5562140426108703,0.2265539613268144,1.4206910286391663,199,/mnt/prj01/hgrp-1502-5TB/xuxiaoyu/reliability_medmnistc_ab/formal_runs/cross_path_random_grapha2_sel42_43_train42_43_20260917/runs/pathmnist/graph_a2/ratio_0.02/selection_seed_42/train_seed_43/aug_0/final.pt,e0bd2781cc63b5bd447da1ed9fe9afe1c29609d301547df5ac2431a6dded66f5,0.5777095993466899,0.32304038004750596,brightness_up,pathmnist,0.6829537919595381,4052,graph_a2,9,7180,1791,5.627770623422916,0.02,0.0,1.0,0.07374631268436578,0.03785488958990536,0.020289855072463767,0.9070945945945946,0.0,0.0,0.0,0.7529596100278552,5744,42,34f0f71ba7118d9ceb1b99e11f735e7180f87f999fdc205d5b2f3f394a81ad4d,2,43,0.0
0.19540389972144848,0,0.5936668617421832,0.21832344524420147,1.4714712614190575,199,/mnt/prj01/hgrp-1502-5TB/xuxiaoyu/reliability_medmnistc_ab/formal_runs/cross_path_random_grapha2_sel42_43_train42_43_20260917/runs/pathmnist/graph_a2/ratio_0.02/selection_seed_42/train_seed_43/aug_0/final.pt,e0bd2781cc63b5bd447da1ed9fe9afe1c29609d301547df5ac2431a6dded66f5,0.5859401154293028,0.32304038004750596,brightness_up,pathmnist,0.7106492066283745,4369,graph_a2,9,7180,1791,6.4579057745896264,0.02,0.0,0.9988193624557261,0.058997050147492625,0.0,0.0,0.9070945945945946,0.0,0.0,0.0,0.7567896935933147,5744,42,34f0f71ba7118d9ceb1b99e11f735e7180f87f999fdc205d5b2f3f394a81ad4d,3,43,0.0
0.1948467966573816,0,0.6197711555743963,0.21701239968536834,1.4859493344354162,199,/mnt/prj01/hgrp-1502-5TB/xuxiaoyu/reliability_medmnistc_ab/formal_runs/cross_path_random_grapha2_sel42_43_train42_43_20260917/runs/pathmnist/graph_a2/ratio_0.02/selection_seed_42/train_seed_43/aug_0/final.pt,e0bd2781cc63b5bd447da1ed9fe9afe1c29609d301547df5ac2431a6dded66f5,0.5872511609881359,0.32304038004750596,brightness_up,pathmnist,0.7191469827153225,4469,graph_a2,9,7180,1791,6.739686803760638,0.02,0.0,0.9988193624557261,0.0471976401179941,0.0,0.0,0.9070945945945946,0.0,0.0,0.0,0.7567896935933147,5744,42,34f0f71ba7118d9ceb1b99e11f735e7180f87f999fdc205d5b2f3f394a81ad4d,4,43,0.0
0.19456824512534818,0,0.6731650088188167,0.21635687690595173,1.5047046171174079,199,/mnt/prj01/hgrp-1502-5TB/xuxiaoyu/reliability_medmnistc_ab/formal_runs/cross_path_random_grapha2_sel42_43_train42_43_20260917/runs/pathmnist/graph_a2/ratio_0.02/selection_seed_42/train_seed_43/aug_0/final.pt,e0bd2781cc63b5bd447da1ed9fe9afe1c29609d301547df5ac2431a6dded66f5,0.5879066837675525,0.32304038004750596,brightness_up,pathmnist,0.7313513055692807,4666,graph_a2,9,7180,1791,7.115346272888647,0.02,0.0,0.9988193624557261,0.04129793510324484,0.0,0.0,0.9070945945945946,0.0,0.0,0.0,0.7585306406685237,5744,42,34f0f71ba7118d9ceb1b99e11f735e7180f87f999fdc205d5b2f3f394a81ad4d,5,43,0.0
0.8473537604456824,0,0.07842611817814228,0.802662612675365,0.24011342073185676,199,/mnt/prj01/hgrp-1502-5TB/xuxiaoyu/reliability_medmnistc_ab/formal_runs/cross_path_random_grapha2_sel42_43_train42_43_20260917/runs/pathmnist/graph_a2/ratio_0.02/selection_seed_42/train_seed_43/aug_0/final.pt,e0bd2781cc63b5bd447da1ed9fe9afe1c29609d301547df5ac2431a6dded66f5,0.0016009479981392571,-0.02375296912114011,bubble,pathmnist,0.06352159292501991,522,graph_a2,9,7180,1791,0.6720166719146656,0.02,0.8811659192825112,1.0,0.7256637168141593,0.998422712933754,0.9256038647342996,0.6587837837837838,0.8043184885290149,0.34679334916864607,0.8832116788321168,0.08095403899721448,5744,42,34f0f71ba7118d9ceb1b99e11f735e7180f87f999fdc205d5b2f3f394a81ad4d,1,43,0.34679334916864607
0.8413649025069638,0,0.0808879402779521,0.7963262595722812,0.24946813967761328,199,/mnt/prj01/hgrp-1502-5TB/xuxiaoyu/reliability_medmnistc_ab/formal_runs/cross_path_random_grapha2_sel42_43_train42_43_20260917/runs/pathmnist/graph_a2/ratio_0.02/selection_seed_42/train_seed_43/aug_0/final.pt,e0bd2781cc63b5bd447da1ed9fe9afe1c29609d301547df5ac2431a6dded66f5,0.007937301101223038,-0.0166270783847981,bubble,pathmnist,0.06621798494192552,522,graph_a2,9,7180,1791,0.6856088065612298,0.02,0.8781763826606876,1.0,0.7138643067846607,0.9921135646687698,0.9314009661835749,0.6452702702702703,0.8043184885290149,0.33966745843230406,0.862124898621249,0.08443593314763231,5744,42,34f0f71ba7118d9ceb1b99e11f735e7180f87f999fdc205d5b2f3f394a81ad4d,2,43,0.33966745843230406
0.8381615598885794,0,0.08149222543599804,0.7919617897320906,0.2527949995214227,199,/mnt/prj01/hgrp-1502-5TB/xuxiaoyu/reliability_medmnistc_ab/formal_runs/cross_path_random_grapha2_sel42_43_train42_43_20260917/runs/pathmnist/graph_a2/ratio_0.02/selection_seed_42/train_seed_43/aug_0/final.pt,e0bd2781cc63b5bd447da1ed9fe9afe1c29609d301547df5ac2431a6dded66f5,0.012301770941413603,-0.007125890736342011,bubble,pathmnist,0.07284417997703249,540,graph_a2,9,7180,1791,0.6889851173079607,0.02,0.8707025411061285,1.0,0.6932153392330384,0.9905362776025236,0.9371980676328503,0.6469594594594594,0.8016194331983806,0.33016627078384797,0.8572587185725872,0.08704735376044569,5744,42,34f0f71ba7118d9ceb1b99e11f735e7180f87f999fdc205d5b2f3f394a81ad4d,3,43,0.33016627078384797
0.8303621169916434,0,0.08489903657397525,0.7870272567954593,0.2619438551483544,199,/mnt/prj01/hgrp-1502-5TB/xuxiaoyu/reliability_medmnistc_ab/formal_runs/cross_path_random_grapha2_sel42_43_train42_43_20260917/runs/pathmnist/graph_a2/ratio_0.02/selection_seed_42/train_seed_43/aug_0/final.pt,e0bd2781cc63b5bd447da1ed9fe9afe1c29609d301547df5ac2431a6dded66f5,0.01723630387804498,-0.019002375296912066,bubble,pathmnist,0.06908830527558629,532,graph_a2,9,7180,1791,0.7007016079600533,0.02,0.8557548579970105,1.0,0.6902654867256637,0.9889589905362776,0.9391304347826087,0.625,0.8164642375168691,0.342042755344418,0.8256285482562855,0.09366295264623956,5744,42,34f0f71ba7118d9ceb1b99e11f735e7180f87f999fdc205d5b2f3f394a81ad4d,4,43,0.342042755344418
0.8164345403899721,0,0.09250542037410854,0.772873372170112,0.2841420719348776,199,/mnt/prj01/hgrp-1502-5TB/xuxiaoyu/reliability_medmnistc_ab/formal_runs/cross_path_random_grapha2_sel42_43_train42_43_20260917/runs/pathmnist/graph_a2/ratio_0.02/selection_seed_42/train_seed_43/aug_0/final.pt,e0bd2781cc63b5bd447da1ed9fe9afe1c29609d301547df5ac2431a6dded66f5,0.03139018850339226,-0.0166270783847981,bubble,pathmnist,0.07434906198702818,597,graph_a2,9,7180,1791,0.7505924570874916,0.02,0.8378176382660688,1.0,0.640117994100295,0.9763406940063092,0.9400966183574879,0.6216216216216216,0.8110661268556005,0.33966745843230406,0.7891321978913219,0.11124651810584958,5744,42,34f0f71ba7118d9ceb1b99e11f735e7180f87f999fdc205d5b2f3f394a81ad4d,5,43,0.33966745843230406
0.6337047353760445,0,0.164698269400173,0.5596627725131437,0.6032196326607177,199,/mnt/prj01/hgrp-1502-5TB/xuxiaoyu/reliability_medmnistc_ab/formal_runs/cross_path_random_grapha2_sel42_43_train42_43_20260917/runs/pathmnist/graph_a2/ratio_0.02/selection_seed_42/train_seed_43/aug_0/final.pt,e0bd2781cc63b5bd447da1ed9fe9afe1c29609d301547df5ac2431a6dded66f5,0.24460078816036057,0.3216908523821888,contrast_down,pathmnist,0.2577679355496484,1564,graph_a2,9,7180,1791,1.7595506237182454,0.02,0.9588938714499252,1.0,0.5722713864306784,0.9479495268138801,0.6106280193236715,0.13344594594594594,0.001349527665317139,0.10926365795724466,0.7031630170316302,0.2827298050139276,5744,42,34f0f71ba7118d9ceb1b99e11f735e7180f87f999fdc205d5b2f3f394a81ad4d,1,43,0.001349527665317139
0.40055710306406683,0,0.3638937867046113,0.34931716536444374,1.0540262413628054,199,/mnt/prj01/hgrp-1502-5TB/xuxiaoyu/reliability_medmnistc_ab/formal_runs/cross_path_random_grapha2_sel42_43_train42_43_20260917/runs/pathmnist/graph_a2/ratio_0.02/selection_seed_42/train_seed_43/aug_0/final.pt,e0bd2781cc63b5bd447da1ed9fe9afe1c29609d301547df5ac2431a6dded66f5,0.4549463953090605,0.32304038004750596,contrast_down,pathmnist,0.5016470255999512,3106,graph_a2,9,7180,1791,3.692994069027881,0.02,0.9813153961136024,1.0,0.5014749262536873,0.3438485804416404,0.22705314009661837,0.02533783783783784,0.0,0.0023752969121140144,0.062449310624493104,0.5398676880222841,5744,42,34f0f71ba7118d9ceb1b99e11f735e7180f87f999fdc205d5b2f3f394a81ad4d,2,43,0.0
0.31838440111420613,0,0.43489862335697455,0.25858800344878663,1.309784943683355,199,/mnt/prj01/hgrp-1502-5TB/xuxiaoyu/reliability_medmnistc_ab/formal_runs/cross_path_random_grapha2_sel42_43_train42_43_20260917/runs/pathmnist/graph_a2/ratio_0.02/selection_seed_42/train_seed_43/aug_0/final.pt,e0bd2781cc63b5bd447da1ed9fe9afe1c29609d301547df5ac2431a6dded66f5,0.5456755572247176,0.32304038004750596,contrast_down,pathmnist,0.6443164202786754,4430,graph_a2,9,7180,1791,6.301533109155573,0.02,0.9872944693572496,1.0,0.3333333333333333,0.00473186119873817,0.001932367149758454,0.0,0.0,0.0,0.0,0.6303969359331476,5744,42,34f0f71ba7118d9ceb1b99e11f735e7180f87f999fdc205d5b2f3f394a81ad4d,3,43,0.0
0.3112813370473538,0,0.4403194047460608,0.23983388523648058,1.3430493222874937,199,/mnt/prj01/hgrp-1502-5TB/xuxiaoyu/reliability_medmnistc_ab/formal_runs/cross_path_random_grapha2_sel42_43_train42_43_20260917/runs/pathmnist/graph_a2/ratio_0.02/selection_seed_42/train_seed_43/aug_0/final.pt,e0bd2781cc63b5bd447da1ed9fe9afe1c29609d301547df5ac2431a6dded66f5,0.5644296754370237,0.32304038004750596,contrast_down,pathmnist,0.6641716911143579,4628,graph_a2,9,7180,1791,7.290305984127488,0.02,0.9962630792227205,1.0,0.16224188790560473,0.0,0.0,0.0,0.0,0.0,0.0,0.6387534818941504,5744,42,34f0f71ba7118d9ceb1b99e11f735e7180f87f999fdc205d5b2f3f394a81ad4d,4,43,0.0
0.30598885793871866,0,0.44046184006651423,0.22664479631025922,1.3720784108109865,199,/mnt/prj01/hgrp-1502-5TB/xuxiaoyu/reliability_medmnistc_ab/formal_runs/cross_path_random_grapha2_sel42_43_train42_43_20260917/runs/pathmnist/graph_a2/ratio_0.02/selection_seed_42/train_seed_43/aug_0/final.pt,e0bd2781cc63b5bd447da1ed9fe9afe1c29609d301547df5ac2431a6dded66f5,0.577618764363245,0.32304038004750596,contrast_down,pathmnist,0.6824675313277496,4840,graph_a2,9,7180,1791,8.069326620254472,0.02,0.9985052316890882,1.0,0.04129793510324484,0.0,0.0,0.0,0.0,0.0,0.0,0.6394498607242339,5744,42,34f0f71ba7118d9ceb1b99e11f735e7180f87f999fdc205d5b2f3f394a81ad4d,5,43,0.0
0.7133704735376044,0,0.15924181564771825,0.673211575982076,0.44207173431390373,199,/mnt/prj01/hgrp-1502-5TB/xuxiaoyu/reliability_medmnistc_ab/formal_runs/cross_path_random_grapha2_sel42_43_train42_43_20260917/runs/pathmnist/graph_a2/ratio_0.02/selection_seed_42/train_seed_43/aug_0/final.pt,e0bd2781cc63b5bd447da1ed9fe9afe1c29609d301547df5ac2431a6dded66f5,0.1310519846914282,0.11638954869358673,contrast_up,pathmnist,0.15075567080366914,959,graph_a2,9,7180,1791,1.188871071141586,0.02,0.8011958146487295,1.0,0.3893805309734513,0.804416403785489,0.8173913043478261,0.8868243243243243,0.6477732793522267,0.20665083135391923,0.505271695052717,0.21500696378830084,5744,42,34f0f71ba7118d9ceb1b99e11f735e7180f87f999fdc205d5b2f3f394a81ad4d,1,43,0.20665083135391923
0.46295264623955434,0,0.371401811455455,0.44388064414172024,0.8754807592488694,199,/mnt/prj01/hgrp-1502-5TB/xuxiaoyu/reliability_medmnistc_ab/formal_runs/cross_path_random_grapha2_sel42_43_train42_43_20260917/runs/pathmnist/graph_a2/ratio_0.02/selection_seed_42/train_seed_43/aug_0/final.pt,e0bd2781cc63b5bd447da1ed9fe9afe1c29609d301547df5ac2431a6dded66f5,0.360382916531784,0.2873550596906528,contrast_up,pathmnist,0.389215308149711,2257,graph_a2,9,7180,1791,2.6790941980801013,0.02,0.6098654708520179,1.0,0.13274336283185842,0.5520504731861199,0.47246376811594204,0.9070945945945946,0.23751686909581646,0.047505938242280284,0.035685320356853206,0.48346100278551535,5744,42,34f0f71ba7118d9ceb1b99e11f735e7180f87f999fdc205d5b2f3f394a81ad4d,2,43,0.035685320356853206
0.3325905292479109,0,0.5471246971566467,0.32772690037450275,1.145899940576811,199,/mnt/prj01/hgrp-1502-5TB/xuxiaoyu/reliability_medmnistc_ab/formal_runs/cross_path_random_grapha2_sel42_43_train42_43_20260917/runs/pathmnist/graph_a2/ratio_0.02/selection_seed_42/train_seed_43/aug_0/final.pt,e0bd2781cc63b5bd447da1ed9fe9afe1c29609d301547df5ac2431a6dded66f5,0.4765366602990015,0.3222293500393957,contrast_up,pathmnist,0.534537301592342,3233,graph_a2,9,7180,1791,3.9457462260578136,0.02,0.40956651718983555,1.0,0.10029498525073746,0.2807570977917981,0.19903381642512077,0.9070945945945946,0.04723346828609987,0.004750593824228029,0.0008110300081103001,0.6317896935933147,5744,42,34f0f71ba7118d9ceb1b99e11f735e7180f87f999fdc205d5b2f3f394a81ad4d,3,43,0.0008110300081103001
0.2584958217270195,0,0.7181695419291242,0.26114542038731436,1.330088899595493,199,/mnt/prj01/hgrp-1502-5TB/xuxiaoyu/reliability_medmnistc_ab/formal_runs/cross_path_random_grapha2_sel42_43_train42_43_20260917/runs/pathmnist/graph_a2/ratio_0.02/selection_seed_42/train_seed_43/aug_0/final.pt,e0bd2781cc63b5bd447da1ed9fe9afe1c29609d301547df5ac2431a6dded66f5,0.5431181402861899,0.32304038004750596,contrast_up,pathmnist,0.6322106170828627,4118,graph_a2,9,7180,1791,5.026366431135979,0.02,0.26532137518684606,0.948051948051948,0.06784660766961652,0.06309148264984227,0.08405797101449275,0.9070945945945946,0.014844804318488529,0.0,0.0,0.7289345403899722,5744,42,34f0f71ba7118d9ceb1b99e11f735e7180f87f999fdc205d5b2f3f394a81ad4d,4,43,0.0
0.10974930362116991,0,0.8519712395985019,0.13043195716207517,1.5882824940255358,199,/mnt/prj01/hgrp-1502-5TB/xuxiaoyu/reliability_medmnistc_ab/formal_runs/cross_path_random_grapha2_sel42_43_train42_43_20260917/runs/pathmnist/graph_a2/ratio_0.02/selection_seed_42/train_seed_43/aug_0/final.pt,e0bd2781cc63b5bd447da1ed9fe9afe1c29609d301547df5ac2431a6dded66f5,0.6738316035114291,0.32304038004750596,contrast_up,pathmnist,0.7687728314637141,4824,graph_a2,9,7180,1791,6.332265419395122,0.02,0.07473841554559044,0.14403778040141677,0.02654867256637168,0.0015772870662460567,0.014492753623188406,0.9070945945945946,0.005398110661268556,0.0,0.0,0.8969359331476323,5744,42,34f0f71ba7118d9ceb1b99e11f735e7180f87f999fdc205d5b2f3f394a81ad4d,5,43,0.0
0.6515320334261838,0,0.18568010647483257,0.631631159336376,0.5802637333890918,199,/mnt/prj01/hgrp-1502-5TB/xuxiaoyu/reliability_medmnistc_ab/formal_runs/cross_path_random_grapha2_sel42_43_train42_43_20260917/runs/pathmnist/graph_a2/ratio_0.02/selection_seed_42/train_seed_43/aug_0/final.pt,e0bd2781cc63b5bd447da1ed9fe9afe1c29609d301547df5ac2431a6dded66f5,0.1726324013371282,0.15074308275020867,defocus_blur,pathmnist,0.24546498236217867,1660,graph_a2,9,7180,1791,1.5465116495179143,0.02,0.9573991031390134,1.0,0.6460176991150443,0.750788643533123,0.39903381642512076,0.17229729729729729,0.9676113360323887,0.4346793349168646,0.35685320356853206,0.29613509749303624,5744,42,34f0f71ba7118d9ceb1b99e11f735e7180f87f999fdc205d5b2f3f394a81ad4d,1,43,0.17229729729729729
0.5672701949860725,0,0.269562052723755,0.5502511651959378,0.7514960591682761,199,/mnt/prj01/hgrp-1502-5TB/xuxiaoyu/reliability_medmnistc_ab/formal_runs/cross_path_random_grapha2_sel42_43_train42_43_20260917/runs/pathmnist/graph_a2/ratio_0.02/selection_seed_42/train_seed_43/aug_0/final.pt,e0bd2781cc63b5bd447da1ed9fe9afe1c29609d301547df5ac2431a6dded66f5,0.2540123954775665,0.2747312013035446,defocus_blur,pathmnist,0.33725851316388933,2286,graph_a2,9,7180,1791,2.2301831289217904,0.02,0.9588938714499252,1.0,0.6047197640117994,0.5615141955835962,0.04830917874396135,0.17567567567567569,0.9689608636977058,0.334916864608076,0.29927007299270075,0.387883008356546,5744,42,34f0f71ba7118d9ceb1b99e11f735e7180f87f999fdc205d5b2f3f394a81ad4d,2,43,0.04830917874396135
0.5494428969359332,0,0.34014561785170566,0.5295973082903829,0.7899366018856249,199,/mnt/prj01/hgrp-1502-5TB/xuxiaoyu/reliability_medmnistc_ab/formal_runs/cross_path_random_grapha2_sel42_43_train42_43_20260917/runs/pathmnist/graph_a2/ratio_0.02/selection_seed_42/train_seed_43/aug_0/final.pt,e0bd2781cc63b5bd447da1ed9fe9afe1c29609d301547df5ac2431a6dded66f5,0.27466625238312137,0.3182094621731098,defocus_blur,pathmnist,0.34521624725052574,2335,graph_a2,9,7180,1791,2.657152285230624,0.02,0.9618834080717489,1.0,0.6519174041297935,0.4558359621451104,0.004830917874396135,0.19087837837837837,0.9338731443994602,0.25653206650831356,0.31062449310624496,0.4138231197771588,5744,42,34f0f71ba7118d9ceb1b99e11f735e7180f87f999fdc205d5b2f3f394a81ad4d,3,43,0.004830917874396135
0.5324512534818941,0,0.3425995094524132,0.5139186037392075,0.7967476520478249,199,/mnt/prj01/hgrp-1502-5TB/xuxiaoyu/reliability_medmnistc_ab/formal_runs/cross_path_random_grapha2_sel42_43_train42_43_20260917/runs/pathmnist/graph_a2/ratio_0.02/selection_seed_42/train_seed_43/aug_0/final.pt,e0bd2781cc63b5bd447da1ed9fe9afe1c29609d301547df5ac2431a6dded66f5,0.29034495693429674,0.3201418293228683,defocus_blur,pathmnist,0.3353638143405775,2186,graph_a2,9,7180,1791,2.719939018934767,0.02,0.9678624813153961,1.0,0.7079646017699115,0.3990536277602524,0.002898550724637681,0.1891891891891892,0.8663967611336032,0.2161520190023753,0.275750202757502,0.42235376044568246,5744,42,34f0f71ba7118d9ceb1b99e11f735e7180f87f999fdc205d5b2f3f394a81ad4d,4,43,0.002898550724637681
0.47493036211699163,0,0.36502560893888597,0.4500845908097839,0.8583752162812046,199,/mnt/prj01/hgrp-1502-5TB/xuxiaoyu/reliability_medmnistc_ab/formal_runs/cross_path_random_grapha2_sel42_43_train42_43_20260917/runs/pathmnist/graph_a2/ratio_0.02/selection_seed_42/train_seed_43/aug_0/final.pt,e0bd2781cc63b5bd447da1ed9fe9afe1c29609d301547df5ac2431a6dded66f5,0.3541789698637203,0.32304038004750596,defocus_blur,pathmnist,0.36686669951693923,2182,graph_a2,9,7180,1791,2.8576623387340017,0.02,0.9678624813153961,1.0,0.7610619469026548,0.017350157728706624,0.0,0.20608108108108109,0.7192982456140351,0.15201900237529692,0.22708840227088403,0.4778899721448468,5744,42,34f0f71ba7118d9ceb1b99e11f735e7180f87f999fdc205d5b2f3f394a81ad4d,5,43,0.0
0.8403899721448468,0,0.07264487561048337,0.7865947112424885,0.24895667216349004,199,/mnt/prj01/hgrp-1502-5TB/xuxiaoyu/reliability_medmnistc_ab/formal_runs/cross_path_random_grapha2_sel42_43_train42_43_20260917/runs/pathmnist/graph_a2/ratio_0.02/selection_seed_42/train_seed_43/aug_0/final.pt,e0bd2781cc63b5bd447da1ed9fe9afe1c29609d301547df5ac2431a6dded66f5,0.017668849431015765,-0.026128266033254133,jpeg_compression,pathmnist,0.07011869221842723,524,graph_a2,9,7180,1791,0.6785560522954185,0.02,0.8834080717488789,1.0,0.6637168141592921,0.9873817034700315,0.9342995169082126,0.581081081081081,0.7638326585695007,0.3491686460807601,0.916463909164639,0.08373955431754875,5744,42,34f0f71ba7118d9ceb1b99e11f735e7180f87f999fdc205d5b2f3f394a81ad4d,1,43,0.3491686460807601
0.8422005571030641,0,0.07092390571872309,0.7837774534571447,0.24571527881702102,199,/mnt/prj01/hgrp-1502-5TB/xuxiaoyu/reliability_medmnistc_ab/formal_runs/cross_path_random_grapha2_sel42_43_train42_43_20260917/runs/pathmnist/graph_a2/ratio_0.02/selection_seed_42/train_seed_43/aug_0/final.pt,e0bd2781cc63b5bd447da1ed9fe9afe1c29609d301547df5ac2431a6dded66f5,0.020486107216359573,-0.028503562945368155,jpeg_compression,pathmnist,0.06473919117932202,504,graph_a2,9,7180,1791,0.6728033127377304,0.02,0.9312406576980568,1.0,0.6578171091445427,0.9794952681388013,0.9256038647342996,0.5506756756756757,0.7435897435897436,0.3515439429928741,0.9140308191403081,0.08095403899721448,5744,42,34f0f71ba7118d9ceb1b99e11f735e7180f87f999fdc205d5b2f3f394a81ad4d,2,43,0.3515439429928741
0.8037604456824513,0,0.08181172713594713,0.7468632414469164,0.3038820358413085,199,/mnt/prj01/hgrp-1502-5TB/xuxiaoyu/reliability_medmnistc_ab/formal_runs/cross_path_random_grapha2_sel42_43_train42_43_20260917/runs/pathmnist/graph_a2/ratio_0.02/selection_seed_42/train_seed_43/aug_0/final.pt,e0bd2781cc63b5bd447da1ed9fe9afe1c29609d301547df5ac2431a6dded66f5,0.05740031922658784,0.0,jpeg_compression,pathmnist,0.09511309650864108,657,graph_a2,9,7180,1791,0.7921364885700759,0.02,0.8340807174887892,1.0,0.6489675516224189,0.9337539432176656,0.9140096618357488,0.5101351351351351,0.6275303643724697,0.32304038004750596,0.9302514193025142,0.11646935933147633,5744,42,34f0f71ba7118d9ceb1b99e11f735e7180f87f999fdc205d5b2f3f394a81ad4d,3,43,0.32304038004750596
0.7924791086350975,0,0.07407967094629685,0.7289240801847803,0.32176820436285714,199,/mnt/prj01/hgrp-1502-5TB/xuxiaoyu/reliability_medmnistc_ab/formal_runs/cross_path_random_grapha2_sel42_43_train42_43_20260917/runs/pathmnist/graph_a2/ratio_0.02/selection_seed_42/train_seed_43/aug_0/final.pt,e0bd2781cc63b5bd447da1ed9fe9afe1c29609d301547df5ac2431a6dded66f5,0.07533948048872396,0.08788598574821854,jpeg_compression,pathmnist,0.09605439568047404,678,graph_a2,9,7180,1791,0.8428554181837377,0.02,0.8796711509715994,1.0,0.6548672566371682,0.9148264984227129,0.893719806763285,0.5236486486486487,0.5452091767881242,0.23515439429928742,0.9132197891321979,0.13266016713091922,5744,42,34f0f71ba7118d9ceb1b99e11f735e7180f87f999fdc205d5b2f3f394a81ad4d,4,43,0.23515439429928742
0.7508356545961002,0,0.0759054331145805,0.676030100894597,0.38872562972058133,199,/mnt/prj01/hgrp-1502-5TB/xuxiaoyu/reliability_medmnistc_ab/formal_runs/cross_path_random_grapha2_sel42_43_train42_43_20260917/runs/pathmnist/graph_a2/ratio_0.02/selection_seed_42/train_seed_43/aug_0/final.pt,e0bd2781cc63b5bd447da1ed9fe9afe1c29609d301547df5ac2431a6dded66f5,0.1282334597789072,0.1135809205880465,jpeg_compression,pathmnist,0.14914971942855124,921,graph_a2,9,7180,1791,1.0271302235302822,0.02,0.8333333333333334,1.0,0.5103244837758112,0.8974763406940063,0.9072463768115943,0.20945945945945946,0.4534412955465587,0.34679334916864607,0.9261962692619627,0.16277855153203344,5744,42,34f0f71ba7118d9ceb1b99e11f735e7180f87f999fdc205d5b2f3f394a81ad4d,5,43,0.20945945945945946
0.7168523676880223,0,0.1482989388513752,0.6814174615601072,0.46035571750444165,199,/mnt/prj01/hgrp-1502-5TB/xuxiaoyu/reliability_medmnistc_ab/formal_runs/cross_path_random_grapha2_sel42_43_train42_43_20260917/runs/pathmnist/graph_a2/ratio_0.02/selection_seed_42/train_seed_43/aug_0/final.pt,e0bd2781cc63b5bd447da1ed9fe9afe1c29609d301547df5ac2431a6dded66f5,0.12284609911339706,0.056148488155614074,motion_blur,pathmnist,0.18281263318898616,1253,graph_a2,9,7180,1791,1.2162785051364164,0.02,0.9491778774289985,1.0,0.6755162241887905,0.7365930599369085,0.591304347826087,0.2668918918918919,0.9338731443994602,0.41330166270783847,0.5660989456609895,0.21848885793871867,5744,42,34f0f71ba7118d9ceb1b99e11f735e7180f87f999fdc205d5b2f3f394a81ad4d,1,43,0.2668918918918919
0.71016713091922,0,0.1572958293647495,0.6767462366709063,0.4775071772703785,199,/mnt/prj01/hgrp-1502-5TB/xuxiaoyu/reliability_medmnistc_ab/formal_runs/cross_path_random_grapha2_sel42_43_train42_43_20260917/runs/pathmnist/graph_a2/ratio_0.02/selection_seed_42/train_seed_43/aug_0/final.pt,e0bd2781cc63b5bd447da1ed9fe9afe1c29609d301547df5ac2431a6dded66f5,0.12751732400259796,0.04601335302047893,motion_blur,pathmnist,0.18780909178358268,1307,graph_a2,9,7180,1791,1.2758093553860475,0.02,0.9499252615844545,1.0,0.6843657817109144,0.7097791798107256,0.5420289855072464,0.27702702702702703,0.9298245614035088,0.4251781472684085,0.5725871857258719,0.23259052924791088,5744,42,34f0f71ba7118d9ceb1b99e11f735e7180f87f999fdc205d5b2f3f394a81ad4d,2,43,0.27702702702702703
0.7115598885793872,0,0.15727037436521132,0.6782531809786321,0.4789929999421375,199,/mnt/prj01/hgrp-1502-5TB/xuxiaoyu/reliability_medmnistc_ab/formal_runs/cross_path_random_grapha2_sel42_43_train42_43_20260917/runs/pathmnist/graph_a2/ratio_0.02/selection_seed_42/train_seed_43/aug_0/final.pt,e0bd2781cc63b5bd447da1ed9fe9afe1c29609d301547df5ac2431a6dded66f5,0.12601037969487217,0.052770109777235674,motion_blur,pathmnist,0.19105230435355458,1349,graph_a2,9,7180,1791,1.2803160742741142,0.02,0.9461883408071748,1.0,0.6932153392330384,0.7208201892744479,0.557487922705314,0.2702702702702703,0.9392712550607287,0.41092636579572445,0.5660989456609895,0.233983286908078,5744,42,34f0f71ba7118d9ceb1b99e11f735e7180f87f999fdc205d5b2f3f394a81ad4d,3,43,0.2702702702702703
0.6263231197771588,0,0.24028942496311598,0.591535148730112,0.6271935215548381,199,/mnt/prj01/hgrp-1502-5TB/xuxiaoyu/reliability_medmnistc_ab/formal_runs/cross_path_random_grapha2_sel42_43_train42_43_20260917/runs/pathmnist/graph_a2/ratio_0.02/selection_seed_42/train_seed_43/aug_0/final.pt,e0bd2781cc63b5bd447da1ed9fe9afe1c29609d301547df5ac2431a6dded66f5,0.2127284119433922,0.08729158777697457,motion_blur,pathmnist,0.2573168415379059,1762,graph_a2,9,7180,1791,1.805950621379368,0.02,0.9596412556053812,1.0,0.6637168141592921,0.5094637223974764,0.2357487922705314,0.25844594594594594,0.8623481781376519,0.30403800475059384,0.5304136253041363,0.32364206128133705,5744,42,34f0f71ba7118d9ceb1b99e11f735e7180f87f999fdc205d5b2f3f394a81ad4d,4,43,0.2357487922705314
0.5711699164345404,0,0.29475907316125904,0.5341496897516227,0.7184637421623569,199,/mnt/prj01/hgrp-1502-5TB/xuxiaoyu/reliability_medmnistc_ab/formal_runs/cross_path_random_grapha2_sel42_43_train42_43_20260917/runs/pathmnist/graph_a2/ratio_0.02/selection_seed_42/train_seed_43/aug_0/final.pt,e0bd2781cc63b5bd447da1ed9fe9afe1c29609d301547df5ac2431a6dded66f5,0.27011387092188155,0.2235234718349456,motion_blur,pathmnist,0.28622344414337764,1879,graph_a2,9,7180,1791,2.2072029566467926,0.02,0.9663677130044843,1.0,0.7227138643067846,0.416403785488959,0.09951690821256039,0.26013513513513514,0.6761133603238867,0.15676959619952494,0.5093268450932684,0.3849233983286908,5744,42,34f0f71ba7118d9ceb1b99e11f735e7180f87f999fdc205d5b2f3f394a81ad4d,5,43,0.09951690821256039
0.8493036211699164,0,0.07291540270607631,0.8061629590679752,0.2363550778763326,199,/mnt/prj01/hgrp-1502-5TB/xuxiaoyu/reliability_medmnistc_ab/formal_runs/cross_path_random_grapha2_sel42_43_train42_43_20260917/runs/pathmnist/graph_a2/ratio_0.02/selection_seed_42/train_seed_43/aug_0/final.pt,e0bd2781cc63b5bd447da1ed9fe9afe1c29609d301547df5ac2431a6dded66f5,-0.0018993983944709525,-0.04275534441805223,pixelate,pathmnist,0.06635414009970872,530,graph_a2,9,7180,1791,0.6606179225355607,0.02,0.8953662182361734,1.0,0.7522123893805309,0.9936908517350158,0.9169082125603865,0.6334459459459459,0.8205128205128205,0.3657957244655582,0.8775344687753447,0.07555710306406685,5744,42,34f0f71ba7118d9ceb1b99e11f735e7180f87f999fdc205d5b2f3f394a81ad4d,1,43,0.3657957244655582
0.8437325905292479,0,0.07442979792536347,0.8042230891882602,0.24322519199141013,199,/mnt/prj01/hgrp-1502-5TB/xuxiaoyu/reliability_medmnistc_ab/formal_runs/cross_path_random_grapha2_sel42_43_train42_43_20260917/runs/pathmnist/graph_a2/ratio_0.02/selection_seed_42/train_seed_43/aug_0/final.pt,e0bd2781cc63b5bd447da1ed9fe9afe1c29609d301547df5ac2431a6dded66f5,4.047148524399802e-05,-0.07125890736342039,pixelate,pathmnist,0.07120605039729379,538,graph_a2,9,7180,1791,0.6727923891432486,0.02,0.9013452914798207,1.0,0.7728613569321534,0.9905362776025236,0.9101449275362319,0.5878378378378378,0.8407557354925776,0.39429928741092635,0.8402270884022709,0.08252089136490251,5744,42,34f0f71ba7118d9ceb1b99e11f735e7180f87f999fdc205d5b2f3f394a81ad4d,2,43,0.39429928741092635
0.8327298050139276,0,0.07902230343512039,0.79477658543644,0.2630385640186977,199,/mnt/prj01/hgrp-1502-5TB/xuxiaoyu/reliability_medmnistc_ab/formal_runs/cross_path_random_grapha2_sel42_43_train42_43_20260917/runs/pathmnist/graph_a2/ratio_0.02/selection_seed_42/train_seed_43/aug_0/final.pt,e0bd2781cc63b5bd447da1ed9fe9afe1c29609d301547df5ac2431a6dded66f5,0.00948697523706421,-0.10926365795724463,pixelate,pathmnist,0.08051896678870105,609,graph_a2,9,7180,1791,0.7200050833209756,0.02,0.9185351270553064,1.0,0.7551622418879056,0.9826498422712934,0.8830917874396135,0.5084459459459459,0.8852901484480432,0.4323040380047506,0.7875101378751014,0.09261838440111421,5744,42,34f0f71ba7118d9ceb1b99e11f735e7180f87f999fdc205d5b2f3f394a81ad4d,3,43,0.4323040380047506
0.8188022284122562,0,0.08667753238142754,0.7774814409676111,0.2882163991465504,199,/mnt/prj01/hgrp-1502-5TB/xuxiaoyu/reliability_medmnistc_ab/formal_runs/cross_path_random_grapha2_sel42_43_train42_43_20260917/runs/pathmnist/graph_a2/ratio_0.02/selection_seed_42/train_seed_43/aug_0/final.pt,e0bd2781cc63b5bd447da1ed9fe9afe1c29609d301547df5ac2431a6dded66f5,0.02678211970589317,-0.1043244848173589,pixelate,pathmnist,0.09000885696630294,696,graph_a2,9,7180,1791,0.7789158007698481,0.02,0.9342301943198804,1.0,0.7256637168141593,0.9479495268138801,0.8260869565217391,0.42736486486486486,0.8987854251012146,0.4489311163895487,0.7883211678832117,0.11316155988857939,5744,42,34f0f71ba7118d9ceb1b99e11f735e7180f87f999fdc205d5b2f3f394a81ad4d,4,43,0.42736486486486486
0.7860724233983287,0,0.11242550913509984,0.7331711056490169,0.3439371613039068,199,/mnt/prj01/hgrp-1502-5TB/xuxiaoyu/reliability_medmnistc_ab/formal_runs/cross_path_random_grapha2_sel42_43_train42_43_20260917/runs/pathmnist/graph_a2/ratio_0.02/selection_seed_42/train_seed_43/aug_0/final.pt,e0bd2781cc63b5bd447da1ed9fe9afe1c29609d301547df5ac2431a6dded66f5,0.07109245502448736,-0.0468920523849265,pixelate,pathmnist,0.11728618787938837,875,graph_a2,9,7180,1791,0.9195185526431958,0.02,0.9417040358744395,1.0,0.6519174041297935,0.8154574132492114,0.7342995169082126,0.36993243243243246,0.7935222672064778,0.44418052256532065,0.8475263584752636,0.1491991643454039,5744,42,34f0f71ba7118d9ceb1b99e11f735e7180f87f999fdc205d5b2f3f394a81ad4d,5,43,0.36993243243243246
0.5922005571030641,0,0.2559180990654511,0.6170711862027488,0.6431303360493772,199,/mnt/prj01/hgrp-1502-5TB/xuxiaoyu/reliability_medmnistc_ab/formal_runs/cross_path_random_grapha2_sel42_43_train42_43_20260917/runs/pathmnist/graph_a2/ratio_0.02/selection_seed_42/train_seed_43/aug_0/final.pt,e0bd2781cc63b5bd447da1ed9fe9afe1c29609d301547df5ac2431a6dded66f5,0.18719237447075543,0.06888361045130642,saturate,pathmnist,0.2628461290078243,1648,graph_a2,9,7180,1791,1.6444870534552833,0.02,0.35351270553064273,1.0,0.6578171091445427,0.6766561514195584,0.6869565217391305,0.8783783783783784,0.7071524966261808,0.25415676959619954,0.33901054339010545,0.3530640668523677,5744,42,34f0f71ba7118d9ceb1b99e11f735e7180f87f999fdc205d5b2f3f394a81ad4d,1,43,0.25415676959619954
0.3062674094707521,0,0.5015984868146006,0.3678406988533933,1.1911178231064,199,/mnt/prj01/hgrp-1502-5TB/xuxiaoyu/reliability_medmnistc_ab/formal_runs/cross_path_random_grapha2_sel42_43_train42_43_20260917/runs/pathmnist/graph_a2/ratio_0.02/selection_seed_42/train_seed_43/aug_0/final.pt,e0bd2781cc63b5bd447da1ed9fe9afe1c29609d301547df5ac2431a6dded66f5,0.4364228618201109,0.31411904995829265,saturate,pathmnist,0.5622357830820309,3392,graph_a2,9,7180,1791,3.84701700954573,0.02,0.02242152466367713,1.0,0.5221238938053098,0.47318611987381703,0.14492753623188406,0.9054054054054054,0.15519568151147098,0.07838479809976247,0.008921330089213302,0.6535515320334262,5744,42,34f0f71ba7118d9ceb1b99e11f735e7180f87f999fdc205d5b2f3f394a81ad4d,2,43,0.008921330089213302
0.2424791086350975,0,0.633728272892878,0.29824542623623385,1.342289268692591,199,/mnt/prj01/hgrp-1502-5TB/xuxiaoyu/reliability_medmnistc_ab/formal_runs/cross_path_random_grapha2_sel42_43_train42_43_20260917/runs/pathmnist/graph_a2/ratio_0.02/selection_seed_42/train_seed_43/aug_0/final.pt,e0bd2781cc63b5bd447da1ed9fe9afe1c29609d301547df5ac2431a6dded66f5,0.5060181344372704,0.32304038004750596,saturate,pathmnist,0.642028053001109,3890,graph_a2,9,7180,1791,4.956672058372752,0.02,0.0007473841554559044,1.0,0.49852507374631266,0.250788643533123,0.02705314009661836,0.9070945945945946,0.0,0.0,0.0,0.7096100278551533,5744,42,34f0f71ba7118d9ceb1b99e11f735e7180f87f999fdc205d5b2f3f394a81ad4d,3,43,0.0
0.21727019498607242,0,0.756863198290935,0.26855117245290555,1.4229379695453388,199,/mnt/prj01/hgrp-1502-5TB/xuxiaoyu/reliability_medmnistc_ab/formal_runs/cross_path_random_grapha2_sel42_43_train42_43_20260917/runs/pathmnist/graph_a2/ratio_0.02/selection_seed_42/train_seed_43/aug_0/final.pt,e0bd2781cc63b5bd447da1ed9fe9afe1c29609d301547df5ac2431a6dded66f5,0.5357123882205987,0.32304038004750596,saturate,pathmnist,0.6708618840508807,4247,graph_a2,9,7180,1791,5.877787748789438,0.02,0.0,0.9881936245572609,0.49852507374631266,0.017350157728706624,0.005797101449275362,0.9070945945945946,0.0,0.0,0.0,0.7594011142061281,5744,42,34f0f71ba7118d9ceb1b99e11f735e7180f87f999fdc205d5b2f3f394a81ad4d,4,43,0.0
0.16364902506963788,0,0.8307340423194385,0.21768046918177503,1.5672528650963704,199,/mnt/prj01/hgrp-1502-5TB/xuxiaoyu/reliability_medmnistc_ab/formal_runs/cross_path_random_grapha2_sel42_43_train42_43_20260917/runs/pathmnist/graph_a2/ratio_0.02/selection_seed_42/train_seed_43/aug_0/final.pt,e0bd2781cc63b5bd447da1ed9fe9afe1c29609d301547df5ac2431a6dded66f5,0.5865830914917292,0.32304038004750596,saturate,pathmnist,0.7529397990959268,4996,graph_a2,9,7180,1791,6.906034411052477,0.02,0.0,0.5525383707201889,0.49852507374631266,0.0,0.000966183574879227,0.9070945945945946,0.0,0.0,0.0,0.8535863509749304,5744,42,34f0f71ba7118d9ceb1b99e11f735e7180f87f999fdc205d5b2f3f394a81ad4d,5,43,0.0
0.852924791086351,0,0.07196942330166327,0.8048344821546973,0.22896751107402236,199,/mnt/prj01/hgrp-1502-5TB/xuxiaoyu/reliability_medmnistc_ab/formal_runs/cross_path_random_grapha2_sel42_43_train42_43_20260917/runs/pathmnist/graph_a2/ratio_0.02/selection_seed_42/train_seed_43/aug_0/final.pt,e0bd2781cc63b5bd447da1ed9fe9afe1c29609d301547df5ac2431a6dded66f5,-0.0005709214811930874,0.009501187648456089,stain_deposit,pathmnist,0.05880795271864843,490,graph_a2,9,7180,1791,0.6479684832348803,0.02,0.890881913303438,1.0,0.7168141592920354,0.9921135646687698,0.9314009661835749,0.6993243243243243,0.7975708502024291,0.31353919239904987,0.9018653690186537,0.0745125348189415,5744,42,34f0f71ba7118d9ceb1b99e11f735e7180f87f999fdc205d5b2f3f394a81ad4d,1,43,0.31353919239904987
0.8505571030640668,0,0.0726523940839935,0.804061495751406,0.23209805060090363,199,/mnt/prj01/hgrp-1502-5TB/xuxiaoyu/reliability_medmnistc_ab/formal_runs/cross_path_random_grapha2_sel42_43_train42_43_20260917/runs/pathmnist/graph_a2/ratio_0.02/selection_seed_42/train_seed_43/aug_0/final.pt,e0bd2781cc63b5bd447da1ed9fe9afe1c29609d301547df5ac2431a6dded66f5,0.0002020649220982884,-0.0023752969121139667,stain_deposit,pathmnist,0.05728426268505854,468,graph_a2,9,7180,1791,0.6528274667351524,0.02,0.8878923766816144,1.0,0.7197640117994101,0.9794952681388013,0.9333333333333333,0.706081081081081,0.7948717948717948,0.3254156769596199,0.8896999188969992,0.07520891364902507,5744,42,34f0f71ba7118d9ceb1b99e11f735e7180f87f999fdc205d5b2f3f394a81ad4d,2,43,0.3254156769596199
0.8463788300835655,0,0.07364445354754315,0.799171458130682,0.23797743876142238,199,/mnt/prj01/hgrp-1502-5TB/xuxiaoyu/reliability_medmnistc_ab/formal_runs/cross_path_random_grapha2_sel42_43_train42_43_20260917/runs/pathmnist/graph_a2/ratio_0.02/selection_seed_42/train_seed_43/aug_0/final.pt,e0bd2781cc63b5bd447da1ed9fe9afe1c29609d301547df5ac2431a6dded66f5,0.005092102542822219,0.004750593824228044,stain_deposit,pathmnist,0.056513588852703044,470,graph_a2,9,7180,1791,0.6641776930418203,0.02,0.8931240657698056,1.0,0.7138643067846607,0.9700315457413249,0.9294685990338164,0.7077702702702703,0.7800269905533064,0.3182897862232779,0.8799675587996756,0.078516713091922,5744,42,34f0f71ba7118d9ceb1b99e11f735e7180f87f999fdc205d5b2f3f394a81ad4d,3,43,0.3182897862232779
0.8423398328690808,0,0.07541144388084162,0.794600062823241,0.24436795403292358,199,/mnt/prj01/hgrp-1502-5TB/xuxiaoyu/reliability_medmnistc_ab/formal_runs/cross_path_random_grapha2_sel42_43_train42_43_20260917/runs/pathmnist/graph_a2/ratio_0.02/selection_seed_42/train_seed_43/aug_0/final.pt,e0bd2781cc63b5bd447da1ed9fe9afe1c29609d301547df5ac2431a6dded66f5,0.009663497850263214,0.009501187648456089,stain_deposit,pathmnist,0.05519562913597794,484,graph_a2,9,7180,1791,0.674544054336728,0.02,0.8931240657698056,1.0,0.7020648967551623,0.9495268138801262,0.927536231884058,0.7212837837837838,0.7732793522267206,0.31353919239904987,0.8710462287104623,0.08426183844011143,5744,42,34f0f71ba7118d9ceb1b99e11f735e7180f87f999fdc205d5b2f3f394a81ad4d,4,43,0.31353919239904987
0.826740947075209,0,0.07664455569980808,0.7746591863020288,0.26314299789753953,199,/mnt/prj01/hgrp-1502-5TB/xuxiaoyu/reliability_medmnistc_ab/formal_runs/cross_path_random_grapha2_sel42_43_train42_43_20260917/runs/pathmnist/graph_a2/ratio_0.02/selection_seed_42/train_seed_43/aug_0/final.pt,e0bd2781cc63b5bd447da1ed9fe9afe1c29609d301547df5ac2431a6dded66f5,0.02960437437147545,0.05225653206650832,stain_deposit,pathmnist,0.05511162508496998,469,graph_a2,9,7180,1791,0.7088817831336671,0.02,0.906576980568012,1.0,0.6932153392330384,0.9227129337539433,0.9227053140096618,0.7195945945945946,0.6774628879892037,0.27078384798099764,0.8588807785888077,0.09575208913649025,5744,42,34f0f71ba7118d9ceb1b99e11f735e7180f87f999fdc205d5b2f3f394a81ad4d,5,43,0.27078384798099764
0.8590529247910863,0,0.05045045604056339,0.7967289678339199,0.22581936315060783,199,/mnt/prj01/hgrp-1502-5TB/xuxiaoyu/reliability_medmnistc_ab/formal_runs/cross_path_random_grapha2_sel42_43_train42_43_20260917/runs/pathmnist/graph_a2/ratio_0.02/selection_seed_43/train_seed_42/aug_0/final.pt,a2ef39d997911894bd7f34e217e78fa054012dd8407b7e712d815ba921090fbf,,,clean,pathmnist,0.05826118203673852,502,graph_a2,9,7180,1791,0.5514226741611247,0.02,0.9177877428998505,1.0,0.3864306784660767,0.9794952681388013,0.9130434782608695,0.7787162162162162,0.9095816464237517,0.3990498812351544,0.8864557988645579,0.07155292479108635,5744,43,f3aa0e0dd514a3dc197d0332104bf88780a6b9c3e4ee87d1ceff957d1bfc6d3d,0,42,0.3864306784660767
0.5104456824512534,0,0.29693132490688967,0.43443384067226887,0.8469414011008058,199,/mnt/prj01/hgrp-1502-5TB/xuxiaoyu/reliability_medmnistc_ab/formal_runs/cross_path_random_grapha2_sel42_43_train42_43_20260917/runs/pathmnist/graph_a2/ratio_0.02/selection_seed_43/train_seed_42/aug_0/final.pt,a2ef39d997911894bd7f34e217e78fa054012dd8407b7e712d815ba921090fbf,0.362295127161651,0.37387029199264676,brightness_down,pathmnist,0.3798065320466721,2389,graph_a2,9,7180,1791,2.671481976230393,0.02,0.875186846038864,1.0,0.49852507374631266,0.5299684542586751,0.012560386473429951,0.03547297297297297,0.05128205128205128,0.05938242280285035,0.8475263584752636,0.42879526462395545,5744,43,f3aa0e0dd514a3dc197d0332104bf88780a6b9c3e4ee87d1ceff957d1bfc6d3d,1,42,0.012560386473429951
0.25,0,0.5619287733955007,0.2366354924857732,1.3728553884726074,199,/mnt/prj01/hgrp-1502-5TB/xuxiaoyu/reliability_medmnistc_ab/formal_runs/cross_path_random_grapha2_sel42_43_train42_43_20260917/runs/pathmnist/graph_a2/ratio_0.02/selection_seed_43/train_seed_42/aug_0/final.pt,a2ef39d997911894bd7f34e217e78fa054012dd8407b7e712d815ba921090fbf,0.5600934753481467,0.3864306784660767,brightness_down,pathmnist,0.65746709115824,4442,graph_a2,9,7180,1791,4.7930907481486695,0.02,0.1532137518684604,1.0,0.49852507374631266,0.0,0.000966183574879227,0.02364864864864865,0.0,0.0,0.45336577453365773,0.754700557103064,5744,43,f3aa0e0dd514a3dc197d0332104bf88780a6b9c3e4ee87d1ceff957d1bfc6d3d,2,42,0.0
0.14415041782729804,0,0.6002334273973327,0.1675020196002906,1.6607370652130136,199,/mnt/prj01/hgrp-1502-5TB/xuxiaoyu/reliability_medmnistc_ab/formal_runs/cross_path_random_grapha2_sel42_43_train42_43_20260917/runs/pathmnist/graph_a2/ratio_0.02/selection_seed_43/train_seed_42/aug_0/final.pt,a2ef39d997911894bd7f34e217e78fa054012dd8407b7e712d815ba921090fbf,0.6292269482336292,0.3864306784660767,brightness_down,pathmnist,0.8259083604165106,5837,graph_a2,9,7180,1791,6.5153551130621254,0.02,0.0,1.0,0.4896755162241888,0.0,0.0,0.0,0.0,0.0,0.017842660178426603,0.8264275766016713,5744,43,f3aa0e0dd514a3dc197d0332104bf88780a6b9c3e4ee87d1ceff957d1bfc6d3d,3,42,0.0
0.13983286908077994,0,0.6087562069390953,0.162569649295313,1.6854624276783474,199,/mnt/prj01/hgrp-1502-5TB/xuxiaoyu/reliability_medmnistc_ab/formal_runs/cross_path_random_grapha2_sel42_43_train42_43_20260917/runs/pathmnist/graph_a2/ratio_0.02/selection_seed_43/train_seed_42/aug_0/final.pt,a2ef39d997911894bd7f34e217e78fa054012dd8407b7e712d815ba921090fbf,0.6341593185386069,0.3864306784660767,brightness_down,pathmnist,0.8377832444306867,5891,graph_a2,9,7180,1791,7.024728659452876,0.02,0.0,1.0,0.4631268436578171,0.0,0.0,0.0,0.0,0.0,0.0,0.8304317548746518,5744,43,f3aa0e0dd514a3dc197d0332104bf88780a6b9c3e4ee87d1ceff957d1bfc6d3d,4,42,0.0
0.13871866295264623,0,0.6152130167430182,0.15994755817764666,1.6995712958432954,199,/mnt/prj01/hgrp-1502-5TB/xuxiaoyu/reliability_medmnistc_ab/formal_runs/cross_path_random_grapha2_sel42_43_train42_43_20260917/runs/pathmnist/graph_a2/ratio_0.02/selection_seed_43/train_seed_42/aug_0/final.pt,a2ef39d997911894bd7f34e217e78fa054012dd8407b7e712d815ba921090fbf,0.6367814096562732,0.3864306784660767,brightness_down,pathmnist,0.8472528435974732,6035,graph_a2,9,7180,1791,7.290966185652853,0.02,0.0,1.0,0.43952802359882004,0.0,0.0,0.0,0.0,0.0,0.0,0.8366991643454039,5744,43,f3aa0e0dd514a3dc197d0332104bf88780a6b9c3e4ee87d1ceff957d1bfc6d3d,5,42,0.0
0.44303621169916435,0,0.4218856811230583,0.43985895232974764,0.8446556782637967,199,/mnt/prj01/hgrp-1502-5TB/xuxiaoyu/reliability_medmnistc_ab/formal_runs/cross_path_random_grapha2_sel42_43_train42_43_20260917/runs/pathmnist/graph_a2/ratio_0.02/selection_seed_43/train_seed_42/aug_0/final.pt,a2ef39d997911894bd7f34e217e78fa054012dd8407b7e712d815ba921090fbf,0.35687001550417224,0.3270482556632264,brightness_up,pathmnist,0.3386630101912864,1747,graph_a2,9,7180,1791,2.333789316598269,0.02,0.18086696562032886,1.0,0.06784660766961652,0.5536277602523659,0.3140096618357488,0.9070945945945946,0.5060728744939271,0.05938242280285035,0.36982968369829683,0.5050487465181058,5744,43,f3aa0e0dd514a3dc197d0332104bf88780a6b9c3e4ee87d1ceff957d1bfc6d3d,1,42,0.05938242280285035
0.2532033426183844,0,0.5576847855442626,0.27037951248118086,1.190801966062272,199,/mnt/prj01/hgrp-1502-5TB/xuxiaoyu/reliability_medmnistc_ab/formal_runs/cross_path_random_grapha2_sel42_43_train42_43_20260917/runs/pathmnist/graph_a2/ratio_0.02/selection_seed_43/train_seed_42/aug_0/final.pt,a2ef39d997911894bd7f34e217e78fa054012dd8407b7e712d815ba921090fbf,0.526349455352739,0.38168008464184866,brightness_up,pathmnist,0.5444232210662205,2661,graph_a2,9,7180,1791,3.720106728791974,0.02,0.07249626307922272,1.0,0.008849557522123894,0.15930599369085174,0.01932367149758454,0.9070945945945946,0.22672064777327935,0.004750593824228029,0.034874290348742905,0.7139623955431755,5744,43,f3aa0e0dd514a3dc197d0332104bf88780a6b9c3e4ee87d1ceff957d1bfc6d3d,2,42,0.004750593824228029
0.20821727019498606,0,0.5888805256130801,0.22632737510150733,1.3078520569184713,199,/mnt/prj01/hgrp-1502-5TB/xuxiaoyu/reliability_medmnistc_ab/formal_runs/cross_path_random_grapha2_sel42_43_train42_43_20260917/runs/pathmnist/graph_a2/ratio_0.02/selection_seed_43/train_seed_42/aug_0/final.pt,a2ef39d997911894bd7f34e217e78fa054012dd8407b7e712d815ba921090fbf,0.5704015927324125,0.3864306784660767,brightness_up,pathmnist,0.6129135353111954,3055,graph_a2,9,7180,1791,4.598943284559996,0.02,0.030642750373692077,1.0,0.0,0.028391167192429023,0.000966183574879227,0.9070945945945946,0.06747638326585695,0.0023752969121140144,0.0,0.7513927576601671,5744,43,f3aa0e0dd514a3dc197d0332104bf88780a6b9c3e4ee87d1ceff957d1bfc6d3d,3,42,0.0
0.20403899721448468,0,0.6019469516122677,0.22195554962976927,1.3387730639365518,199,/mnt/prj01/hgrp-1502-5TB/xuxiaoyu/reliability_medmnistc_ab/formal_runs/cross_path_random_grapha2_sel42_43_train42_43_20260917/runs/pathmnist/graph_a2/ratio_0.02/selection_seed_43/train_seed_42/aug_0/final.pt,a2ef39d997911894bd7f34e217e78fa054012dd8407b7e712d815ba921090fbf,0.5747734182041506,0.3864306784660767,brightness_up,pathmnist,0.6304063119803631,3267,graph_a2,9,7180,1791,4.919676460100402,0.02,0.025411061285500747,1.0,0.0,0.014195583596214511,0.000966183574879227,0.9070945945945946,0.04993252361673414,0.0,0.0,0.754700557103064,5744,43,f3aa0e0dd514a3dc197d0332104bf88780a6b9c3e4ee87d1ceff957d1bfc6d3d,4,42,0.0
0.1979108635097493,0,0.6266839028298938,0.21644388506260112,1.3731317116131632,199,/mnt/prj01/hgrp-1502-5TB/xuxiaoyu/reliability_medmnistc_ab/formal_runs/cross_path_random_grapha2_sel42_43_train42_43_20260917/runs/pathmnist/graph_a2/ratio_0.02/selection_seed_43/train_seed_42/aug_0/final.pt,a2ef39d997911894bd7f34e217e78fa054012dd8407b7e712d815ba921090fbf,0.5802850827713187,0.3864306784660767,brightness_up,pathmnist,0.650975565230448,3492,graph_a2,9,7180,1791,5.383694108153378,0.02,0.011210762331838564,1.0,0.0,0.0,0.0,0.9070945945945946,0.029689608636977057,0.0,0.0,0.7571378830083565,5744,43,f3aa0e0dd514a3dc197d0332104bf88780a6b9c3e4ee87d1ceff957d1bfc6d3d,5,42,0.0
0.8538997214484679,0,0.058083568167807,0.7894996347255228,0.2336023509143595,199,/mnt/prj01/hgrp-1502-5TB/xuxiaoyu/reliability_medmnistc_ab/formal_runs/cross_path_random_grapha2_sel42_43_train42_43_20260917/runs/pathmnist/graph_a2/ratio_0.02/selection_seed_43/train_seed_42/aug_0/final.pt,a2ef39d997911894bd7f34e217e78fa054012dd8407b7e712d815ba921090fbf,0.007229333108397129,0.017699115044247815,bubble,pathmnist,0.06079682895400066,510,graph_a2,9,7180,1791,0.5611152092772254,0.02,0.9155455904334828,1.0,0.3687315634218289,0.9763406940063092,0.9323671497584541,0.714527027027027,0.9095816464237517,0.41330166270783847,0.8751013787510138,0.07816852367688022,5744,43,f3aa0e0dd514a3dc197d0332104bf88780a6b9c3e4ee87d1ceff957d1bfc6d3d,1,42,0.3687315634218289
0.8504178272980502,0,0.061029970960325246,0.7874915687688381,0.23714820102686804,199,/mnt/prj01/hgrp-1502-5TB/xuxiaoyu/reliability_medmnistc_ab/formal_runs/cross_path_random_grapha2_sel42_43_train42_43_20260917/runs/pathmnist/graph_a2/ratio_0.02/selection_seed_43/train_seed_42/aug_0/final.pt,a2ef39d997911894bd7f34e217e78fa054012dd8407b7e712d815ba921090fbf,0.009237399065081808,0.011799410029498525,bubble,pathmnist,0.06284272815606717,517,graph_a2,9,7180,1791,0.5674010875839306,0.02,0.9118086696562033,1.0,0.3746312684365782,0.9763406940063092,0.9304347826086956,0.6993243243243243,0.9163292847503374,0.4180522565320665,0.8605028386050284,0.0786908077994429,5744,43,f3aa0e0dd514a3dc197d0332104bf88780a6b9c3e4ee87d1ceff957d1bfc6d3d,2,42,0.3746312684365782
0.8435933147632312,0,0.0634479109139288,0.7800829374952882,0.24342666626316695,199,/mnt/prj01/hgrp-1502-5TB/xuxiaoyu/reliability_medmnistc_ab/formal_runs/cross_path_random_grapha2_sel42_43_train42_43_20260917/runs/pathmnist/graph_a2/ratio_0.02/selection_seed_43/train_seed_42/aug_0/final.pt,a2ef39d997911894bd7f34e217e78fa054012dd8407b7e712d815ba921090fbf,0.016646030338631657,0.02359882005899705,bubble,pathmnist,0.06425689473789718,522,graph_a2,9,7180,1791,0.5736713847219026,0.02,0.9095665171898356,1.0,0.36283185840707965,0.9779179810725552,0.927536231884058,0.6993243243243243,0.9082321187584346,0.39429928741092635,0.8410381184103812,0.08356545961002786,5744,43,f3aa0e0dd514a3dc197d0332104bf88780a6b9c3e4ee87d1ceff957d1bfc6d3d,3,42,0.36283185840707965
0.8337047353760446,0,0.07102969438536758,0.7736462303346411,0.2587338850777855,199,/mnt/prj01/hgrp-1502-5TB/xuxiaoyu/reliability_medmnistc_ab/formal_runs/cross_path_random_grapha2_sel42_43_train42_43_20260917/runs/pathmnist/graph_a2/ratio_0.02/selection_seed_43/train_seed_42/aug_0/final.pt,a2ef39d997911894bd7f34e217e78fa054012dd8407b7e712d815ba921090fbf,0.023082737499278805,0.02949852507374634,bubble,pathmnist,0.06830773714068544,549,graph_a2,9,7180,1791,0.6055709972427794,0.02,0.9013452914798207,1.0,0.35693215339233036,0.9747634069400631,0.9246376811594202,0.6570945945945946,0.9136302294197031,0.4323040380047506,0.8021086780210868,0.09227019498607242,5744,43,f3aa0e0dd514a3dc197d0332104bf88780a6b9c3e4ee87d1ceff957d1bfc6d3d,4,42,0.35693215339233036
0.8215877437325906,0,0.07740261911177394,0.7620178819414609,0.2775909457436009,199,/mnt/prj01/hgrp-1502-5TB/xuxiaoyu/reliability_medmnistc_ab/formal_runs/cross_path_random_grapha2_sel42_43_train42_43_20260917/runs/pathmnist/graph_a2/ratio_0.02/selection_seed_43/train_seed_42/aug_0/final.pt,a2ef39d997911894bd7f34e217e78fa054012dd8407b7e712d815ba921090fbf,0.03471108589245897,0.03244837758112096,bubble,pathmnist,0.076973217626136,604,graph_a2,9,7180,1791,0.6434606037525266,0.02,0.9043348281016442,1.0,0.35398230088495575,0.973186119873817,0.9352657004830918,0.6368243243243243,0.8974358974358975,0.4085510688836104,0.748580697485807,0.10515320334261838,5744,43,f3aa0e0dd514a3dc197d0332104bf88780a6b9c3e4ee87d1ceff957d1bfc6d3d,5,42,0.35398230088495575
0.7321727019498607,0,0.12655772036816285,0.65046191485487,0.44025735729859483,199,/mnt/prj01/hgrp-1502-5TB/xuxiaoyu/reliability_medmnistc_ab/formal_runs/cross_path_random_grapha2_sel42_43_train42_43_20260917/runs/pathmnist/graph_a2/ratio_0.02/selection_seed_43/train_seed_42/aug_0/final.pt,a2ef39d997911894bd7f34e217e78fa054012dd8407b7e712d815ba921090fbf,0.14626705297904985,0.2177845977059817,contrast_down,pathmnist,0.16555376115117568,1145,graph_a2,9,7180,1791,1.2002886827650998,0.02,0.9581464872944694,1.0,0.504424778761062,0.8769716088328076,0.5594202898550724,0.21283783783783783,0.6410256410256411,0.16864608076009502,0.9326845093268451,0.1977715877437326,5744,43,f3aa0e0dd514a3dc197d0332104bf88780a6b9c3e4ee87d1ceff957d1bfc6d3d,1,42,0.16864608076009502
0.5161559888579387,0,0.31085576638690465,0.4235022876188774,0.8276922156019031,199,/mnt/prj01/hgrp-1502-5TB/xuxiaoyu/reliability_medmnistc_ab/formal_runs/cross_path_random_grapha2_sel42_43_train42_43_20260917/runs/pathmnist/graph_a2/ratio_0.02/selection_seed_43/train_seed_42/aug_0/final.pt,a2ef39d997911894bd7f34e217e78fa054012dd8407b7e712d815ba921090fbf,0.37322668021504246,0.3864306784660767,contrast_down,pathmnist,0.37220859855911526,2343,graph_a2,9,7180,1791,2.547984821055288,0.02,0.9671150971599403,1.0,0.49557522123893805,0.2807570977917981,0.18067632850241547,0.0,0.1106612685560054,0.009501187648456057,0.7672343876723439,0.42635793871866295,5744,43,f3aa0e0dd514a3dc197d0332104bf88780a6b9c3e4ee87d1ceff957d1bfc6d3d,2,42,0.0
0.35153203342618383,0,0.43009907130770925,0.2920310711770406,1.1428449026722094,199,/mnt/prj01/hgrp-1502-5TB/xuxiaoyu/reliability_medmnistc_ab/formal_runs/cross_path_random_grapha2_sel42_43_train42_43_20260917/runs/pathmnist/graph_a2/ratio_0.02/selection_seed_43/train_seed_42/aug_0/final.pt,a2ef39d997911894bd7f34e217e78fa054012dd8407b7e712d815ba921090fbf,0.5046978966568794,0.3864306784660767,contrast_down,pathmnist,0.5475587681267919,3420,graph_a2,9,7180,1791,3.800782996363891,0.02,0.976083707025411,1.0,0.4749262536873156,0.00473186119873817,0.028985507246376812,0.0,0.0,0.0,0.1435523114355231,0.5907033426183844,5744,43,f3aa0e0dd514a3dc197d0332104bf88780a6b9c3e4ee87d1ceff957d1bfc6d3d,3,42,0.0
0.3316155988857939,0,0.48121954526685484,0.27612162475822694,1.229443318206989,199,/mnt/prj01/hgrp-1502-5TB/xuxiaoyu/reliability_medmnistc_ab/formal_runs/cross_path_random_grapha2_sel42_43_train42_43_20260917/runs/pathmnist/graph_a2/ratio_0.02/selection_seed_43/train_seed_42/aug_0/final.pt,a2ef39d997911894bd7f34e217e78fa054012dd8407b7e712d815ba921090fbf,0.520607343075693,0.3864306784660767,contrast_down,pathmnist,0.5914501184063203,3855,graph_a2,9,7180,1791,4.483785383345351,0.02,0.9828101644245142,1.0,0.44542772861356933,0.0,0.010628019323671498,0.0,0.0,0.0,0.046228710462287104,0.6150766016713092,5744,43,f3aa0e0dd514a3dc197d0332104bf88780a6b9c3e4ee87d1ceff957d1bfc6d3d,4,42,0.0
0.3136490250696379,0,0.5450007640156265,0.24745065517029138,1.3068125225306608,199,/mnt/prj01/hgrp-1502-5TB/xuxiaoyu/reliability_medmnistc_ab/formal_runs/cross_path_random_grapha2_sel42_43_train42_43_20260917/runs/pathmnist/graph_a2/ratio_0.02/selection_seed_43/train_seed_42/aug_0/final.pt,a2ef39d997911894bd7f34e217e78fa054012dd8407b7e712d815ba921090fbf,0.5492783126636285,0.3864306784660767,contrast_down,pathmnist,0.6366508343570909,4378,graph_a2,9,7180,1791,5.177234003426762,0.02,0.9865470852017937,1.0,0.2359882005899705,0.0,0.002898550724637681,0.0,0.0,0.0,0.0016220600162206002,0.6610376044568245,5744,43,f3aa0e0dd514a3dc197d0332104bf88780a6b9c3e4ee87d1ceff957d1bfc6d3d,5,42,0.0
0.7824512534818941,0,0.15583680658702498,0.7336089328047268,0.3396012535960078,199,/mnt/prj01/hgrp-1502-5TB/xuxiaoyu/reliability_medmnistc_ab/formal_runs/cross_path_random_grapha2_sel42_43_train42_43_20260917/runs/pathmnist/graph_a2/ratio_0.02/selection_seed_43/train_seed_42/aug_0/final.pt,a2ef39d997911894bd7f34e217e78fa054012dd8407b7e712d815ba921090fbf,0.06312003502919306,0.09734513274336282,contrast_up,pathmnist,0.1060805068665228,737,graph_a2,9,7180,1791,0.9039279537730827,0.02,0.8841554559043349,1.0,0.2890855457227139,0.9321766561514195,0.7632850241545893,0.8952702702702703,0.9041835357624831,0.2992874109263658,0.635036496350365,0.13962395543175488,5744,43,f3aa0e0dd514a3dc197d0332104bf88780a6b9c3e4ee87d1ceff957d1bfc6d3d,1,42,0.2890855457227139
0.6006963788300835,0,0.302991248011824,0.5586319375094806,0.6344732505587117,199,/mnt/prj01/hgrp-1502-5TB/xuxiaoyu/reliability_medmnistc_ab/formal_runs/cross_path_random_grapha2_sel42_43_train42_43_20260917/runs/pathmnist/graph_a2/ratio_0.02/selection_seed_43/train_seed_42/aug_0/final.pt,a2ef39d997911894bd7f34e217e78fa054012dd8407b7e712d815ba921090fbf,0.2380970303244393,0.3569321533923304,contrast_up,pathmnist,0.24706469417074928,1518,graph_a2,9,7180,1791,1.7948684454678605,0.02,0.8139013452914798,1.0,0.029498525073746312,0.6766561514195584,0.45410628019323673,0.9070945945945946,0.8475033738191633,0.08076009501187649,0.21816707218167072,0.3342618384401114,5744,43,f3aa0e0dd514a3dc197d0332104bf88780a6b9c3e4ee87d1ceff957d1bfc6d3d,2,42,0.029498525073746312
0.4600278551532033,0,0.4607774213453825,0.43148603609473285,0.8996977356555634,199,/mnt/prj01/hgrp-1502-5TB/xuxiaoyu/reliability_medmnistc_ab/formal_runs/cross_path_random_grapha2_sel42_43_train42_43_20260917/runs/pathmnist/graph_a2/ratio_0.02/selection_seed_43/train_seed_42/aug_0/final.pt,a2ef39d997911894bd7f34e217e78fa054012dd8407b7e712d815ba921090fbf,0.36524293173918704,0.3775811209439528,contrast_up,pathmnist,0.3818440536478104,2276,graph_a2,9,7180,1791,2.9611365783248194,0.02,0.7092675635276532,1.0,0.008849557522123894,0.3217665615141956,0.2251207729468599,0.9070945945945946,0.689608636977058,0.009501187648456057,0.012165450121654502,0.49669220055710306,5744,43,f3aa0e0dd514a3dc197d0332104bf88780a6b9c3e4ee87d1ceff957d1bfc6d3d,3,42,0.008849557522123894
0.36866295264623955,0,0.573608251566331,0.3463606030885675,1.0752137127135493,199,/mnt/prj01/hgrp-1502-5TB/xuxiaoyu/reliability_medmnistc_ab/formal_runs/cross_path_random_grapha2_sel42_43_train42_43_20260917/runs/pathmnist/graph_a2/ratio_0.02/selection_seed_43/train_seed_42/aug_0/final.pt,a2ef39d997911894bd7f34e217e78fa054012dd8407b7e712d815ba921090fbf,0.4503683647453524,0.3864306784660767,contrast_up,pathmnist,0.4793780858096638,2923,graph_a2,9,7180,1791,3.8727061327302144,0.02,0.5919282511210763,1.0,0.0,0.1056782334384858,0.08405797101449275,0.9054054054054054,0.42780026990553305,0.0023752969121140144,0.0,0.6027158774373259,5744,43,f3aa0e0dd514a3dc197d0332104bf88780a6b9c3e4ee87d1ceff957d1bfc6d3d,4,42,0.0
0.1767409470752089,0,0.7722465847718775,0.1748362180089982,1.4044481198091485,199,/mnt/prj01/hgrp-1502-5TB/xuxiaoyu/reliability_medmnistc_ab/formal_runs/cross_path_random_grapha2_sel42_43_train42_43_20260917/runs/pathmnist/graph_a2/ratio_0.02/selection_seed_43/train_seed_42/aug_0/final.pt,a2ef39d997911894bd7f34e217e78fa054012dd8407b7e712d815ba921090fbf,0.6218927498249217,0.3864306784660767,contrast_up,pathmnist,0.6564401066070813,3940,graph_a2,9,7180,1791,5.224556372209662,0.02,0.3624813153961136,0.1334120425029516,0.0,0.00946372239747634,0.025120772946859903,0.8986486486486487,0.14439946018893388,0.0,0.0,0.8264275766016713,5744,43,f3aa0e0dd514a3dc197d0332104bf88780a6b9c3e4ee87d1ceff957d1bfc6d3d,5,42,0.0
0.675208913649025,0,0.18253209654052316,0.632639177421489,0.5434040852393116,199,/mnt/prj01/hgrp-1502-5TB/xuxiaoyu/reliability_medmnistc_ab/formal_runs/cross_path_random_grapha2_sel42_43_train42_43_20260917/runs/pathmnist/graph_a2/ratio_0.02/selection_seed_43/train_seed_42/aug_0/final.pt,a2ef39d997911894bd7f34e217e78fa054012dd8407b7e712d815ba921090fbf,0.16408979041243088,0.23947121900661725,defocus_blur,pathmnist,0.2147223208317518,1496,graph_a2,9,7180,1791,1.4075064460473523,0.02,0.9633781763826607,1.0,0.30973451327433627,0.8990536277602523,0.45893719806763283,0.14695945945945946,0.9365721997300944,0.5249406175771971,0.45417680454176806,0.2736768802228412,5744,43,f3aa0e0dd514a3dc197d0332104bf88780a6b9c3e4ee87d1ceff957d1bfc6d3d,1,42,0.14695945945945946
0.604874651810585,0,0.259298643443055,0.5688270969413329,0.6738587681627854,199,/mnt/prj01/hgrp-1502-5TB/xuxiaoyu/reliability_medmnistc_ab/formal_runs/cross_path_random_grapha2_sel42_43_train42_43_20260917/runs/pathmnist/graph_a2/ratio_0.02/selection_seed_43/train_seed_42/aug_0/final.pt,a2ef39d997911894bd7f34e217e78fa054012dd8407b7e712d815ba921090fbf,0.22790187089258696,0.24053695865931343,defocus_blur,pathmnist,0.28286909439022495,1931,graph_a2,9,7180,1791,1.881966177611264,0.02,0.9626307922272048,1.0,0.30973451327433627,0.6703470031545742,0.14589371980676327,0.16385135135135134,0.9608636977058029,0.4916864608076009,0.4144363341443633,0.3530640668523677,5744,43,f3aa0e0dd514a3dc197d0332104bf88780a6b9c3e4ee87d1ceff957d1bfc6d3d,2,42,0.14589371980676327
0.5356545961002785,0,0.3382342286144885,0.48539403755450444,0.7843664779027962,199,/mnt/prj01/hgrp-1502-5TB/xuxiaoyu/reliability_medmnistc_ab/formal_runs/cross_path_random_grapha2_sel42_43_train42_43_20260917/runs/pathmnist/graph_a2/ratio_0.02/selection_seed_43/train_seed_42/aug_0/final.pt,a2ef39d997911894bd7f34e217e78fa054012dd8407b7e712d815ba921090fbf,0.31133493027941544,0.3651746398187337,defocus_blur,pathmnist,0.32555536892586767,2123,graph_a2,9,7180,1791,2.3748577300582614,0.02,0.9573991031390134,1.0,0.31563421828908556,0.14353312302839116,0.021256038647342997,0.19932432432432431,0.9500674763832658,0.35391923990498814,0.42741281427412814,0.4254874651810585,5744,43,f3aa0e0dd514a3dc197d0332104bf88780a6b9c3e4ee87d1ceff957d1bfc6d3d,3,42,0.021256038647342997
0.5018105849582173,0,0.3725832870038049,0.4465776768173989,0.8441581578686881,199,/mnt/prj01/hgrp-1502-5TB/xuxiaoyu/reliability_medmnistc_ab/formal_runs/cross_path_random_grapha2_sel42_43_train42_43_20260917/runs/pathmnist/graph_a2/ratio_0.02/selection_seed_43/train_seed_42/aug_0/final.pt,a2ef39d997911894bd7f34e217e78fa054012dd8407b7e712d815ba921090fbf,0.350151291016521,0.3832761043335846,defocus_blur,pathmnist,0.342165688825849,2225,graph_a2,9,7180,1791,2.769534354828222,0.02,0.9544095665171899,1.0,0.3392330383480826,0.0031545741324921135,0.004830917874396135,0.20101351351351351,0.8609986504723347,0.25653206650831356,0.39902676399026765,0.46274373259052926,5744,43,f3aa0e0dd514a3dc197d0332104bf88780a6b9c3e4ee87d1ceff957d1bfc6d3d,4,42,0.0031545741324921135
0.46754874651810585,0,0.40642703680107606,0.41192470315037294,0.902680482464885,199,/mnt/prj01/hgrp-1502-5TB/xuxiaoyu/reliability_medmnistc_ab/formal_runs/cross_path_random_grapha2_sel42_43_train42_43_20260917/runs/pathmnist/graph_a2/ratio_0.02/selection_seed_43/train_seed_42/aug_0/final.pt,a2ef39d997911894bd7f34e217e78fa054012dd8407b7e712d815ba921090fbf,0.38480426468354695,0.3864306784660767,defocus_blur,pathmnist,0.36224184261225056,2342,graph_a2,9,7180,1791,3.0634022891355084,0.02,0.9559043348281017,1.0,0.41002949852507375,0.0,0.000966183574879227,0.16891891891891891,0.631578947368421,0.17577197149643706,0.36415247364152475,0.504874651810585,5744,43,f3aa0e0dd514a3dc197d0332104bf88780a6b9c3e4ee87d1ceff957d1bfc6d3d,5,42,0.0
0.8410863509749303,0,0.06364409520947224,0.7742449359576442,0.2496284435173806,199,/mnt/prj01/hgrp-1502-5TB/xuxiaoyu/reliability_medmnistc_ab/formal_runs/cross_path_random_grapha2_sel42_43_train42_43_20260917/runs/pathmnist/graph_a2/ratio_0.02/selection_seed_43/train_seed_42/aug_0/final.pt,a2ef39d997911894bd7f34e217e78fa054012dd8407b7e712d815ba921090fbf,0.02248403187627568,0.03244837758112096,jpeg_compression,pathmnist,0.06631857071663347,560,graph_a2,9,7180,1791,0.5935100704600674,0.02,0.8931240657698056,1.0,0.35398230088495575,0.8958990536277602,0.9053140096618357,0.7195945945945946,0.9041835357624831,0.39667458432304037,0.8994322789943228,0.09035515320334261,5744,43,f3aa0e0dd514a3dc197d0332104bf88780a6b9c3e4ee87d1ceff957d1bfc6d3d,1,42,0.35398230088495575
0.8426183844011143,0,0.06488537897707582,0.7723418637684956,0.24756930570835484,199,/mnt/prj01/hgrp-1502-5TB/xuxiaoyu/reliability_medmnistc_ab/formal_runs/cross_path_random_grapha2_sel42_43_train42_43_20260917/runs/pathmnist/graph_a2/ratio_0.02/selection_seed_43/train_seed_42/aug_0/final.pt,a2ef39d997911894bd7f34e217e78fa054012dd8407b7e712d815ba921090fbf,0.024387104065424325,0.041297935103244865,jpeg_compression,pathmnist,0.0684798913330753,553,graph_a2,9,7180,1791,0.5905076152844481,0.02,0.9387144992526159,1.0,0.34513274336283184,0.8564668769716088,0.8917874396135266,0.7094594594594594,0.8960863697705803,0.4180522565320665,0.8953771289537713,0.08791782729805014,5744,43,f3aa0e0dd514a3dc197d0332104bf88780a6b9c3e4ee87d1ceff957d1bfc6d3d,2,42,0.34513274336283184
0.7827298050139275,0,0.0861021108382143,0.7189168160074786,0.33546711478020713,199,/mnt/prj01/hgrp-1502-5TB/xuxiaoyu/reliability_medmnistc_ab/formal_runs/cross_path_random_grapha2_sel42_43_train42_43_20260917/runs/pathmnist/graph_a2/ratio_0.02/selection_seed_43/train_seed_42/aug_0/final.pt,a2ef39d997911894bd7f34e217e78fa054012dd8407b7e712d815ba921090fbf,0.0778121518264413,0.058997050147492625,jpeg_compression,pathmnist,0.10614519908733686,775,graph_a2,9,7180,1791,0.7573114799847939,0.02,0.7346786248131539,1.0,0.3274336283185841,0.7271293375394322,0.8840579710144928,0.6114864864864865,0.8771929824561403,0.39667458432304037,0.9115977291159773,0.1472841225626741,5744,43,f3aa0e0dd514a3dc197d0332104bf88780a6b9c3e4ee87d1ceff957d1bfc6d3d,3,42,0.3274336283185841
0.749025069637883,0,0.11889551214519666,0.678806516423075,0.39112951388716843,199,/mnt/prj01/hgrp-1502-5TB/xuxiaoyu/reliability_medmnistc_ab/formal_runs/cross_path_random_grapha2_sel42_43_train42_43_20260917/runs/pathmnist/graph_a2/ratio_0.02/selection_seed_43/train_seed_42/aug_0/final.pt,a2ef39d997911894bd7f34e217e78fa054012dd8407b7e712d815ba921090fbf,0.1179224514108449,0.15634218289085547,jpeg_compression,pathmnist,0.12048983202007155,862,graph_a2,9,7180,1791,0.9005627934059275,0.02,0.7339312406576981,1.0,0.23008849557522124,0.7397476340694006,0.8009661835748793,0.5743243243243243,0.844804318488529,0.31353919239904987,0.8718572587185726,0.18610724233983286,5744,43,f3aa0e0dd514a3dc197d0332104bf88780a6b9c3e4ee87d1ceff957d1bfc6d3d,4,42,0.23008849557522124
0.7245125348189415,0,0.13567804411009018,0.6523133014697322,0.43188027353988734,199,/mnt/prj01/hgrp-1502-5TB/xuxiaoyu/reliability_medmnistc_ab/formal_runs/cross_path_random_grapha2_sel42_43_train42_43_20260917/runs/pathmnist/graph_a2/ratio_0.02/selection_seed_43/train_seed_42/aug_0/final.pt,a2ef39d997911894bd7f34e217e78fa054012dd8407b7e712d815ba921090fbf,0.14441566636418768,0.08237662441202265,jpeg_compression,pathmnist,0.14647284986497963,1025,graph_a2,9,7180,1791,1.0479022111904832,0.02,0.6816143497757847,1.0,0.31268436578171094,0.6545741324921136,0.8541062801932368,0.30405405405405406,0.7840755735492577,0.37054631828978624,0.9091646390916464,0.20595403899721448,5744,43,f3aa0e0dd514a3dc197d0332104bf88780a6b9c3e4ee87d1ceff957d1bfc6d3d,5,42,0.30405405405405406
0.7019498607242339,0,0.160144830086929,0.6505406042602335,0.4920565639457487,199,/mnt/prj01/hgrp-1502-5TB/xuxiaoyu/reliability_medmnistc_ab/formal_runs/cross_path_random_grapha2_sel42_43_train42_43_20260917/runs/pathmnist/graph_a2/ratio_0.02/selection_seed_43/train_seed_42/aug_0/final.pt,a2ef39d997911894bd7f34e217e78fa054012dd8407b7e712d815ba921090fbf,0.14618836357368636,0.17021446224986048,motion_blur,pathmnist,0.19391626729772612,1354,graph_a2,9,7180,1791,1.2246841230385492,0.02,0.953662182361734,1.0,0.34513274336283184,0.7460567823343849,0.548792270531401,0.21621621621621623,0.951417004048583,0.5201900237529691,0.5733982157339822,0.24077298050139276,5744,43,f3aa0e0dd514a3dc197d0332104bf88780a6b9c3e4ee87d1ceff957d1bfc6d3d,1,42,0.21621621621621623
0.6928969359331476,0,0.1741683045301429,0.6429601322825911,0.512053104632248,199,/mnt/prj01/hgrp-1502-5TB/xuxiaoyu/reliability_medmnistc_ab/formal_runs/cross_path_random_grapha2_sel42_43_train42_43_20260917/runs/pathmnist/graph_a2/ratio_0.02/selection_seed_43/train_seed_42/aug_0/final.pt,a2ef39d997911894bd7f34e217e78fa054012dd8407b7e712d815ba921090fbf,0.1537688355513288,0.17359284062823888,motion_blur,pathmnist,0.20170741634739142,1413,graph_a2,9,7180,1791,1.2912235328827046,0.02,0.9469357249626308,1.0,0.35103244837758113,0.6971608832807571,0.48985507246376814,0.21283783783783783,0.9527665317139001,0.5415676959619953,0.5944849959448499,0.25348189415041783,5744,43,f3aa0e0dd514a3dc197d0332104bf88780a6b9c3e4ee87d1ceff957d1bfc6d3d,2,42,0.21283783783783783
0.6923398328690807,0,0.17020706845993386,0.6407014722104203,0.5093969689932508,199,/mnt/prj01/hgrp-1502-5TB/xuxiaoyu/reliability_medmnistc_ab/formal_runs/cross_path_random_grapha2_sel42_43_train42_43_20260917/runs/pathmnist/graph_a2/ratio_0.02/selection_seed_43/train_seed_42/aug_0/final.pt,a2ef39d997911894bd7f34e217e78fa054012dd8407b7e712d815ba921090fbf,0.1560274956234996,0.17697121900661725,motion_blur,pathmnist,0.20033377372454797,1416,graph_a2,9,7180,1791,1.276292870888891,0.02,0.9476831091180867,1.0,0.35693215339233036,0.7129337539432177,0.4927536231884058,0.20945945945945946,0.9500674763832658,0.501187648456057,0.5952960259529603,0.25487465181058494,5744,43,f3aa0e0dd514a3dc197d0332104bf88780a6b9c3e4ee87d1ceff957d1bfc6d3d,3,42,0.20945945945945946
0.5955431754874652,0,0.27930344157323833,0.5349630016519255,0.6790475123112901,199,/mnt/prj01/hgrp-1502-5TB/xuxiaoyu/reliability_medmnistc_ab/formal_runs/cross_path_random_grapha2_sel42_43_train42_43_20260917/runs/pathmnist/graph_a2/ratio_0.02/selection_seed_43/train_seed_42/aug_0/final.pt,a2ef39d997911894bd7f34e217e78fa054012dd8407b7e712d815ba921090fbf,0.26176596618199444,0.20568743522283345,motion_blur,pathmnist,0.2697260710605339,1847,graph_a2,9,7180,1791,1.8981025284957758,0.02,0.9484304932735426,1.0,0.3480825958702065,0.20189274447949526,0.21642512077294687,0.18074324324324326,0.9176788124156545,0.4085510688836104,0.5928629359286294,0.36385793871866295,5744,43,f3aa0e0dd514a3dc197d0332104bf88780a6b9c3e4ee87d1ceff957d1bfc6d3d,4,42,0.18074324324324326
0.5172701949860724,0,0.3598639613039112,0.4540045092067082,0.8088683770872458,199,/mnt/prj01/hgrp-1502-5TB/xuxiaoyu/reliability_medmnistc_ab/formal_runs/cross_path_random_grapha2_sel42_43_train42_43_20260917/runs/pathmnist/graph_a2/ratio_0.02/selection_seed_43/train_seed_42/aug_0/final.pt,a2ef39d997911894bd7f34e217e78fa054012dd8407b7e712d815ba921090fbf,0.3427244586272117,0.38012153020109246,motion_blur,pathmnist,0.3202602430057393,2097,graph_a2,9,7180,1791,2.5122235456257056,0.02,0.9469357249626308,1.0,0.36578171091445427,0.006309148264984227,0.09178743961352658,0.15371621621621623,0.7719298245614035,0.2589073634204275,0.4906731549067315,0.45020891364902504,5744,43,f3aa0e0dd514a3dc197d0332104bf88780a6b9c3e4ee87d1ceff957d1bfc6d3d,5,42,0.006309148264984227
0.8525069637883008,0,0.05344248923629392,0.7922549093979164,0.23014402230820402,199,/mnt/prj01/hgrp-1502-5TB/xuxiaoyu/reliability_medmnistc_ab/formal_runs/cross_path_random_grapha2_sel42_43_train42_43_20260917/runs/pathmnist/graph_a2/ratio_0.02/selection_seed_43/train_seed_42/aug_0/final.pt,a2ef39d997911894bd7f34e217e78fa054012dd8407b7e712d815ba921090fbf,0.0044740584360034585,-0.014749262536873142,pixelate,pathmnist,0.061346839057037736,509,graph_a2,9,7180,1791,0.560361800121785,0.02,0.922272047832586,1.0,0.40117994100294985,0.9889589905362776,0.9053140096618357,0.7111486486486487,0.9109311740890689,0.42755344418052255,0.8629359286293593,0.07625348189415042,5744,43,f3aa0e0dd514a3dc197d0332104bf88780a6b9c3e4ee87d1ceff957d1bfc6d3d,1,42,0.40117994100294985
0.8469359331476323,0,0.05849584568632668,0.790464859276994,0.242099002214503,199,/mnt/prj01/hgrp-1502-5TB/xuxiaoyu/reliability_medmnistc_ab/formal_runs/cross_path_random_grapha2_sel42_43_train42_43_20260917/runs/pathmnist/graph_a2/ratio_0.02/selection_seed_43/train_seed_42/aug_0/final.pt,a2ef39d997911894bd7f34e217e78fa054012dd8407b7e712d815ba921090fbf,0.00626410855692594,-0.035398230088495575,pixelate,pathmnist,0.06549178410663914,540,graph_a2,9,7180,1791,0.5851089156428303,0.02,0.929745889387145,1.0,0.4218289085545723,0.9873817034700315,0.9004830917874396,0.6486486486486487,0.9149797570850202,0.47980997624703087,0.8313057583130575,0.08408774373259052,5744,43,f3aa0e0dd514a3dc197d0332104bf88780a6b9c3e4ee87d1ceff957d1bfc6d3d,2,42,0.4218289085545723
0.8305013927576602,0,0.0654881164979553,0.7722501381151817,0.2705466195114643,199,/mnt/prj01/hgrp-1502-5TB/xuxiaoyu/reliability_medmnistc_ab/formal_runs/cross_path_random_grapha2_sel42_43_train42_43_20260917/runs/pathmnist/graph_a2/ratio_0.02/selection_seed_43/train_seed_42/aug_0/final.pt,a2ef39d997911894bd7f34e217e78fa054012dd8407b7e712d815ba921090fbf,0.02447882971873816,-0.04129793510324481,pixelate,pathmnist,0.08096261666387233,631,graph_a2,9,7180,1791,0.6457143812407266,0.02,0.9379671150971599,1.0,0.4277286135693215,0.9889589905362776,0.881159420289855,0.5236486486486487,0.9311740890688259,0.46318289786223277,0.7964314679643146,0.09958217270194986,5744,43,f3aa0e0dd514a3dc197d0332104bf88780a6b9c3e4ee87d1ceff957d1bfc6d3d,3,42,0.4277286135693215
0.8110027855153203,0,0.07517141652595442,0.7478874422402124,0.3046854907947923,199,/mnt/prj01/hgrp-1502-5TB/xuxiaoyu/reliability_medmnistc_ab/formal_runs/cross_path_random_grapha2_sel42_43_train42_43_20260917/runs/pathmnist/graph_a2/ratio_0.02/selection_seed_43/train_seed_42/aug_0/final.pt,a2ef39d997911894bd7f34e217e78fa054012dd8407b7e712d815ba921090fbf,0.04884152559370747,-0.0037720242366259815,pixelate,pathmnist,0.09657011020067341,723,graph_a2,9,7180,1791,0.7204175266043193,0.02,0.945440956651719,1.0,0.3952802359882006,0.9652996845425867,0.8077294685990338,0.3902027027027027,0.9433198380566802,0.47268408551068886,0.8110300081103001,0.12134401114206128,5744,43,f3aa0e0dd514a3dc197d0332104bf88780a6b9c3e4ee87d1ceff957d1bfc6d3d,4,42,0.3902027027027027
0.7891364902506964,0,0.09471040611677503,0.7225408648837781,0.3384791476658774,199,/mnt/prj01/hgrp-1502-5TB/xuxiaoyu/reliability_medmnistc_ab/formal_runs/cross_path_random_grapha2_sel42_43_train42_43_20260917/runs/pathmnist/graph_a2/ratio_0.02/selection_seed_43/train_seed_42/aug_0/final.pt,a2ef39d997911894bd7f34e217e78fa054012dd8407b7e712d815ba921090fbf,0.07418810295014178,0.048592840628238876,pixelate,pathmnist,0.10952629797098368,824,graph_a2,9,7180,1791,0.8040445046698906,0.02,0.9334828101644245,1.0,0.3775811209439528,0.8738170347003155,0.7323671497584541,0.33783783783783783,0.902834008097166,0.48931116389548696,0.8556366585563666,0.14449860724233984,5744,43,f3aa0e0dd514a3dc197d0332104bf88780a6b9c3e4ee87d1ceff957d1bfc6d3d,5,42,0.33783783783783783
0.751949860724234,0,0.13905205839211024,0.7283215790280184,0.3943920377240436,199,/mnt/prj01/hgrp-1502-5TB/xuxiaoyu/reliability_medmnistc_ab/formal_runs/cross_path_random_grapha2_sel42_43_train42_43_20260917/runs/pathmnist/graph_a2/ratio_0.02/selection_seed_43/train_seed_42/aug_0/final.pt,a2ef39d997911894bd7f34e217e78fa054012dd8407b7e712d815ba921090fbf,0.06840738880590147,0.008849557522123908,saturate,pathmnist,0.12476064077368358,969,graph_a2,9,7180,1791,0.9488145931224967,0.02,0.7653213751868461,1.0,0.3775811209439528,0.9384858044164038,0.6048309178743961,0.8783783783783784,0.8906882591093117,0.43942992874109266,0.6601784266017843,0.18628133704735375,5744,43,f3aa0e0dd514a3dc197d0332104bf88780a6b9c3e4ee87d1ceff957d1bfc6d3d,1,42,0.3775811209439528
0.4204735376044568,0,0.44369117497426613,0.4633061903665885,0.9484087739298237,199,/mnt/prj01/hgrp-1502-5TB/xuxiaoyu/reliability_medmnistc_ab/formal_runs/cross_path_random_grapha2_sel42_43_train42_43_20260917/runs/pathmnist/graph_a2/ratio_0.02/selection_seed_43/train_seed_42/aug_0/final.pt,a2ef39d997911894bd7f34e217e78fa054012dd8407b7e712d815ba921090fbf,0.3334227774673314,0.30623744175110085,saturate,pathmnist,0.4183900900579429,2565,graph_a2,9,7180,1791,2.5840375505180493,0.02,0.17638266068759342,1.0,0.30383480825958703,0.5977917981072555,0.08019323671497584,0.893581081081081,0.8002699055330634,0.17577197149643706,0.14193025141930252,0.552924791086351,5744,43,f3aa0e0dd514a3dc197d0332104bf88780a6b9c3e4ee87d1ceff957d1bfc6d3d,2,42,0.08019323671497584
0.31838440111420613,0,0.5296948143528775,0.34270866921059995,1.1148536338681465,199,/mnt/prj01/hgrp-1502-5TB/xuxiaoyu/reliability_medmnistc_ab/formal_runs/cross_path_random_grapha2_sel42_43_train42_43_20260917/runs/pathmnist/graph_a2/ratio_0.02/selection_seed_43/train_seed_42/aug_0/final.pt,a2ef39d997911894bd7f34e217e78fa054012dd8407b7e712d815ba921090fbf,0.45402029862331994,0.3831865584336355,saturate,pathmnist,0.4992163978745346,2741,graph_a2,9,7180,1791,3.39544739641687,0.02,0.15695067264573992,1.0,0.09734513274336283,0.27129337539432175,0.02318840579710145,0.8952702702702703,0.6180836707152496,0.019002375296912115,0.0032441200324412004,0.6559888579387186,5744,43,f3aa0e0dd514a3dc197d0332104bf88780a6b9c3e4ee87d1ceff957d1bfc6d3d,3,42,0.0032441200324412004
0.2488857938718663,0,0.6124788522521482,0.26195046585597653,1.2289510019996073,199,/mnt/prj01/hgrp-1502-5TB/xuxiaoyu/reliability_medmnistc_ab/formal_runs/cross_path_random_grapha2_sel42_43_train42_43_20260917/runs/pathmnist/graph_a2/ratio_0.02/selection_seed_43/train_seed_42/aug_0/final.pt,a2ef39d997911894bd7f34e217e78fa054012dd8407b7e712d815ba921090fbf,0.5347785019779434,0.3864306784660767,saturate,pathmnist,0.5514072933963249,2950,graph_a2,9,7180,1791,3.9578109420139373,0.02,0.16591928251121077,0.9917355371900827,0.0943952802359882,0.0015772870662460567,0.025120772946859903,0.8952702702702703,0.18353576248313092,0.0,0.0,0.7306754874651811,5744,43,f3aa0e0dd514a3dc197d0332104bf88780a6b9c3e4ee87d1ceff957d1bfc6d3d,4,42,0.0
0.15362116991643454,0,0.6863473409500441,0.1795110404436985,1.4146154353494629,199,/mnt/prj01/hgrp-1502-5TB/xuxiaoyu/reliability_medmnistc_ab/formal_runs/cross_path_random_grapha2_sel42_43_train42_43_20260917/runs/pathmnist/graph_a2/ratio_0.02/selection_seed_43/train_seed_42/aug_0/final.pt,a2ef39d997911894bd7f34e217e78fa054012dd8407b7e712d815ba921090fbf,0.6172179273902214,0.3864306784660767,saturate,pathmnist,0.6696827972790325,3590,graph_a2,9,7180,1791,4.786832941872924,0.02,0.009715994020926755,0.602125147579693,0.09144542772861357,0.0,0.017391304347826087,0.8868243243243243,0.008097165991902834,0.0,0.0,0.8163300835654597,5744,43,f3aa0e0dd514a3dc197d0332104bf88780a6b9c3e4ee87d1ceff957d1bfc6d3d,5,42,0.0
0.8526462395543175,0,0.0525720143482308,0.789849976409159,0.23286052133696292,199,/mnt/prj01/hgrp-1502-5TB/xuxiaoyu/reliability_medmnistc_ab/formal_runs/cross_path_random_grapha2_sel42_43_train42_43_20260917/runs/pathmnist/graph_a2/ratio_0.02/selection_seed_43/train_seed_42/aug_0/final.pt,a2ef39d997911894bd7f34e217e78fa054012dd8407b7e712d815ba921090fbf,0.006878991424760894,0.03488673547320259,stain_deposit,pathmnist,0.057983973107630184,483,graph_a2,9,7180,1791,0.5628503598512957,0.02,0.9103139013452914,1.0,0.3746312684365782,0.9574132492113565,0.9333333333333333,0.8108108108108109,0.9230769230769231,0.3515439429928741,0.8475263584752636,0.0745125348189415,5744,43,f3aa0e0dd514a3dc197d0332104bf88780a6b9c3e4ee87d1ceff957d1bfc6d3d,1,42,0.3515439429928741
0.8452646239554318,0,0.054896887480735,0.7805612610138621,0.24295234151387515,199,/mnt/prj01/hgrp-1502-5TB/xuxiaoyu/reliability_medmnistc_ab/formal_runs/cross_path_random_grapha2_sel42_43_train42_43_20260917/runs/pathmnist/graph_a2/ratio_0.02/selection_seed_43/train_seed_42/aug_0/final.pt,a2ef39d997911894bd7f34e217e78fa054012dd8407b7e712d815ba921090fbf,0.016167706820057748,0.058639704594342756,stain_deposit,pathmnist,0.0565469484890404,502,graph_a2,9,7180,1791,0.5794730941029662,0.02,0.898355754857997,1.0,0.35398230088495575,0.9305993690851735,0.9352657004830918,0.8192567567567568,0.9163292847503374,0.32779097387173395,0.8434712084347121,0.08252089136490251,5744,43,f3aa0e0dd514a3dc197d0332104bf88780a6b9c3e4ee87d1ceff957d1bfc6d3d,2,42,0.32779097387173395
0.8338440111420613,0,0.05893529443359668,0.768314521743516,0.2573369169721951,199,/mnt/prj01/hgrp-1502-5TB/xuxiaoyu/reliability_medmnistc_ab/formal_runs/cross_path_random_grapha2_sel42_43_train42_43_20260917/runs/pathmnist/graph_a2/ratio_0.02/selection_seed_43/train_seed_42/aug_0/final.pt,a2ef39d997911894bd7f34e217e78fa054012dd8407b7e712d815ba921090fbf,0.02841444609040389,0.08951856445182493,stain_deposit,pathmnist,0.061293078357130715,529,graph_a2,9,7180,1791,0.6074301558662332,0.02,0.8871449925261584,1.0,0.35398230088495575,0.8738170347003155,0.9449275362318841,0.8277027027027027,0.9095816464237517,0.29691211401425177,0.8207623682076237,0.09227019498607242,5744,43,f3aa0e0dd514a3dc197d0332104bf88780a6b9c3e4ee87d1ceff957d1bfc6d3d,3,42,0.29691211401425177
0.8193593314763231,0,0.06582369397723532,0.752876269777593,0.28005769415961285,199,/mnt/prj01/hgrp-1502-5TB/xuxiaoyu/reliability_medmnistc_ab/formal_runs/cross_path_random_grapha2_sel42_43_train42_43_20260917/runs/pathmnist/graph_a2/ratio_0.02/selection_seed_43/train_seed_42/aug_0/final.pt,a2ef39d997911894bd7f34e217e78fa054012dd8407b7e712d815ba921090fbf,0.043852698056326855,0.12752331504564918,stain_deposit,pathmnist,0.0667029442685892,556,graph_a2,9,7180,1791,0.6561298627210409,0.02,0.8841554559043349,1.0,0.34513274336283184,0.8391167192429022,0.9468599033816425,0.831081081081081,0.8879892037786775,0.2589073634204275,0.7826439578264396,0.10393454038997214,5744,43,f3aa0e0dd514a3dc197d0332104bf88780a6b9c3e4ee87d1ceff957d1bfc6d3d,4,42,0.2589073634204275
0.7920612813370473,0,0.0782123265920506,0.7220707736843011,0.3157671368041955,199,/mnt/prj01/hgrp-1502-5TB/xuxiaoyu/reliability_medmnistc_ab/formal_runs/cross_path_random_grapha2_sel42_43_train42_43_20260917/runs/pathmnist/graph_a2/ratio_0.02/selection_seed_43/train_seed_42/aug_0/final.pt,a2ef39d997911894bd7f34e217e78fa054012dd8407b7e712d815ba921090fbf,0.07465819414961883,0.18928103476061353,stain_deposit,pathmnist,0.07078087256811455,572,graph_a2,9,7180,1791,0.7227100608236335,0.02,0.8415545590433483,1.0,0.32448377581120946,0.7097791798107256,0.9545893719806763,0.847972972972973,0.854251012145749,0.19714964370546317,0.7688564476885644,0.12952646239554316,5744,43,f3aa0e0dd514a3dc197d0332104bf88780a6b9c3e4ee87d1ceff957d1bfc6d3d,5,42,0.19714964370546317
0.8487465181058496,0,0.036997347272695505,0.8039957326823396,0.2318690570355346,199,/mnt/prj01/hgrp-1502-5TB/xuxiaoyu/reliability_medmnistc_ab/formal_runs/cross_path_random_grapha2_sel42_43_train42_43_20260917/runs/pathmnist/graph_a2/ratio_0.02/selection_seed_43/train_seed_43/aug_0/final.pt,f01efcaac031f7bae0146416ab7336a1ffeffd3f98d3ba38fd8bfc041a90de12,,,clean,pathmnist,0.06271451318994538,449,graph_a2,9,7180,1791,0.5760992006477746,0.02,0.8886397608370703,1.0,0.7551622418879056,0.9858044164037855,0.885024154589372,0.6418918918918919,0.835357624831309,0.334916864608076,0.9091646390916464,0.0684192200557103,5744,43,f3aa0e0dd514a3dc197d0332104bf88780a6b9c3e4ee87d1ceff957d1bfc6d3d,0,43,0.334916864608076
0.5511142061281337,0,0.23170804554305327,0.47628713685354296,0.7611801972237343,199,/mnt/prj01/hgrp-1502-5TB/xuxiaoyu/reliability_medmnistc_ab/formal_runs/cross_path_random_grapha2_sel42_43_train42_43_20260917/runs/pathmnist/graph_a2/ratio_0.02/selection_seed_43/train_seed_43/aug_0/final.pt,f01efcaac031f7bae0146416ab7336a1ffeffd3f98d3ba38fd8bfc041a90de12,0.32770859582879663,0.32911976315880065,brightness_down,pathmnist,0.3297335041557182,2027,graph_a2,9,7180,1791,2.4458481933807583,0.02,0.9790732436472347,1.0,0.49852507374631266,0.807570977917981,0.005797101449275362,0.02364864864864865,0.15114709851551958,0.030878859857482184,0.7899432278994323,0.38370473537604455,5744,43,f3aa0e0dd514a3dc197d0332104bf88780a6b9c3e4ee87d1ceff957d1bfc6d3d,1,43,0.005797101449275362
0.3747910863509749,0,0.4763752273114761,0.3475158805578275,1.0622171322158396,199,/mnt/prj01/hgrp-1502-5TB/xuxiaoyu/reliability_medmnistc_ab/formal_runs/cross_path_random_grapha2_sel42_43_train42_43_20260917/runs/pathmnist/graph_a2/ratio_0.02/selection_seed_43/train_seed_43/aug_0/final.pt,f01efcaac031f7bae0146416ab7336a1ffeffd3f98d3ba38fd8bfc041a90de12,0.4564798521245121,0.334916864608076,brightness_down,pathmnist,0.47928445974681366,2947,graph_a2,9,7180,1791,3.4786998112796845,0.02,0.6307922272047832,1.0,0.49852507374631266,0.6419558359621451,0.0,0.02195945945945946,0.002699055330634278,0.0,0.33171127331711275,0.5981894150417827,5744,43,f3aa0e0dd514a3dc197d0332104bf88780a6b9c3e4ee87d1ceff957d1bfc6d3d,2,43,0.0
0.18662952646239556,0,0.6444328768650158,0.22012788068959532,1.5388220388038432,199,/mnt/prj01/hgrp-1502-5TB/xuxiaoyu/reliability_medmnistc_ab/formal_runs/cross_path_random_grapha2_sel42_43_train42_43_20260917/runs/pathmnist/graph_a2/ratio_0.02/selection_seed_43/train_seed_43/aug_0/final.pt,f01efcaac031f7bae0146416ab7336a1ffeffd3f98d3ba38fd8bfc041a90de12,0.5838678519927443,0.334916864608076,brightness_down,pathmnist,0.7544458433072546,5135,graph_a2,9,7180,1791,5.958935235761861,0.02,0.0007473841554559044,1.0,0.49852507374631266,0.4526813880126183,0.0,0.0,0.0,0.0,0.029197080291970802,0.804491643454039,5744,43,f3aa0e0dd514a3dc197d0332104bf88780a6b9c3e4ee87d1ceff957d1bfc6d3d,3,43,0.0
0.17284122562674095,0,0.7190935529541606,0.20584982295483775,1.612386538972988,199,/mnt/prj01/hgrp-1502-5TB/xuxiaoyu/reliability_medmnistc_ab/formal_runs/cross_path_random_grapha2_sel42_43_train42_43_20260917/runs/pathmnist/graph_a2/ratio_0.02/selection_seed_43/train_seed_43/aug_0/final.pt,f01efcaac031f7bae0146416ab7336a1ffeffd3f98d3ba38fd8bfc041a90de12,0.5981459097275018,0.334916864608076,brightness_down,pathmnist,0.7944939673195974,5567,graph_a2,9,7180,1791,7.806079998298303,0.02,0.0,1.0,0.49852507374631266,0.35331230283911674,0.0,0.0,0.0,0.0,0.0008110300081103001,0.841399721448468,5744,43,f3aa0e0dd514a3dc197d0332104bf88780a6b9c3e4ee87d1ceff957d1bfc6d3d,4,43,0.0
0.14972144846796656,0,0.7720900204746522,0.17669027169041127,1.668530068810812,199,/mnt/prj01/hgrp-1502-5TB/xuxiaoyu/reliability_medmnistc_ab/formal_runs/cross_path_random_grapha2_sel42_43_train42_43_20260917/runs/pathmnist/graph_a2/ratio_0.02/selection_seed_43/train_seed_43/aug_0/final.pt,f01efcaac031f7bae0146416ab7336a1ffeffd3f98d3ba38fd8bfc041a90de12,0.6273054609919283,0.334916864608076,brightness_down,pathmnist,0.8310998736649834,5892,graph_a2,9,7180,1791,8.968168256930305,0.02,0.0,1.0,0.49557522123893805,0.0946372239747634,0.0,0.0,0.0,0.0,0.0,0.8467966573816156,5744,43,f3aa0e0dd514a3dc197d0332104bf88780a6b9c3e4ee87d1ceff957d1bfc6d3d,5,43,0.0
0.39944289693593316,0,0.3885468852863685,0.4396077042938964,0.991984950594421,199,/mnt/prj01/hgrp-1502-5TB/xuxiaoyu/reliability_medmnistc_ab/formal_runs/cross_path_random_grapha2_sel42_43_train42_43_20260917/runs/pathmnist/graph_a2/ratio_0.02/selection_seed_43/train_seed_43/aug_0/final.pt,f01efcaac031f7bae0146416ab7336a1ffeffd3f98d3ba38fd8bfc041a90de12,0.3643880283884432,0.32445348643169336,brightness_up,pathmnist,0.44835154353161044,2677,graph_a2,9,7180,1791,3.0445431591511802,0.02,0.01046337817638266,1.0,0.5811209439528023,0.47318611987381703,0.21932367149758455,0.8614864864864865,0.3630229419703104,0.05938242280285035,0.3884833738848337,0.5618036211699164,5744,43,f3aa0e0dd514a3dc197d0332104bf88780a6b9c3e4ee87d1ceff957d1bfc6d3d,1,43,0.01046337817638266
0.26016713091922006,0,0.49546857071432365,0.31928231640934385,1.2704695535135775,199,/mnt/prj01/hgrp-1502-5TB/xuxiaoyu/reliability_medmnistc_ab/formal_runs/cross_path_random_grapha2_sel42_43_train42_43_20260917/runs/pathmnist/graph_a2/ratio_0.02/selection_seed_43/train_seed_43/aug_0/final.pt,f01efcaac031f7bae0146416ab7336a1ffeffd3f98d3ba38fd8bfc041a90de12,0.48471341627299575,0.334916864608076,brightness_up,pathmnist,0.599839564921298,3483,graph_a2,9,7180,1791,4.367174964064183,0.02,0.0,1.0,0.6106194690265486,0.17665615141955837,0.01352657004830918,0.8716216216216216,0.13090418353576247,0.014251781472684086,0.05596107055961071,0.7010793871866295,5744,43,f3aa0e0dd514a3dc197d0332104bf88780a6b9c3e4ee87d1ceff957d1bfc6d3d,2,43,0.0
0.22047353760445682,0,0.5428357637268973,0.27953202661521664,1.3732105333581377,199,/mnt/prj01/hgrp-1502-5TB/xuxiaoyu/reliability_medmnistc_ab/formal_runs/cross_path_random_grapha2_sel42_43_train42_43_20260917/runs/pathmnist/graph_a2/ratio_0.02/selection_seed_43/train_seed_43/aug_0/final.pt,f01efcaac031f7bae0146416ab7336a1ffeffd3f98d3ba38fd8bfc041a90de12,0.5244637060671229,0.334916864608076,brightness_up,pathmnist,0.6526362392729703,3811,graph_a2,9,7180,1791,5.2075242197064835,0.02,0.0,1.0,0.6666666666666666,0.01892744479495268,0.000966183574879227,0.793918918918919,0.029689608636977057,0.0023752969121140144,0.0032441200324412004,0.7355501392757661,5744,43,f3aa0e0dd514a3dc197d0332104bf88780a6b9c3e4ee87d1ceff957d1bfc6d3d,3,43,0.0
0.21337047353760447,0,0.5631495164837884,0.2712376795310052,1.39678124787351,199,/mnt/prj01/hgrp-1502-5TB/xuxiaoyu/reliability_medmnistc_ab/formal_runs/cross_path_random_grapha2_sel42_43_train42_43_20260917/runs/pathmnist/graph_a2/ratio_0.02/selection_seed_43/train_seed_43/aug_0/final.pt,f01efcaac031f7bae0146416ab7336a1ffeffd3f98d3ba38fd8bfc041a90de12,0.5327580531513344,0.334916864608076,brightness_up,pathmnist,0.666420224333872,3967,graph_a2,9,7180,1791,5.45149976186395,0.02,0.0,1.0,0.6755162241887905,0.00473186119873817,0.000966183574879227,0.7432432432432432,0.01349527665317139,0.0023752969121140144,0.0008110300081103001,0.7405988857938719,5744,43,f3aa0e0dd514a3dc197d0332104bf88780a6b9c3e4ee87d1ceff957d1bfc6d3d,4,43,0.0
0.20682451253481896,0,0.5938271032107736,0.26436334880808526,1.4209808285847234,199,/mnt/prj01/hgrp-1502-5TB/xuxiaoyu/reliability_medmnistc_ab/formal_runs/cross_path_random_grapha2_sel42_43_train42_43_20260917/runs/pathmnist/graph_a2/ratio_0.02/selection_seed_43/train_seed_43/aug_0/final.pt,f01efcaac031f7bae0146416ab7336a1ffeffd3f98d3ba38fd8bfc041a90de12,0.5396323838742543,0.334916864608076,brightness_up,pathmnist,0.6779979378773642,4116,graph_a2,9,7180,1791,5.741925779677391,0.02,0.0,0.9988193624557261,0.7109144542772862,0.0,0.000966183574879227,0.660472972972973,0.008097165991902834,0.0,0.0,0.7534818941504178,5744,43,f3aa0e0dd514a3dc197d0332104bf88780a6b9c3e4ee87d1ceff957d1bfc6d3d,5,43,0.0
0.8433147632311978,0,0.03649217431442485,0.7995271974126361,0.23745643199890568,199,/mnt/prj01/hgrp-1502-5TB/xuxiaoyu/reliability_medmnistc_ab/formal_runs/cross_path_random_grapha2_sel42_43_train42_43_20260917/runs/pathmnist/graph_a2/ratio_0.02/selection_seed_43/train_seed_43/aug_0/final.pt,f01efcaac031f7bae0146416ab7336a1ffeffd3f98d3ba38fd8bfc041a90de12,0.0044685352697034775,-0.014251781472684077,bubble,pathmnist,0.0627458876138942,450,graph_a2,9,7180,1791,0.5758391971237,0.02,0.8774289985052317,1.0,0.7522123893805309,0.9858044164037855,0.893719806763285,0.5996621621621622,0.844804318488529,0.3491686460807601,0.8929440389294404,0.0706824512534819,5744,43,f3aa0e0dd514a3dc197d0332104bf88780a6b9c3e4ee87d1ceff957d1bfc6d3d,1,43,0.3491686460807601
0.8402506963788301,0,0.03797127401327076,0.7959823717542641,0.24376764421995353,199,/mnt/prj01/hgrp-1502-5TB/xuxiaoyu/reliability_medmnistc_ab/formal_runs/cross_path_random_grapha2_sel42_43_train42_43_20260917/runs/pathmnist/graph_a2/ratio_0.02/selection_seed_43/train_seed_43/aug_0/final.pt,f01efcaac031f7bae0146416ab7336a1ffeffd3f98d3ba38fd8bfc041a90de12,0.008013360928075475,-0.021377672209026144,bubble,pathmnist,0.06318723738691603,461,graph_a2,9,7180,1791,0.5888304638384522,0.02,0.874439461883408,1.0,0.7286135693215339,0.9873817034700315,0.8956521739130435,0.5929054054054054,0.8461538461538461,0.35629453681710216,0.8824006488240065,0.07538300835654596,5744,43,f3aa0e0dd514a3dc197d0332104bf88780a6b9c3e4ee87d1ceff957d1bfc6d3d,2,43,0.35629453681710216
0.8367688022284122,0,0.03768379893532327,0.7916497621261358,0.2442735730339341,199,/mnt/prj01/hgrp-1502-5TB/xuxiaoyu/reliability_medmnistc_ab/formal_runs/cross_path_random_grapha2_sel42_43_train42_43_20260917/runs/pathmnist/graph_a2/ratio_0.02/selection_seed_43/train_seed_43/aug_0/final.pt,f01efcaac031f7bae0146416ab7336a1ffeffd3f98d3ba38fd8bfc041a90de12,0.01234597055620379,-0.007125890736342011,bubble,pathmnist,0.0648217691975052,451,graph_a2,9,7180,1791,0.5823922283387826,0.02,0.8714499252615845,1.0,0.7227138643067846,0.9858044164037855,0.9111111111111111,0.5793918918918919,0.8461538461538461,0.342042755344418,0.8661800486618005,0.0745125348189415,5744,43,f3aa0e0dd514a3dc197d0332104bf88780a6b9c3e4ee87d1ceff957d1bfc6d3d,3,43,0.342042755344418
0.8217270194986073,0,0.04373255483265579,0.7797876120102143,0.2662105712406529,199,/mnt/prj01/hgrp-1502-5TB/xuxiaoyu/reliability_medmnistc_ab/formal_runs/cross_path_random_grapha2_sel42_43_train42_43_20260917/runs/pathmnist/graph_a2/ratio_0.02/selection_seed_43/train_seed_43/aug_0/final.pt,f01efcaac031f7bae0146416ab7336a1ffeffd3f98d3ba38fd8bfc041a90de12,0.0242081206721253,-0.028503562945368155,bubble,pathmnist,0.07289071918613069,468,graph_a2,9,7180,1791,0.6217938322600357,0.02,0.8699551569506726,1.0,0.7020648967551623,0.9826498422712934,0.9120772946859903,0.5456081081081081,0.8475033738191633,0.36342042755344417,0.7948094079480941,0.0868732590529248,5744,43,f3aa0e0dd514a3dc197d0332104bf88780a6b9c3e4ee87d1ceff957d1bfc6d3d,4,43,0.36342042755344417
0.8100278551532033,0,0.05102829989992391,0.7701784880583866,0.2873715385254348,199,/mnt/prj01/hgrp-1502-5TB/xuxiaoyu/reliability_medmnistc_ab/formal_runs/cross_path_random_grapha2_sel42_43_train42_43_20260917/runs/pathmnist/graph_a2/ratio_0.02/selection_seed_43/train_seed_43/aug_0/final.pt,f01efcaac031f7bae0146416ab7336a1ffeffd3f98d3ba38fd8bfc041a90de12,0.03381724462395297,-0.011876484560570055,bubble,pathmnist,0.07679340342127182,543,graph_a2,9,7180,1791,0.6672845667993982,0.02,0.8579970104633782,1.0,0.6873156342182891,0.9747634069400631,0.9246376811594202,0.5337837837837838,0.873144399460189,0.34679334916864607,0.7331711273317113,0.10358635097493037,5744,43,f3aa0e0dd514a3dc197d0332104bf88780a6b9c3e4ee87d1ceff957d1bfc6d3d,5,43,0.34679334916864607
0.7337047353760445,0,0.10243851239012293,0.6470551529555476,0.42921694145978234,199,/mnt/prj01/hgrp-1502-5TB/xuxiaoyu/reliability_medmnistc_ab/formal_runs/cross_path_random_grapha2_sel42_43_train42_43_20260917/runs/pathmnist/graph_a2/ratio_0.02/selection_seed_43/train_seed_43/aug_0/final.pt,f01efcaac031f7bae0146416ab7336a1ffeffd3f98d3ba38fd8bfc041a90de12,0.15694057972679198,0.2301871348783463,contrast_down,pathmnist,0.16000147659674,1047,graph_a2,9,7180,1791,1.167784130455871,0.02,0.9581464872944694,1.0,0.5309734513274337,0.8359621451104101,0.7574879227053141,0.10472972972972973,0.5654520917678812,0.19239904988123516,0.878345498783455,0.18715181058495822,5744,43,f3aa0e0dd514a3dc197d0332104bf88780a6b9c3e4ee87d1ceff957d1bfc6d3d,1,43,0.10472972972972973
0.5221448467966574,0,0.26230801154610506,0.45515667056211334,0.7891647297728629,199,/mnt/prj01/hgrp-1502-5TB/xuxiaoyu/reliability_medmnistc_ab/formal_runs/cross_path_random_grapha2_sel42_43_train42_43_20260917/runs/pathmnist/graph_a2/ratio_0.02/selection_seed_43/train_seed_43/aug_0/final.pt,f01efcaac031f7bae0146416ab7336a1ffeffd3f98d3ba38fd8bfc041a90de12,0.34883906212022625,0.32541567695962,contrast_down,pathmnist,0.33891980772770547,2088,graph_a2,9,7180,1791,2.3149837159382813,0.02,0.9626307922272048,1.0,0.49852507374631266,0.5788643533123028,0.36135265700483093,0.010135135135135136,0.28205128205128205,0.009501187648456057,0.3933495539334955,0.4321030640668524,5744,43,f3aa0e0dd514a3dc197d0332104bf88780a6b9c3e4ee87d1ceff957d1bfc6d3d,2,43,0.009501187648456057
0.36782729805013925,0,0.39015001435158814,0.32578986224240863,1.1254528991962216,199,/mnt/prj01/hgrp-1502-5TB/xuxiaoyu/reliability_medmnistc_ab/formal_runs/cross_path_random_grapha2_sel42_43_train42_43_20260917/runs/pathmnist/graph_a2/ratio_0.02/selection_seed_43/train_seed_43/aug_0/final.pt,f01efcaac031f7bae0146416ab7336a1ffeffd3f98d3ba38fd8bfc041a90de12,0.47820587043993096,0.334916864608076,contrast_down,pathmnist,0.5366201639756518,3418,graph_a2,9,7180,1791,4.054089901772077,0.02,0.9671150971599403,1.0,0.49557522123893805,0.3107255520504732,0.034782608695652174,0.0,0.10931174089068826,0.0,0.014598540145985401,0.5781685236768802,5744,43,f3aa0e0dd514a3dc197d0332104bf88780a6b9c3e4ee87d1ceff957d1bfc6d3d,3,43,0.0
0.3416434540389972,0,0.44863171538796476,0.2976263186239779,1.2194167116141235,199,/mnt/prj01/hgrp-1502-5TB/xuxiaoyu/reliability_medmnistc_ab/formal_runs/cross_path_random_grapha2_sel42_43_train42_43_20260917/runs/pathmnist/graph_a2/ratio_0.02/selection_seed_43/train_seed_43/aug_0/final.pt,f01efcaac031f7bae0146416ab7336a1ffeffd3f98d3ba38fd8bfc041a90de12,0.5063694140583617,0.334916864608076,contrast_down,pathmnist,0.5953215783934075,3949,graph_a2,9,7180,1791,5.1263718616797425,0.02,0.968609865470852,1.0,0.48672566371681414,0.20189274447949526,0.003864734299516908,0.0,0.017543859649122806,0.0,0.0,0.5976671309192201,5744,43,f3aa0e0dd514a3dc197d0332104bf88780a6b9c3e4ee87d1ceff957d1bfc6d3d,4,43,0.0
0.31545961002785516,0,0.5134313283551748,0.2453290594112366,1.2953017753184268,199,/mnt/prj01/hgrp-1502-5TB/xuxiaoyu/reliability_medmnistc_ab/formal_runs/cross_path_random_grapha2_sel42_43_train42_43_20260917/runs/pathmnist/graph_a2/ratio_0.02/selection_seed_43/train_seed_43/aug_0/final.pt,f01efcaac031f7bae0146416ab7336a1ffeffd3f98d3ba38fd8bfc041a90de12,0.558666673271103,0.334916864608076,contrast_down,pathmnist,0.6352198757750078,4285,graph_a2,9,7180,1791,6.305361133943701,0.02,0.9708520179372198,1.0,0.10619469026548672,0.1309148264984227,0.0,0.0,0.0,0.0,0.0,0.6396239554317549,5744,43,f3aa0e0dd514a3dc197d0332104bf88780a6b9c3e4ee87d1ceff957d1bfc6d3d,5,43,0.0
0.737883008356546,0,0.10683933426348974,0.7175264998152411,0.4090014309095916,199,/mnt/prj01/hgrp-1502-5TB/xuxiaoyu/reliability_medmnistc_ab/formal_runs/cross_path_random_grapha2_sel42_43_train42_43_20260917/runs/pathmnist/graph_a2/ratio_0.02/selection_seed_43/train_seed_43/aug_0/final.pt,f01efcaac031f7bae0146416ab7336a1ffeffd3f98d3ba38fd8bfc041a90de12,0.08646923286709851,0.09501187648456058,contrast_up,pathmnist,0.13626620477288548,916,graph_a2,9,7180,1791,0.9855023781851426,0.02,0.8131539611360239,1.0,0.6637168141592921,0.8848580441640379,0.7120772946859903,0.8125,0.7800269905533064,0.23990498812351543,0.551500405515004,0.18906685236768803,5744,43,f3aa0e0dd514a3dc197d0332104bf88780a6b9c3e4ee87d1ceff957d1bfc6d3d,1,43,0.23990498812351543
0.4947075208913649,0,0.3199939531392654,0.500625559983644,0.8348436056266482,199,/mnt/prj01/hgrp-1502-5TB/xuxiaoyu/reliability_medmnistc_ab/formal_runs/cross_path_random_grapha2_sel42_43_train42_43_20260917/runs/pathmnist/graph_a2/ratio_0.02/selection_seed_43/train_seed_43/aug_0/final.pt,f01efcaac031f7bae0146416ab7336a1ffeffd3f98d3ba38fd8bfc041a90de12,0.3033701726986956,0.2821999140809065,contrast_up,pathmnist,0.36322737643936215,2254,graph_a2,9,7180,1791,2.3556745197610005,0.02,0.6524663677130045,1.0,0.5339233038348082,0.3785488958990536,0.37777777777777777,0.8918918918918919,0.5209176788124157,0.09738717339667459,0.05271695052716951,0.46065459610027853,5744,43,f3aa0e0dd514a3dc197d0332104bf88780a6b9c3e4ee87d1ceff957d1bfc6d3d,2,43,0.05271695052716951
0.35905292479108636,0,0.4629205659722053,0.37031824630895227,1.0962427852812078,199,/mnt/prj01/hgrp-1502-5TB/xuxiaoyu/reliability_medmnistc_ab/formal_runs/cross_path_random_grapha2_sel42_43_train42_43_20260917/runs/pathmnist/graph_a2/ratio_0.02/selection_seed_43/train_seed_43/aug_0/final.pt,f01efcaac031f7bae0146416ab7336a1ffeffd3f98d3ba38fd8bfc041a90de12,0.4336774863733873,0.33410583459996573,contrast_up,pathmnist,0.5004011902304413,2978,graph_a2,9,7180,1791,3.4952214076127492,0.02,0.5014947683109118,1.0,0.5073746312684366,0.022082018927444796,0.16618357487922705,0.9037162162162162,0.2145748987854251,0.0166270783847981,0.0008110300081103001,0.6002785515320335,5744,43,f3aa0e0dd514a3dc197d0332104bf88780a6b9c3e4ee87d1ceff957d1bfc6d3d,3,43,0.0008110300081103001
0.2926183844011142,0,0.6305132384340411,0.3157282990767568,1.2189754883738462,199,/mnt/prj01/hgrp-1502-5TB/xuxiaoyu/reliability_medmnistc_ab/formal_runs/cross_path_random_grapha2_sel42_43_train42_43_20260917/runs/pathmnist/graph_a2/ratio_0.02/selection_seed_43/train_seed_43/aug_0/final.pt,f01efcaac031f7bae0146416ab7336a1ffeffd3f98d3ba38fd8bfc041a90de12,0.4882674336055828,0.334916864608076,contrast_up,pathmnist,0.5570615045975343,3270,graph_a2,9,7180,1791,4.143444073301952,0.02,0.3617339312406577,0.935064935064935,0.504424778761062,0.0,0.0647342995169082,0.9070945945945946,0.06612685560053981,0.0023752969121140144,0.0,0.6739206128133705,5744,43,f3aa0e0dd514a3dc197d0332104bf88780a6b9c3e4ee87d1ceff957d1bfc6d3d,4,43,0.0
0.13217270194986072,0,0.8108299283709725,0.17823504729557405,1.4654224739843014,199,/mnt/prj01/hgrp-1502-5TB/xuxiaoyu/reliability_medmnistc_ab/formal_runs/cross_path_random_grapha2_sel42_43_train42_43_20260917/runs/pathmnist/graph_a2/ratio_0.02/selection_seed_43/train_seed_43/aug_0/final.pt,f01efcaac031f7bae0146416ab7336a1ffeffd3f98d3ba38fd8bfc041a90de12,0.6257606853867655,0.334916864608076,contrast_up,pathmnist,0.6814536823660218,3684,graph_a2,9,7180,1791,4.934355149023106,0.02,0.14499252615844543,0.021251475796930343,0.49852507374631266,0.0,0.024154589371980676,0.9070945945945946,0.008097165991902834,0.0,0.0,0.8551532033426184,5744,43,f3aa0e0dd514a3dc197d0332104bf88780a6b9c3e4ee87d1ceff957d1bfc6d3d,5,43,0.0
0.6834261838440111,0,0.14408837588413706,0.6751568415518294,0.5151670344120539,199,/mnt/prj01/hgrp-1502-5TB/xuxiaoyu/reliability_medmnistc_ab/formal_runs/cross_path_random_grapha2_sel42_43_train42_43_20260917/runs/pathmnist/graph_a2/ratio_0.02/selection_seed_43/train_seed_43/aug_0/final.pt,f01efcaac031f7bae0146416ab7336a1ffeffd3f98d3ba38fd8bfc041a90de12,0.12883889113051017,0.12883578352699493,defocus_blur,pathmnist,0.2052635759654815,1350,graph_a2,9,7180,1791,1.299243024727913,0.02,0.9514200298953662,1.0,0.7669616519174042,0.9400630914826499,0.4811594202898551,0.20608108108108109,0.951417004048583,0.43705463182897863,0.3422546634225466,0.25069637883008355,5744,43,f3aa0e0dd514a3dc197d0332104bf88780a6b9c3e4ee87d1ceff957d1bfc6d3d,1,43,0.20608108108108109
0.5899721448467966,0,0.2334427078877505,0.5929754857598942,0.6747089864817023,199,/mnt/prj01/hgrp-1502-5TB/xuxiaoyu/reliability_medmnistc_ab/formal_runs/cross_path_random_grapha2_sel42_43_train42_43_20260917/runs/pathmnist/graph_a2/ratio_0.02/selection_seed_43/train_seed_43/aug_0/final.pt,f01efcaac031f7bae0146416ab7336a1ffeffd3f98d3ba38fd8bfc041a90de12,0.21102024692244536,0.16776710615396973,defocus_blur,pathmnist,0.28784365550015634,1833,graph_a2,9,7180,1791,1.8224263375240186,0.02,0.9521674140508222,1.0,0.7669616519174042,0.6182965299684543,0.1671497584541063,0.2719594594594595,0.9568151147098516,0.3990498812351544,0.20437956204379562,0.3516713091922006,5744,43,f3aa0e0dd514a3dc197d0332104bf88780a6b9c3e4ee87d1ceff957d1bfc6d3d,2,43,0.1671497584541063
0.5197771587743732,0,0.30854110943833224,0.520774459375691,0.8043353580302565,199,/mnt/prj01/hgrp-1502-5TB/xuxiaoyu/reliability_medmnistc_ab/formal_runs/cross_path_random_grapha2_sel42_43_train42_43_20260917/runs/pathmnist/graph_a2/ratio_0.02/selection_seed_43/train_seed_43/aug_0/final.pt,f01efcaac031f7bae0146416ab7336a1ffeffd3f98d3ba38fd8bfc041a90de12,0.2832212733066486,0.31076227523609534,defocus_blur,pathmnist,0.351252148835855,2203,graph_a2,9,7180,1791,2.353604128157158,0.02,0.9514200298953662,1.0,0.7433628318584071,0.15141955835962145,0.024154589371980676,0.3547297297297297,0.9527665317139001,0.3752969121140142,0.13381995133819952,0.424616991643454,5744,43,f3aa0e0dd514a3dc197d0332104bf88780a6b9c3e4ee87d1ceff957d1bfc6d3d,3,43,0.024154589371980676
0.4937325905292479,0,0.3406977688886914,0.48974706659288053,0.8373765610667212,199,/mnt/prj01/hgrp-1502-5TB/xuxiaoyu/reliability_medmnistc_ab/formal_runs/cross_path_random_grapha2_sel42_43_train42_43_20260917/runs/pathmnist/graph_a2/ratio_0.02/selection_seed_43/train_seed_43/aug_0/final.pt,f01efcaac031f7bae0146416ab7336a1ffeffd3f98d3ba38fd8bfc041a90de12,0.31424866608945906,0.33201831388343833,defocus_blur,pathmnist,0.3612188183290049,2187,graph_a2,9,7180,1791,2.5628142452037506,0.02,0.9506726457399103,1.0,0.6814159292035398,0.0583596214511041,0.002898550724637681,0.40878378378378377,0.8987854251012146,0.31353919239904987,0.09326845093268452,0.4451601671309192,5744,43,f3aa0e0dd514a3dc197d0332104bf88780a6b9c3e4ee87d1ceff957d1bfc6d3d,4,43,0.002898550724637681
0.4704735376044568,0,0.363271100554481,0.4635930572650913,0.8681484764492228,199,/mnt/prj01/hgrp-1502-5TB/xuxiaoyu/reliability_medmnistc_ab/formal_runs/cross_path_random_grapha2_sel42_43_train42_43_20260917/runs/pathmnist/graph_a2/ratio_0.02/selection_seed_43/train_seed_43/aug_0/final.pt,f01efcaac031f7bae0146416ab7336a1ffeffd3f98d3ba38fd8bfc041a90de12,0.3404026754172483,0.33298449745831754,defocus_blur,pathmnist,0.3666692079234256,2147,graph_a2,9,7180,1791,2.761728011657884,0.02,0.9521674140508222,1.0,0.7020648967551623,0.00473186119873817,0.001932367149758454,0.4408783783783784,0.7800269905533064,0.22565320665083136,0.064882400648824,0.47301532033426186,5744,43,f3aa0e0dd514a3dc197d0332104bf88780a6b9c3e4ee87d1ceff957d1bfc6d3d,5,43,0.001932367149758454
0.8352367688022284,0,0.043882562340424376,0.7937426957673712,0.2500401233372571,199,/mnt/prj01/hgrp-1502-5TB/xuxiaoyu/reliability_medmnistc_ab/formal_runs/cross_path_random_grapha2_sel42_43_train42_43_20260917/runs/pathmnist/graph_a2/ratio_0.02/selection_seed_43/train_seed_43/aug_0/final.pt,f01efcaac031f7bae0146416ab7336a1ffeffd3f98d3ba38fd8bfc041a90de12,0.010253036914968372,-0.0332541567695962,jpeg_compression,pathmnist,0.06505285193495103,480,graph_a2,9,7180,1791,0.6016609710490887,0.02,0.8819133034379671,1.0,0.7551622418879056,0.9716088328075709,0.8483091787439614,0.606418918918919,0.8232118758434548,0.3681710213776722,0.8888888888888888,0.07938718662952646,5744,43,f3aa0e0dd514a3dc197d0332104bf88780a6b9c3e4ee87d1ceff957d1bfc6d3d,1,43,0.3681710213776722
0.8363509749303621,0,0.04395387669649401,0.7943559233266234,0.25135194832303603,199,/mnt/prj01/hgrp-1502-5TB/xuxiaoyu/reliability_medmnistc_ab/formal_runs/cross_path_random_grapha2_sel42_43_train42_43_20260917/runs/pathmnist/graph_a2/ratio_0.02/selection_seed_43/train_seed_43/aug_0/final.pt,f01efcaac031f7bae0146416ab7336a1ffeffd3f98d3ba38fd8bfc041a90de12,0.009639809355716178,-0.04275534441805223,jpeg_compression,pathmnist,0.06172374990408136,480,graph_a2,9,7180,1791,0.60232631066031,0.02,0.9080717488789237,1.0,0.7551622418879056,0.9684542586750788,0.821256038647343,0.6081081081081081,0.8232118758434548,0.37767220902612825,0.8872668288726683,0.08356545961002786,5744,43,f3aa0e0dd514a3dc197d0332104bf88780a6b9c3e4ee87d1ceff957d1bfc6d3d,2,43,0.37767220902612825
0.792200557103064,0,0.06386974214839101,0.7601343169796319,0.314313657031834,199,/mnt/prj01/hgrp-1502-5TB/xuxiaoyu/reliability_medmnistc_ab/formal_runs/cross_path_random_grapha2_sel42_43_train42_43_20260917/runs/pathmnist/graph_a2/ratio_0.02/selection_seed_43/train_seed_43/aug_0/final.pt,f01efcaac031f7bae0146416ab7336a1ffeffd3f98d3ba38fd8bfc041a90de12,0.04386141570270774,-0.021377672209026144,jpeg_compression,pathmnist,0.09604279302828492,631,graph_a2,9,7180,1791,0.7405551802117635,0.02,0.7391629297458894,1.0,0.7669616519174042,0.9668769716088328,0.8347826086956521,0.5101351351351351,0.7975708502024291,0.35629453681710216,0.8694241686942417,0.1208217270194986,5744,43,f3aa0e0dd514a3dc197d0332104bf88780a6b9c3e4ee87d1ceff957d1bfc6d3d,3,43,0.35629453681710216
0.7566852367688023,0,0.0928852713889602,0.7337612360056952,0.37041781178300554,199,/mnt/prj01/hgrp-1502-5TB/xuxiaoyu/reliability_medmnistc_ab/formal_runs/cross_path_random_grapha2_sel42_43_train42_43_20260917/runs/pathmnist/graph_a2/ratio_0.02/selection_seed_43/train_seed_43/aug_0/final.pt,f01efcaac031f7bae0146416ab7336a1ffeffd3f98d3ba38fd8bfc041a90de12,0.07023449667664439,0.028503562945368155,jpeg_compression,pathmnist,0.11583249466830975,769,graph_a2,9,7180,1791,0.8669530651207987,0.02,0.7249626307922272,1.0,0.7876106194690266,0.8911671924290221,0.7507246376811594,0.5760135135135135,0.8029689608636977,0.30641330166270786,0.7639902676399026,0.1671309192200557,5744,43,f3aa0e0dd514a3dc197d0332104bf88780a6b9c3e4ee87d1ceff957d1bfc6d3d,4,43,0.30641330166270786
0.7795264623955431,0,0.07055128417461007,0.7440188716679699,0.3371185512465062,199,/mnt/prj01/hgrp-1502-5TB/xuxiaoyu/reliability_medmnistc_ab/formal_runs/cross_path_random_grapha2_sel42_43_train42_43_20260917/runs/pathmnist/graph_a2/ratio_0.02/selection_seed_43/train_seed_43/aug_0/final.pt,f01efcaac031f7bae0146416ab7336a1ffeffd3f98d3ba38fd8bfc041a90de12,0.05997686101436972,-0.007125890736342011,jpeg_compression,pathmnist,0.1043502267979314,683,graph_a2,9,7180,1791,0.8165760979041918,0.02,0.8004484304932735,1.0,0.7787610619469026,0.9794952681388013,0.7613526570048309,0.42567567567567566,0.7584345479082322,0.342042755344418,0.8499594484995945,0.1328342618384401,5744,43,f3aa0e0dd514a3dc197d0332104bf88780a6b9c3e4ee87d1ceff957d1bfc6d3d,5,43,0.342042755344418
0.7317548746518105,0,0.11256974427527651,0.7102825426835268,0.4282820863049035,199,/mnt/prj01/hgrp-1502-5TB/xuxiaoyu/reliability_medmnistc_ab/formal_runs/cross_path_random_grapha2_sel42_43_train42_43_20260917/runs/pathmnist/graph_a2/ratio_0.02/selection_seed_43/train_seed_43/aug_0/final.pt,f01efcaac031f7bae0146416ab7336a1ffeffd3f98d3ba38fd8bfc041a90de12,0.09371318999881284,0.046065513256724644,motion_blur,pathmnist,0.15609538348438348,1066,graph_a2,9,7180,1791,1.0486115127397049,0.02,0.9424514200298953,1.0,0.775811209439528,0.8722397476340694,0.6193236714975845,0.28885135135135137,0.9473684210526315,0.4323040380047506,0.5141930251419302,0.19811977715877438,5744,43,f3aa0e0dd514a3dc197d0332104bf88780a6b9c3e4ee87d1ceff957d1bfc6d3d,1,43,0.28885135135135137
0.7114206128133704,0,0.12776771862527034,0.6883532525917001,0.4595319142920904,199,/mnt/prj01/hgrp-1502-5TB/xuxiaoyu/reliability_medmnistc_ab/formal_runs/cross_path_random_grapha2_sel42_43_train42_43_20260917/runs/pathmnist/graph_a2/ratio_0.02/selection_seed_43/train_seed_43/aug_0/final.pt,f01efcaac031f7bae0146416ab7336a1ffeffd3f98d3ba38fd8bfc041a90de12,0.11564248009063949,0.06464659433780573,motion_blur,pathmnist,0.17228698978475543,1147,graph_a2,9,7180,1791,1.124492410315851,0.02,0.9469357249626308,1.0,0.775811209439528,0.7823343848580442,0.5797101449275363,0.2702702702702703,0.9392712550607287,0.4085510688836104,0.49229521492295214,0.22075208913649025,5744,43,f3aa0e0dd514a3dc197d0332104bf88780a6b9c3e4ee87d1ceff957d1bfc6d3d,2,43,0.2702702702702703
0.7140668523676881,0,0.12483775947234375,0.6915076142429223,0.4527343789186566,199,/mnt/prj01/hgrp-1502-5TB/xuxiaoyu/reliability_medmnistc_ab/formal_runs/cross_path_random_grapha2_sel42_43_train42_43_20260917/runs/pathmnist/graph_a2/ratio_0.02/selection_seed_43/train_seed_43/aug_0/final.pt,f01efcaac031f7bae0146416ab7336a1ffeffd3f98d3ba38fd8bfc041a90de12,0.1124881184394173,0.06464659433780573,motion_blur,pathmnist,0.16934003563893538,1117,graph_a2,9,7180,1791,1.110990597320463,0.02,0.9439461883408071,1.0,0.775811209439528,0.7933753943217665,0.6,0.2702702702702703,0.9338731443994602,0.4180522565320665,0.4882400648824006,0.21500696378830084,5744,43,f3aa0e0dd514a3dc197d0332104bf88780a6b9c3e4ee87d1ceff957d1bfc6d3d,3,43,0.2702702702702703
0.5909470752089137,0,0.23629458315006668,0.5722688319678367,0.6672814289899709,199,/mnt/prj01/hgrp-1502-5TB/xuxiaoyu/reliability_medmnistc_ab/formal_runs/cross_path_random_grapha2_sel42_43_train42_43_20260917/runs/pathmnist/graph_a2/ratio_0.02/selection_seed_43/train_seed_43/aug_0/final.pt,f01efcaac031f7bae0146416ab7336a1ffeffd3f98d3ba38fd8bfc041a90de12,0.23172690071450286,0.1346014071948268,motion_blur,pathmnist,0.2783241629766555,1757,graph_a2,9,7180,1791,1.730872288313914,0.02,0.9476831091180867,1.0,0.7610619469026548,0.20031545741324921,0.2985507246376812,0.3260135135135135,0.9257759784075573,0.3657957244655582,0.32522303325223034,0.34836350974930363,5744,43,f3aa0e0dd514a3dc197d0332104bf88780a6b9c3e4ee87d1ceff957d1bfc6d3d,4,43,0.20031545741324921
0.527715877437326,0,0.31623672591671587,0.5145537396884937,0.7714316890045579,199,/mnt/prj01/hgrp-1502-5TB/xuxiaoyu/reliability_medmnistc_ab/formal_runs/cross_path_random_grapha2_sel42_43_train42_43_20260917/runs/pathmnist/graph_a2/ratio_0.02/selection_seed_43/train_seed_43/aug_0/final.pt,f01efcaac031f7bae0146416ab7336a1ffeffd3f98d3ba38fd8bfc041a90de12,0.2894419929938459,0.28759825262069433,motion_blur,pathmnist,0.3147397753878556,1950,graph_a2,9,7180,1791,2.195877179161089,0.02,0.9491778774289985,1.0,0.7876106194690266,0.0473186119873817,0.15845410628019324,0.41385135135135137,0.8191632928475033,0.2494061757719715,0.2060016220600162,0.41834958217270196,5744,43,f3aa0e0dd514a3dc197d0332104bf88780a6b9c3e4ee87d1ceff957d1bfc6d3d,5,43,0.0473186119873817
0.8470752089136491,0,0.03741761202291835,0.8036415238085572,0.23358833655676237,199,/mnt/prj01/hgrp-1502-5TB/xuxiaoyu/reliability_medmnistc_ab/formal_runs/cross_path_random_grapha2_sel42_43_train42_43_20260917/runs/pathmnist/graph_a2/ratio_0.02/selection_seed_43/train_seed_43/aug_0/final.pt,f01efcaac031f7bae0146416ab7336a1ffeffd3f98d3ba38fd8bfc041a90de12,0.0003542088737823468,-0.02375296912114011,pixelate,pathmnist,0.0637170749994042,456,graph_a2,9,7180,1791,0.5734181098107922,0.02,0.8961136023916293,1.0,0.7699115044247787,0.9905362776025236,0.8840579710144928,0.589527027027027,0.8502024291497976,0.3586698337292161,0.8937550689375506,0.06737465181058495,5744,43,f3aa0e0dd514a3dc197d0332104bf88780a6b9c3e4ee87d1ceff957d1bfc6d3d,1,43,0.3586698337292161
0.8426183844011143,0,0.04011711599587715,0.7999078662224558,0.24045147247939827,199,/mnt/prj01/hgrp-1502-5TB/xuxiaoyu/reliability_medmnistc_ab/formal_runs/cross_path_random_grapha2_sel42_43_train42_43_20260917/runs/pathmnist/graph_a2/ratio_0.02/selection_seed_43/train_seed_43/aug_0/final.pt,f01efcaac031f7bae0146416ab7336a1ffeffd3f98d3ba38fd8bfc041a90de12,0.004087866459883793,-0.05225653206650832,pixelate,pathmnist,0.06765529143112946,465,graph_a2,9,7180,1791,0.5844928145440299,0.02,0.9013452914798207,1.0,0.7640117994100295,0.9936908517350158,0.8879227053140096,0.5405405405405406,0.854251012145749,0.38717339667458434,0.870235198702352,0.07103064066852367,5744,43,f3aa0e0dd514a3dc197d0332104bf88780a6b9c3e4ee87d1ceff957d1bfc6d3d,2,43,0.38717339667458434
0.8387186629526462,0,0.04052703792624125,0.7958113599791083,0.2449863174955004,199,/mnt/prj01/hgrp-1502-5TB/xuxiaoyu/reliability_medmnistc_ab/formal_runs/cross_path_random_grapha2_sel42_43_train42_43_20260917/runs/pathmnist/graph_a2/ratio_0.02/selection_seed_43/train_seed_43/aug_0/final.pt,f01efcaac031f7bae0146416ab7336a1ffeffd3f98d3ba38fd8bfc041a90de12,0.008184372703231246,-0.05700712589073631,pixelate,pathmnist,0.06999435147535171,488,graph_a2,9,7180,1791,0.5902487582564454,0.02,0.9155455904334828,1.0,0.7728613569321534,0.9905362776025236,0.8714975845410629,0.49493243243243246,0.8677462887989204,0.3919239904988123,0.8572587185725872,0.0767757660167131,5744,43,f3aa0e0dd514a3dc197d0332104bf88780a6b9c3e4ee87d1ceff957d1bfc6d3d,3,43,0.3919239904988123
0.8176880222841225,0,0.05329195302013118,0.776259482847684,0.2805696710800428,199,/mnt/prj01/hgrp-1502-5TB/xuxiaoyu/reliability_medmnistc_ab/formal_runs/cross_path_random_grapha2_sel42_43_train42_43_20260917/runs/pathmnist/graph_a2/ratio_0.02/selection_seed_43/train_seed_43/aug_0/final.pt,f01efcaac031f7bae0146416ab7336a1ffeffd3f98d3ba38fd8bfc041a90de12,0.027736249834655613,-0.0265696218784105,pixelate,pathmnist,0.08462826619988364,593,graph_a2,9,7180,1791,0.6655137179133969,0.02,0.9252615844544095,1.0,0.7669616519174042,0.9747634069400631,0.8309178743961353,0.3614864864864865,0.8852901484480432,0.4346793349168646,0.8069748580697486,0.10010445682451254,5744,43,f3aa0e0dd514a3dc197d0332104bf88780a6b9c3e4ee87d1ceff957d1bfc6d3d,4,43,0.3614864864864865
0.7484679665738162,0,0.10146768327220196,0.7202442671000829,0.3946547830728912,199,/mnt/prj01/hgrp-1502-5TB/xuxiaoyu/reliability_medmnistc_ab/formal_runs/cross_path_random_grapha2_sel42_43_train42_43_20260917/runs/pathmnist/graph_a2/ratio_0.02/selection_seed_43/train_seed_43/aug_0/final.pt,f01efcaac031f7bae0146416ab7336a1ffeffd3f98d3ba38fd8bfc041a90de12,0.08375146558225666,0.08998443217564359,pixelate,pathmnist,0.13656777039294787,928,graph_a2,9,7180,1791,0.9409819856908214,0.02,0.9357249626307922,1.0,0.7610619469026548,0.8769716088328076,0.6454106280193237,0.24493243243243243,0.9082321187584346,0.4845605700712589,0.6253041362530414,0.1775766016713092,5744,43,f3aa0e0dd514a3dc197d0332104bf88780a6b9c3e4ee87d1ceff957d1bfc6d3d,5,43,0.24493243243243243
0.6739554317548746,0,0.16537703417701918,0.6800544351916232,0.5101398373216002,199,/mnt/prj01/hgrp-1502-5TB/xuxiaoyu/reliability_medmnistc_ab/formal_runs/cross_path_random_grapha2_sel42_43_train42_43_20260917/runs/pathmnist/graph_a2/ratio_0.02/selection_seed_43/train_seed_43/aug_0/final.pt,f01efcaac031f7bae0146416ab7336a1ffeffd3f98d3ba38fd8bfc041a90de12,0.12394129749071636,0.030878859857482177,saturate,pathmnist,0.18475674050016988,1232,graph_a2,9,7180,1791,1.2121595644391074,0.02,0.7765321375186846,1.0,0.7345132743362832,0.832807570977918,0.4985507246376812,0.8074324324324325,0.7813765182186235,0.30403800475059384,0.38523925385239255,0.2614902506963788,5744,43,f3aa0e0dd514a3dc197d0332104bf88780a6b9c3e4ee87d1ceff957d1bfc6d3d,1,43,0.30403800475059384
0.3360724233983287,0,0.4755037010486909,0.3986760018952013,1.0999211768012283,199,/mnt/prj01/hgrp-1502-5TB/xuxiaoyu/reliability_medmnistc_ab/formal_runs/cross_path_random_grapha2_sel42_43_train42_43_20260917/runs/pathmnist/graph_a2/ratio_0.02/selection_seed_43/train_seed_43/aug_0/final.pt,f01efcaac031f7bae0146416ab7336a1ffeffd3f98d3ba38fd8bfc041a90de12,0.4053197307871383,0.3284286245431936,saturate,pathmnist,0.5120969261216586,3035,graph_a2,9,7180,1791,3.2617108312122522,0.02,0.14050822122571002,1.0,0.5781710914454278,0.46529968454258674,0.050241545893719805,0.8902027027027027,0.3360323886639676,0.12114014251781473,0.006488240064882401,0.6310933147632312,5744,43,f3aa0e0dd514a3dc197d0332104bf88780a6b9c3e4ee87d1ceff957d1bfc6d3d,2,43,0.006488240064882401
0.23802228412256268,0,0.5945261223924592,0.2937743628868051,1.24010585103686,199,/mnt/prj01/hgrp-1502-5TB/xuxiaoyu/reliability_medmnistc_ab/formal_runs/cross_path_random_grapha2_sel42_43_train42_43_20260917/runs/pathmnist/graph_a2/ratio_0.02/selection_seed_43/train_seed_43/aug_0/final.pt,f01efcaac031f7bae0146416ab7336a1ffeffd3f98d3ba38fd8bfc041a90de12,0.5102213697955345,0.334916864608076,saturate,pathmnist,0.5850556466614303,2955,graph_a2,9,7180,1791,4.040544486052736,0.02,0.005979073243647235,1.0,0.5162241887905604,0.1750788643533123,0.004830917874396135,0.8952702702702703,0.04183535762483131,0.004750593824228029,0.0,0.7103064066852368,5744,43,f3aa0e0dd514a3dc197d0332104bf88780a6b9c3e4ee87d1ceff957d1bfc6d3d,3,43,0.0
0.18050139275766017,0,0.6554905376815119,0.2331305323991666,1.39873665057048,199,/mnt/prj01/hgrp-1502-5TB/xuxiaoyu/reliability_medmnistc_ab/formal_runs/cross_path_random_grapha2_sel42_43_train42_43_20260917/runs/pathmnist/graph_a2/ratio_0.02/selection_seed_43/train_seed_43/aug_0/final.pt,f01efcaac031f7bae0146416ab7336a1ffeffd3f98d3ba38fd8bfc041a90de12,0.570865200283173,0.334916864608076,saturate,pathmnist,0.6758757131179396,3901,graph_a2,9,7180,1791,4.5062448369287535,0.02,0.0,0.6989374262101535,0.49852507374631266,0.0015772870662460567,0.003864734299516908,0.8952702702702703,0.0,0.0,0.0,0.7863857938718662,5744,43,f3aa0e0dd514a3dc197d0332104bf88780a6b9c3e4ee87d1ceff957d1bfc6d3d,4,43,0.0
0.16685236768802228,0,0.6978260538540482,0.22017412345408544,1.5017131756378217,199,/mnt/prj01/hgrp-1502-5TB/xuxiaoyu/reliability_medmnistc_ab/formal_runs/cross_path_random_grapha2_sel42_43_train42_43_20260917/runs/pathmnist/graph_a2/ratio_0.02/selection_seed_43/train_seed_43/aug_0/final.pt,f01efcaac031f7bae0146416ab7336a1ffeffd3f98d3ba38fd8bfc041a90de12,0.5838216092282542,0.334916864608076,saturate,pathmnist,0.7278906746370547,4580,graph_a2,9,7180,1791,5.043091425454424,0.02,0.0,0.5855962219598583,0.49852507374631266,0.0,0.003864734299516908,0.893581081081081,0.0,0.0,0.0,0.7938718662952646,5744,43,f3aa0e0dd514a3dc197d0332104bf88780a6b9c3e4ee87d1ceff957d1bfc6d3d,5,43,0.0
0.8484679665738162,0,0.03586702562263135,0.8036176766022814,0.23166679118618635,199,/mnt/prj01/hgrp-1502-5TB/xuxiaoyu/reliability_medmnistc_ab/formal_runs/cross_path_random_grapha2_sel42_43_train42_43_20260917/runs/pathmnist/graph_a2/ratio_0.02/selection_seed_43/train_seed_43/aug_0/final.pt,f01efcaac031f7bae0146416ab7336a1ffeffd3f98d3ba38fd8bfc041a90de12,0.0003780560800581423,0.045130641330166255,stain_deposit,pathmnist,0.050375765794499,412,graph_a2,9,7180,1791,0.563909858575234,0.02,0.874439461883408,1.0,0.7581120943952803,0.9668769716088328,0.9227053140096618,0.6807432432432432,0.854251012145749,0.28978622327790976,0.8856447688564477,0.06807103064066852,5744,43,f3aa0e0dd514a3dc197d0332104bf88780a6b9c3e4ee87d1ceff957d1bfc6d3d,1,43,0.28978622327790976
0.8338440111420613,0,0.03871368077482878,0.7887976096528324,0.24456192523754589,199,/mnt/prj01/hgrp-1502-5TB/xuxiaoyu/reliability_medmnistc_ab/formal_runs/cross_path_random_grapha2_sel42_43_train42_43_20260917/runs/pathmnist/graph_a2/ratio_0.02/selection_seed_43/train_seed_43/aug_0/final.pt,f01efcaac031f7bae0146416ab7336a1ffeffd3f98d3ba38fd8bfc041a90de12,0.015198123029507182,0.07600950118764849,stain_deposit,pathmnist,0.0576154774817584,407,graph_a2,9,7180,1791,0.5845235402487335,0.02,0.8542600896860987,1.0,0.7433628318584071,0.944794952681388,0.9256038647342996,0.6993243243243243,0.8083670715249662,0.2589073634204275,0.8645579886455799,0.07468662952646239,5744,43,f3aa0e0dd514a3dc197d0332104bf88780a6b9c3e4ee87d1ceff957d1bfc6d3d,2,43,0.2589073634204275
0.8250696378830084,0,0.04505094455997409,0.7763223985014839,0.2596763760566788,199,/mnt/prj01/hgrp-1502-5TB/xuxiaoyu/reliability_medmnistc_ab/formal_runs/cross_path_random_grapha2_sel42_43_train42_43_20260917/runs/pathmnist/graph_a2/ratio_0.02/selection_seed_43/train_seed_43/aug_0/final.pt,f01efcaac031f7bae0146416ab7336a1ffeffd3f98d3ba38fd8bfc041a90de12,0.027673334180855713,0.09026128266033254,stain_deposit,pathmnist,0.05366611520352472,415,graph_a2,9,7180,1791,0.6223967310367469,0.02,0.8602391629297459,1.0,0.7138643067846607,0.9100946372239748,0.9333333333333333,0.6925675675675675,0.7813765182186235,0.24465558194774348,0.8507704785077048,0.08739554317548746,5744,43,f3aa0e0dd514a3dc197d0332104bf88780a6b9c3e4ee87d1ceff957d1bfc6d3d,3,43,0.24465558194774348
0.8104456824512535,0,0.05068504405208225,0.7611053854050008,0.28163513880942065,199,/mnt/prj01/hgrp-1502-5TB/xuxiaoyu/reliability_medmnistc_ab/formal_runs/cross_path_random_grapha2_sel42_43_train42_43_20260917/runs/pathmnist/graph_a2/ratio_0.02/selection_seed_43/train_seed_43/aug_0/final.pt,f01efcaac031f7bae0146416ab7336a1ffeffd3f98d3ba38fd8bfc041a90de12,0.04289034727733876,0.1306413301662708,stain_deposit,pathmnist,0.06002625596390461,462,graph_a2,9,7180,1791,0.6749255038139437,0.02,0.8505231689088192,1.0,0.7227138643067846,0.8785488958990536,0.9391304347826087,0.6858108108108109,0.7449392712550608,0.2042755344418052,0.8240064882400648,0.1028899721448468,5744,43,f3aa0e0dd514a3dc197d0332104bf88780a6b9c3e4ee87d1ceff957d1bfc6d3d,4,43,0.2042755344418052
0.792200557103064,0,0.0574083602318225,0.7371233108190736,0.3003884075696709,199,/mnt/prj01/hgrp-1502-5TB/xuxiaoyu/reliability_medmnistc_ab/formal_runs/cross_path_random_grapha2_sel42_43_train42_43_20260917/runs/pathmnist/graph_a2/ratio_0.02/selection_seed_43/train_seed_43/aug_0/final.pt,f01efcaac031f7bae0146416ab7336a1ffeffd3f98d3ba38fd8bfc041a90de12,0.06687242186326603,0.19002375296912113,stain_deposit,pathmnist,0.049031790933237104,378,graph_a2,9,7180,1791,0.7138897764219845,0.02,0.8490284005979073,1.0,0.7050147492625368,0.831230283911672,0.9314009661835749,0.668918918918919,0.6828609986504723,0.14489311163895488,0.8207623682076237,0.11646935933147633,5744,43,f3aa0e0dd514a3dc197d0332104bf88780a6b9c3e4ee87d1ceff957d1bfc6d3d,5,43,0.14489311163895488
0.9025069637883009,0,0.016984982568375433,0.8792377579009398,0.14365148132263986,499,/mnt/prj01/hgrp-1502-5TB/xuxiaoyu/reliability_medmnistc_ab/formal_runs/cross_path_random_grapha2_sel42_43_train42_43_20260917/runs/pathmnist/graph_a2/ratio_0.05/selection_seed_42/train_seed_42/aug_0/final.pt,ae786b16b0a0e23dd6c8dd3ba073a0665bcf77192b9a6df86fa690938de4639a,,,clean,pathmnist,0.022004327476854817,228,graph_a2,9,7180,4491,0.3177401152856954,0.05,0.874439461883408,1.0,0.9557522123893806,0.9921135646687698,0.9468599033816425,0.8547297297297297,0.9568151147098516,0.40380047505938244,0.9286293592862936,0.024721448467966575,5744,42,c0f91b1658fab2334202cdfe2537137f097fa882010ba77146239e93fdaa4b90,0,42,0.40380047505938244
0.6186629526462396,0,0.17298346451311888,0.5542394791893668,0.5871318962400138,499,/mnt/prj01/hgrp-1502-5TB/xuxiaoyu/reliability_medmnistc_ab/formal_runs/cross_path_random_grapha2_sel42_43_train42_43_20260917/runs/pathmnist/graph_a2/ratio_0.05/selection_seed_42/train_seed_42/aug_0/final.pt,ae786b16b0a0e23dd6c8dd3ba073a0665bcf77192b9a6df86fa690938de4639a,0.32499827871157305,0.32066508313539194,brightness_down,pathmnist,0.20192904844880105,1170,graph_a2,9,7180,4491,1.4809836431398316,0.05,1.0,1.0,0.504424778761062,0.8517350157728707,0.43091787439613527,0.12331081081081081,0.47638326585695007,0.0831353919239905,0.5182481751824818,0.3199860724233983,5744,42,c0f91b1658fab2334202cdfe2537137f097fa882010ba77146239e93fdaa4b90,1,42,0.0831353919239905
0.4479108635097493,0,0.2577641066390065,0.39666842934066904,0.8368064452523569,499,/mnt/prj01/hgrp-1502-5TB/xuxiaoyu/reliability_medmnistc_ab/formal_runs/cross_path_random_grapha2_sel42_43_train42_43_20260917/runs/pathmnist/graph_a2/ratio_0.05/selection_seed_42/train_seed_42/aug_0/final.pt,ae786b16b0a0e23dd6c8dd3ba073a0665bcf77192b9a6df86fa690938de4639a,0.4825693285602708,0.39667458432304037,brightness_down,pathmnist,0.35629221886022844,1728,graph_a2,9,7180,4491,2.195597892862644,0.05,1.0,1.0,0.49852507374631266,0.5709779179810726,0.03768115942028986,0.02533783783783784,0.17813765182186234,0.007125890736342043,0.2522303325223033,0.48729108635097496,5744,42,c0f91b1658fab2334202cdfe2537137f097fa882010ba77146239e93fdaa4b90,2,42,0.007125890736342043
0.3692200557103064,0,0.30069998197824194,0.32086804554300924,0.9908852483364743,499,/mnt/prj01/hgrp-1502-5TB/xuxiaoyu/reliability_medmnistc_ab/formal_runs/cross_path_random_grapha2_sel42_43_train42_43_20260917/runs/pathmnist/graph_a2/ratio_0.05/selection_seed_42/train_seed_42/aug_0/final.pt,ae786b16b0a0e23dd6c8dd3ba073a0665bcf77192b9a6df86fa690938de4639a,0.5583697123579305,0.40380047505938244,brightness_down,pathmnist,0.442750952176978,2094,graph_a2,9,7180,4491,2.8257296800097533,0.05,1.0,1.0,0.49852507374631266,0.24921135646687698,0.001932367149758454,0.02195945945945946,0.03913630229419703,0.0,0.0770478507704785,0.5670264623955432,5744,42,c0f91b1658fab2334202cdfe2537137f097fa882010ba77146239e93fdaa4b90,3,42,0.0
0.3363509749303621,0,0.31977923527556346,0.28689344565086206,1.0698378303132041,499,/mnt/prj01/hgrp-1502-5TB/xuxiaoyu/reliability_medmnistc_ab/formal_runs/cross_path_random_grapha2_sel42_43_train42_43_20260917/runs/pathmnist/graph_a2/ratio_0.05/selection_seed_42/train_seed_42/aug_0/final.pt,ae786b16b0a0e23dd6c8dd3ba073a0665bcf77192b9a6df86fa690938de4639a,0.5923443122500778,0.40380047505938244,brightness_down,pathmnist,0.49661697178747,2404,graph_a2,9,7180,4491,3.261600298021179,0.05,1.0,1.0,0.49852507374631266,0.055205047318611984,0.0,0.011824324324324325,0.002699055330634278,0.0,0.013787510137875101,0.586525069637883,5744,42,c0f91b1658fab2334202cdfe2537137f097fa882010ba77146239e93fdaa4b90,4,42,0.0
0.3295264623955432,0,0.3392948116048736,0.27958396786598033,1.124804974533325,499,/mnt/prj01/hgrp-1502-5TB/xuxiaoyu/reliability_medmnistc_ab/formal_runs/cross_path_random_grapha2_sel42_43_train42_43_20260917/runs/pathmnist/graph_a2/ratio_0.05/selection_seed_42/train_seed_42/aug_0/final.pt,ae786b16b0a0e23dd6c8dd3ba073a0665bcf77192b9a6df86fa690938de4639a,0.5996537900349594,0.40380047505938244,brightness_down,pathmnist,0.5315196053189819,2804,graph_a2,9,7180,4491,3.6119526918203673,0.05,1.0,1.0,0.49852507374631266,0.011041009463722398,0.0,0.005067567567567568,0.0,0.0,0.0016220600162206002,0.5894846796657381,5744,42,c0f91b1658fab2334202cdfe2537137f097fa882010ba77146239e93fdaa4b90,5,42,0.0
0.5731197771587744,0,0.21903747767759607,0.6004799863814082,0.6276765385096736,499,/mnt/prj01/hgrp-1502-5TB/xuxiaoyu/reliability_medmnistc_ab/formal_runs/cross_path_random_grapha2_sel42_43_train42_43_20260917/runs/pathmnist/graph_a2/ratio_0.05/selection_seed_42/train_seed_42/aug_0/final.pt,ae786b16b0a0e23dd6c8dd3ba073a0665bcf77192b9a6df86fa690938de4639a,0.2787577715195316,0.24909195488001024,brightness_up,pathmnist,0.2193679378495077,1106,graph_a2,9,7180,4491,1.53547162722367,0.05,0.1547085201793722,1.0,0.8643067846607669,0.3391167192429022,0.6280193236714976,0.8986486486486487,0.6059379217273954,0.2517814726840855,0.6618004866180048,0.35236768802228413,5744,42,c0f91b1658fab2334202cdfe2537137f097fa882010ba77146239e93fdaa4b90,1,42,0.1547085201793722
0.3511142061281337,0,0.4659698662045223,0.39629588691526774,1.0207830374255689,499,/mnt/prj01/hgrp-1502-5TB/xuxiaoyu/reliability_medmnistc_ab/formal_runs/cross_path_random_grapha2_sel42_43_train42_43_20260917/runs/pathmnist/graph_a2/ratio_0.05/selection_seed_42/train_seed_42/aug_0/final.pt,ae786b16b0a0e23dd6c8dd3ba073a0665bcf77192b9a6df86fa690938de4639a,0.4829418709856721,0.3691001596019692,brightness_up,pathmnist,0.4437689932815544,2313,graph_a2,9,7180,4491,2.7758412348518515,0.05,0.06801195814648729,1.0,0.6784660766961652,0.03470031545741325,0.21545893719806763,0.8918918918918919,0.22267206477732793,0.18052256532066507,0.2749391727493917,0.6155988857938719,5744,42,c0f91b1658fab2334202cdfe2537137f097fa882010ba77146239e93fdaa4b90,2,42,0.03470031545741325
0.24554317548746518,0,0.5949427650867684,0.29852097166124686,1.2285149229324177,499,/mnt/prj01/hgrp-1502-5TB/xuxiaoyu/reliability_medmnistc_ab/formal_runs/cross_path_random_grapha2_sel42_43_train42_43_20260917/runs/pathmnist/graph_a2/ratio_0.05/selection_seed_42/train_seed_42/aug_0/final.pt,ae786b16b0a0e23dd6c8dd3ba073a0665bcf77192b9a6df86fa690938de4639a,0.5807167862396929,0.4022231879931364,brightness_up,pathmnist,0.5677815769085645,2968,graph_a2,9,7180,4491,3.7075305135820678,0.05,0.01569506726457399,1.0,0.5250737463126843,0.0015772870662460567,0.022222222222222223,0.8682432432432432,0.06072874493927125,0.12826603325415678,0.064882400648824,0.7181406685236769,5744,42,c0f91b1658fab2334202cdfe2537137f097fa882010ba77146239e93fdaa4b90,3,42,0.0015772870662460567
0.22952646239554317,0,0.6211221190722536,0.28192412124505434,1.2765247639992956,499,/mnt/prj01/hgrp-1502-5TB/xuxiaoyu/reliability_medmnistc_ab/formal_runs/cross_path_random_grapha2_sel42_43_train42_43_20260917/runs/pathmnist/graph_a2/ratio_0.05/selection_seed_42/train_seed_42/aug_0/final.pt,ae786b16b0a0e23dd6c8dd3ba073a0665bcf77192b9a6df86fa690938de4639a,0.5973136366558855,0.40380047505938244,brightness_up,pathmnist,0.5935338492969615,3162,graph_a2,9,7180,4491,3.985198443328322,0.05,0.0014947683109118087,1.0,0.4896755162241888,0.0,0.007729468599033816,0.8581081081081081,0.033738191632928474,0.10926365795724466,0.0373073803730738,0.7336350974930362,5744,42,c0f91b1658fab2334202cdfe2537137f097fa882010ba77146239e93fdaa4b90,4,42,0.0
0.21532033426183844,0,0.6458752496673509,0.2633082037106929,1.3174309200128285,499,/mnt/prj01/hgrp-1502-5TB/xuxiaoyu/reliability_medmnistc_ab/formal_runs/cross_path_random_grapha2_sel42_43_train42_43_20260917/runs/pathmnist/graph_a2/ratio_0.05/selection_seed_42/train_seed_42/aug_0/final.pt,ae786b16b0a0e23dd6c8dd3ba073a0665bcf77192b9a6df86fa690938de4639a,0.615929554190247,0.40380047505938244,brightness_up,pathmnist,0.6157236828860466,3304,graph_a2,9,7180,4491,4.289277535256911,0.05,0.0,1.0,0.4306784660766962,0.0,0.002898550724637681,0.8361486486486487,0.01349527665317139,0.07600950118764846,0.010543390105433901,0.7446030640668524,5744,42,c0f91b1658fab2334202cdfe2537137f097fa882010ba77146239e93fdaa4b90,5,42,0.0
0.8821727019498607,0,0.021933012523315292,0.8647972315239689,0.17208302988833776,499,/mnt/prj01/hgrp-1502-5TB/xuxiaoyu/reliability_medmnistc_ab/formal_runs/cross_path_random_grapha2_sel42_43_train42_43_20260917/runs/pathmnist/graph_a2/ratio_0.05/selection_seed_42/train_seed_42/aug_0/final.pt,ae786b16b0a0e23dd6c8dd3ba073a0665bcf77192b9a6df86fa690938de4639a,0.014440526376970908,-0.05938242280285033,bubble,pathmnist,0.02877467762377934,284,graph_a2,9,7180,4491,0.36113525362075904,0.05,0.8692077727952168,1.0,0.9498525073746312,0.9905362776025236,0.9507246376811594,0.7618243243243243,0.9608636977058029,0.46318289786223277,0.8369829683698297,0.04004178272980501,5744,42,c0f91b1658fab2334202cdfe2537137f097fa882010ba77146239e93fdaa4b90,1,42,0.46318289786223277
0.8671309192200557,0,0.027869406432594786,0.8515362373698135,0.19324595122898378,499,/mnt/prj01/hgrp-1502-5TB/xuxiaoyu/reliability_medmnistc_ab/formal_runs/cross_path_random_grapha2_sel42_43_train42_43_20260917/runs/pathmnist/graph_a2/ratio_0.05/selection_seed_42/train_seed_42/aug_0/final.pt,ae786b16b0a0e23dd6c8dd3ba073a0665bcf77192b9a6df86fa690938de4639a,0.02770152053112629,-0.03800475059382419,bubble,pathmnist,0.03646124444258579,332,graph_a2,9,7180,4491,0.40160261015517174,0.05,0.8579970104633782,1.0,0.9292035398230089,0.9842271293375394,0.9545893719806763,0.7584459459459459,0.9622132253711201,0.4418052256532066,0.7753446877534469,0.05344707520891365,5744,42,c0f91b1658fab2334202cdfe2537137f097fa882010ba77146239e93fdaa4b90,2,42,0.4418052256532066
0.8626740947075209,0,0.030089718917411797,0.8506760764368007,0.20082325208340598,499,/mnt/prj01/hgrp-1502-5TB/xuxiaoyu/reliability_medmnistc_ab/formal_runs/cross_path_random_grapha2_sel42_43_train42_43_20260917/runs/pathmnist/graph_a2/ratio_0.05/selection_seed_42/train_seed_42/aug_0/final.pt,ae786b16b0a0e23dd6c8dd3ba073a0665bcf77192b9a6df86fa690938de4639a,0.028561681464139177,-0.045130641330166255,bubble,pathmnist,0.041007706755383094,362,graph_a2,9,7180,4491,0.42011876447725,0.05,0.8505231689088192,1.0,0.9410029498525073,0.9889589905362776,0.9516908212560387,0.7601351351351351,0.9662618083670715,0.4489311163895487,0.748580697485807,0.0584958217270195,5744,42,c0f91b1658fab2334202cdfe2537137f097fa882010ba77146239e93fdaa4b90,3,42,0.4489311163895487
0.8479108635097493,0,0.038596889853738,0.8361711124315412,0.22387693840027412,499,/mnt/prj01/hgrp-1502-5TB/xuxiaoyu/reliability_medmnistc_ab/formal_runs/cross_path_random_grapha2_sel42_43_train42_43_20260917/runs/pathmnist/graph_a2/ratio_0.05/selection_seed_42/train_seed_42/aug_0/final.pt,ae786b16b0a0e23dd6c8dd3ba073a0665bcf77192b9a6df86fa690938de4639a,0.043066645469398646,-0.026128266033254133,bubble,pathmnist,0.04373663066157393,407,graph_a2,9,7180,4491,0.4687672913118427,0.05,0.8430493273542601,1.0,0.9351032448377581,0.9826498422712934,0.9536231884057971,0.7128378378378378,0.9635627530364372,0.42992874109263657,0.7047850770478508,0.07381615598885793,5744,42,c0f91b1658fab2334202cdfe2537137f097fa882010ba77146239e93fdaa4b90,4,42,0.42992874109263657
0.83008356545961,0,0.04590073354367476,0.8210953610599794,0.24986662318128802,499,/mnt/prj01/hgrp-1502-5TB/xuxiaoyu/reliability_medmnistc_ab/formal_runs/cross_path_random_grapha2_sel42_43_train42_43_20260917/runs/pathmnist/graph_a2/ratio_0.05/selection_seed_42/train_seed_42/aug_0/final.pt,ae786b16b0a0e23dd6c8dd3ba073a0665bcf77192b9a6df86fa690938de4639a,0.05814239684096045,-0.0166270783847981,bubble,pathmnist,0.05179203388833736,448,graph_a2,9,7180,4491,0.5199587833324332,0.05,0.8221225710014948,0.9976387249114522,0.9174041297935103,0.9842271293375394,0.9536231884057971,0.6858108108108109,0.9622132253711201,0.42042755344418054,0.6463909164639091,0.09139972144846796,5744,42,c0f91b1658fab2334202cdfe2537137f097fa882010ba77146239e93fdaa4b90,5,42,0.42042755344418054
0.7827298050139275,0,0.07099104482788166,0.7327707142972452,0.3271133529141753,499,/mnt/prj01/hgrp-1502-5TB/xuxiaoyu/reliability_medmnistc_ab/formal_runs/cross_path_random_grapha2_sel42_43_train42_43_20260917/runs/pathmnist/graph_a2/ratio_0.05/selection_seed_42/train_seed_42/aug_0/final.pt,ae786b16b0a0e23dd6c8dd3ba073a0665bcf77192b9a6df86fa690938de4639a,0.14646704360369467,0.16627078384798102,contrast_down,pathmnist,0.07751718911038803,594,graph_a2,9,7180,4491,0.7432174593188057,0.05,0.796711509715994,1.0,0.6578171091445427,0.998422712933754,0.8840579710144928,0.46790540540540543,0.7219973009446694,0.2375296912114014,0.8304947283049473,0.14084261838440112,5744,42,c0f91b1658fab2334202cdfe2537137f097fa882010ba77146239e93fdaa4b90,1,42,0.2375296912114014
0.5635097493036212,0,0.22215061625563148,0.5241586162031547,0.6369990452579286,499,/mnt/prj01/hgrp-1502-5TB/xuxiaoyu/reliability_medmnistc_ab/formal_runs/cross_path_random_grapha2_sel42_43_train42_43_20260917/runs/pathmnist/graph_a2/ratio_0.05/selection_seed_42/train_seed_42/aug_0/final.pt,ae786b16b0a0e23dd6c8dd3ba073a0665bcf77192b9a6df86fa690938de4639a,0.3550791416977851,0.3515439429928741,contrast_down,pathmnist,0.2129450206118208,1133,graph_a2,9,7180,4491,1.4990943105737757,0.05,0.7234678624813154,1.0,0.49852507374631266,0.9921135646687698,0.6898550724637681,0.13344594594594594,0.31713900134952766,0.052256532066508314,0.31062449310624496,0.3725626740947075,5744,42,c0f91b1658fab2334202cdfe2537137f097fa882010ba77146239e93fdaa4b90,2,42,0.052256532066508314
0.366991643454039,0,0.39775300435178373,0.3580173973872471,0.9480467677643055,499,/mnt/prj01/hgrp-1502-5TB/xuxiaoyu/reliability_medmnistc_ab/formal_runs/cross_path_random_grapha2_sel42_43_train42_43_20260917/runs/pathmnist/graph_a2/ratio_0.05/selection_seed_42/train_seed_42/aug_0/final.pt,ae786b16b0a0e23dd6c8dd3ba073a0665bcf77192b9a6df86fa690938de4639a,0.5212203605136927,0.40380047505938244,contrast_down,pathmnist,0.3986670794655519,1861,graph_a2,9,7180,4491,2.4663959158130275,0.05,0.5754857997010463,1.0,0.46017699115044247,0.8753943217665615,0.2541062801932367,0.02027027027027027,0.02699055330634278,0.0,0.009732360097323601,0.5767757660167131,5744,42,c0f91b1658fab2334202cdfe2537137f097fa882010ba77146239e93fdaa4b90,3,42,0.0
0.3071030640668524,0,0.4482630267290609,0.301398367931542,1.0613105676879353,499,/mnt/prj01/hgrp-1502-5TB/xuxiaoyu/reliability_medmnistc_ab/formal_runs/cross_path_random_grapha2_sel42_43_train42_43_20260917/runs/pathmnist/graph_a2/ratio_0.05/selection_seed_42/train_seed_42/aug_0/final.pt,ae786b16b0a0e23dd6c8dd3ba073a0665bcf77192b9a6df86fa690938de4639a,0.5778393899693979,0.40380047505938244,contrast_down,pathmnist,0.4738310456006142,2205,graph_a2,9,7180,4491,2.8723113362999624,0.05,0.515695067264574,1.0,0.4218289085545723,0.6845425867507886,0.08309178743961353,0.0033783783783783786,0.004048582995951417,0.0,0.0,0.6436281337047354,5744,42,c0f91b1658fab2334202cdfe2537137f097fa882010ba77146239e93fdaa4b90,4,42,0.0
0.2731197771587744,0,0.4931596260668342,0.2622808158731007,1.1470817177522281,499,/mnt/prj01/hgrp-1502-5TB/xuxiaoyu/reliability_medmnistc_ab/formal_runs/cross_path_random_grapha2_sel42_43_train42_43_20260917/runs/pathmnist/graph_a2/ratio_0.05/selection_seed_42/train_seed_42/aug_0/final.pt,ae786b16b0a0e23dd6c8dd3ba073a0665bcf77192b9a6df86fa690938de4639a,0.6169569420278391,0.40380047505938244,contrast_down,pathmnist,0.5269222522844511,2609,graph_a2,9,7180,4491,3.2388557501587134,0.05,0.4618834080717489,1.0,0.26548672566371684,0.6198738170347003,0.011594202898550725,0.0016891891891891893,0.0,0.0,0.0,0.6821030640668524,5744,42,c0f91b1658fab2334202cdfe2537137f097fa882010ba77146239e93fdaa4b90,5,42,0.0
0.8831476323119777,0,0.02989022398536142,0.8624590130984061,0.1738958876207434,499,/mnt/prj01/hgrp-1502-5TB/xuxiaoyu/reliability_medmnistc_ab/formal_runs/cross_path_random_grapha2_sel42_43_train42_43_20260917/runs/pathmnist/graph_a2/ratio_0.05/selection_seed_42/train_seed_42/aug_0/final.pt,ae786b16b0a0e23dd6c8dd3ba073a0665bcf77192b9a6df86fa690938de4639a,0.016778744802533718,-0.002375296912114022,contrast_up,pathmnist,0.022685659153796823,256,graph_a2,9,7180,4491,0.3923346901807507,0.05,0.9080717488789237,1.0,0.9233038348082596,0.9416403785488959,0.9062801932367149,0.902027027027027,0.9392712550607287,0.40617577197149646,0.8353609083536091,0.04178272980501393,5744,42,c0f91b1658fab2334202cdfe2537137f097fa882010ba77146239e93fdaa4b90,1,42,0.40617577197149646
0.7597493036211699,0,0.0972463655079151,0.7438200223605981,0.3616026117516335,499,/mnt/prj01/hgrp-1502-5TB/xuxiaoyu/reliability_medmnistc_ab/formal_runs/cross_path_random_grapha2_sel42_43_train42_43_20260917/runs/pathmnist/graph_a2/ratio_0.05/selection_seed_42/train_seed_42/aug_0/final.pt,ae786b16b0a0e23dd6c8dd3ba073a0665bcf77192b9a6df86fa690938de4639a,0.13541773554034175,0.14251781472684089,contrast_up,pathmnist,0.10187287119769786,710,graph_a2,9,7180,4491,0.8008902827333788,0.05,0.905829596412556,1.0,0.8289085545722714,0.6750788643533123,0.7594202898550725,0.9121621621621622,0.844804318488529,0.26128266033254155,0.5068937550689375,0.16486768802228413,5744,42,c0f91b1658fab2334202cdfe2537137f097fa882010ba77146239e93fdaa4b90,2,42,0.26128266033254155
0.6008356545961003,0,0.22421126315257894,0.5943736002605587,0.624714453692095,499,/mnt/prj01/hgrp-1502-5TB/xuxiaoyu/reliability_medmnistc_ab/formal_runs/cross_path_random_grapha2_sel42_43_train42_43_20260917/runs/pathmnist/graph_a2/ratio_0.05/selection_seed_42/train_seed_42/aug_0/final.pt,ae786b16b0a0e23dd6c8dd3ba073a0665bcf77192b9a6df86fa690938de4639a,0.2848641576403811,0.2850356294536817,contrast_up,pathmnist,0.2296942776229886,1436,graph_a2,9,7180,4491,1.5218888481444452,0.05,0.8834080717488789,1.0,0.6430678466076696,0.5283911671924291,0.46570048309178746,0.9138513513513513,0.6558704453441295,0.1187648456057007,0.14030819140308193,0.3398328690807799,5744,42,c0f91b1658fab2334202cdfe2537137f097fa882010ba77146239e93fdaa4b90,3,42,0.1187648456057007
0.483983286908078,0,0.33355618233804635,0.4801811039573571,0.8215997267548935,499,/mnt/prj01/hgrp-1502-5TB/xuxiaoyu/reliability_medmnistc_ab/formal_runs/cross_path_random_grapha2_sel42_43_train42_43_20260917/runs/pathmnist/graph_a2/ratio_0.05/selection_seed_42/train_seed_42/aug_0/final.pt,ae786b16b0a0e23dd6c8dd3ba073a0665bcf77192b9a6df86fa690938de4639a,0.39905665394358275,0.3908239949296176,contrast_up,pathmnist,0.3377106438959043,1929,graph_a2,9,7180,4491,2.1872113327314433,0.05,0.8385650224215246,1.0,0.5250737463126843,0.3659305993690852,0.20579710144927535,0.9138513513513513,0.4143049932523617,0.04513064133016627,0.012976480129764802,0.4677924791086351,5744,42,c0f91b1658fab2334202cdfe2537137f097fa882010ba77146239e93fdaa4b90,4,42,0.012976480129764802
0.35139275766016714,0,0.5112154454153,0.35249368149742705,1.0465467261934882,499,/mnt/prj01/hgrp-1502-5TB/xuxiaoyu/reliability_medmnistc_ab/formal_runs/cross_path_random_grapha2_sel42_43_train42_43_20260917/runs/pathmnist/graph_a2/ratio_0.05/selection_seed_42/train_seed_42/aug_0/final.pt,ae786b16b0a0e23dd6c8dd3ba073a0665bcf77192b9a6df86fa690938de4639a,0.5267440764035127,0.40380047505938244,contrast_up,pathmnist,0.4517578449795505,2420,graph_a2,9,7180,4491,3.0018371637174557,0.05,0.7227204783258595,0.7992916174734357,0.5250737463126843,0.05362776025236593,0.03671497584541063,0.9054054054054054,0.12010796221322537,0.009501187648456057,0.0,0.6108983286908078,5744,42,c0f91b1658fab2334202cdfe2537137f097fa882010ba77146239e93fdaa4b90,5,42,0.0
0.7243732590529248,0,0.10230880384632501,0.7138704464384369,0.4233334807918276,499,/mnt/prj01/hgrp-1502-5TB/xuxiaoyu/reliability_medmnistc_ab/formal_runs/cross_path_random_grapha2_sel42_43_train42_43_20260917/runs/pathmnist/graph_a2/ratio_0.05/selection_seed_42/train_seed_42/aug_0/final.pt,ae786b16b0a0e23dd6c8dd3ba073a0665bcf77192b9a6df86fa690938de4639a,0.16536731146250294,0.2399491237080311,defocus_blur,pathmnist,0.14329634155445112,949,graph_a2,9,7180,4491,0.9371318111738733,0.05,0.9207772795216741,1.0,0.8643067846607669,0.9968454258675079,0.5391304347826087,0.16385135135135134,0.9473684210526315,0.47268408551068886,0.5198702351987023,0.20543175487465182,5744,42,c0f91b1658fab2334202cdfe2537137f097fa882010ba77146239e93fdaa4b90,1,42,0.16385135135135134
0.6362116991643454,0,0.18115316726197705,0.6306899056749773,0.5734478502962692,499,/mnt/prj01/hgrp-1502-5TB/xuxiaoyu/reliability_medmnistc_ab/formal_runs/cross_path_random_grapha2_sel42_43_train42_43_20260917/runs/pathmnist/graph_a2/ratio_0.05/selection_seed_42/train_seed_42/aug_0/final.pt,ae786b16b0a0e23dd6c8dd3ba073a0665bcf77192b9a6df86fa690938de4639a,0.24854785222596254,0.30751669127559866,defocus_blur,pathmnist,0.22209571421893526,1379,graph_a2,9,7180,4491,1.4200748831903343,0.05,0.9275037369207773,1.0,0.7669616519174042,0.9779179810725552,0.16618357487922705,0.09628378378378379,0.9541160593792173,0.37767220902612825,0.4095701540957015,0.3008356545961003,5744,42,c0f91b1658fab2334202cdfe2537137f097fa882010ba77146239e93fdaa4b90,2,42,0.09628378378378379
0.5632311977715877,0,0.2948498882455989,0.541110857250707,0.7074413405763822,499,/mnt/prj01/hgrp-1502-5TB/xuxiaoyu/reliability_medmnistc_ab/formal_runs/cross_path_random_grapha2_sel42_43_train42_43_20260917/runs/pathmnist/graph_a2/ratio_0.05/selection_seed_42/train_seed_42/aug_0/final.pt,ae786b16b0a0e23dd6c8dd3ba073a0665bcf77192b9a6df86fa690938de4639a,0.3381269006502329,0.3545251127405419,defocus_blur,pathmnist,0.2898971911509389,1801,graph_a2,9,7180,4491,1.9629497416578283,0.05,0.9431988041853513,1.0,0.49557522123893805,0.7965299684542587,0.04927536231884058,0.07094594594594594,0.9568151147098516,0.28028503562945367,0.2773722627737226,0.3786559888579387,5744,42,c0f91b1658fab2334202cdfe2537137f097fa882010ba77146239e93fdaa4b90,3,42,0.04927536231884058
0.4905292479108635,0,0.3877894527934761,0.44423590479162345,0.8458001735704812,499,/mnt/prj01/hgrp-1502-5TB/xuxiaoyu/reliability_medmnistc_ab/formal_runs/cross_path_random_grapha2_sel42_43_train42_43_20260917/runs/pathmnist/graph_a2/ratio_0.05/selection_seed_42/train_seed_42/aug_0/final.pt,ae786b16b0a0e23dd6c8dd3ba073a0665bcf77192b9a6df86fa690938de4639a,0.4350018531093164,0.3960710064603486,defocus_blur,pathmnist,0.36718939903469805,2250,graph_a2,9,7180,4491,2.4973781369301578,0.05,0.9551569506726457,1.0,0.2713864306784661,0.49842271293375395,0.007729468599033816,0.048986486486486486,0.9136302294197031,0.12114014251781473,0.1816707218167072,0.45873955431754876,5744,42,c0f91b1658fab2334202cdfe2537137f097fa882010ba77146239e93fdaa4b90,4,42,0.007729468599033816
0.42256267409470755,0,0.4665808878361159,0.3605339934282295,0.9847195442729121,499,/mnt/prj01/hgrp-1502-5TB/xuxiaoyu/reliability_medmnistc_ab/formal_runs/cross_path_random_grapha2_sel42_43_train42_43_20260917/runs/pathmnist/graph_a2/ratio_0.05/selection_seed_42/train_seed_42/aug_0/final.pt,ae786b16b0a0e23dd6c8dd3ba073a0665bcf77192b9a6df86fa690938de4639a,0.5187037644727104,0.40090192433474475,defocus_blur,pathmnist,0.44033924840120886,2741,graph_a2,9,7180,4491,3.098508972362038,0.05,0.9693572496263079,1.0,0.1887905604719764,0.15772870662460567,0.002898550724637681,0.03209459459459459,0.7584345479082322,0.030878859857482184,0.10462287104622871,0.5403899721448467,5744,42,c0f91b1658fab2334202cdfe2537137f097fa882010ba77146239e93fdaa4b90,5,42,0.002898550724637681
0.8947075208913648,0,0.01847667475866717,0.8667793535397339,0.15081056952203564,499,/mnt/prj01/hgrp-1502-5TB/xuxiaoyu/reliability_medmnistc_ab/formal_runs/cross_path_random_grapha2_sel42_43_train42_43_20260917/runs/pathmnist/graph_a2/ratio_0.05/selection_seed_42/train_seed_42/aug_0/final.pt,ae786b16b0a0e23dd6c8dd3ba073a0665bcf77192b9a6df86fa690938de4639a,0.012458404361205933,-0.019002375296912122,jpeg_compression,pathmnist,0.019243877955964047,207,graph_a2,9,7180,4491,0.3287429816258139,0.05,0.8774289985052317,1.0,0.9203539823008849,0.9889589905362776,0.9642512077294686,0.7601351351351351,0.9433198380566802,0.42280285035629456,0.9237631792376317,0.02663649025069638,5744,42,c0f91b1658fab2334202cdfe2537137f097fa882010ba77146239e93fdaa4b90,1,42,0.42280285035629456
0.9064066852367688,0,0.01812849391910535,0.8728179078942455,0.14018072637226608,499,/mnt/prj01/hgrp-1502-5TB/xuxiaoyu/reliability_medmnistc_ab/formal_runs/cross_path_random_grapha2_sel42_43_train42_43_20260917/runs/pathmnist/graph_a2/ratio_0.05/selection_seed_42/train_seed_42/aug_0/final.pt,ae786b16b0a0e23dd6c8dd3ba073a0665bcf77192b9a6df86fa690938de4639a,0.0064198500066943165,-0.05463182897862229,jpeg_compression,pathmnist,0.013580958308615746,196,graph_a2,9,7180,4491,0.3130353667424923,0.05,0.9566517189835575,1.0,0.911504424778761,0.9936908517350158,0.9719806763285024,0.7111486486486487,0.9379217273954116,0.4584323040380047,0.9140308191403081,0.025940111420612814,5744,42,c0f91b1658fab2334202cdfe2537137f097fa882010ba77146239e93fdaa4b90,2,42,0.4584323040380047
0.7816155988857939,0,0.07499132175018358,0.7718689894013224,0.3337101931071662,499,/mnt/prj01/hgrp-1502-5TB/xuxiaoyu/reliability_medmnistc_ab/formal_runs/cross_path_random_grapha2_sel42_43_train42_43_20260917/runs/pathmnist/graph_a2/ratio_0.05/selection_seed_42/train_seed_42/aug_0/final.pt,ae786b16b0a0e23dd6c8dd3ba073a0665bcf77192b9a6df86fa690938de4639a,0.1073687684996174,-0.011876484560570055,jpeg_compression,pathmnist,0.09647999092272397,725,graph_a2,9,7180,4491,0.7208213354996789,0.05,0.4618834080717489,1.0,0.7964601769911505,0.9921135646687698,0.966183574879227,0.5675675675675675,0.8475033738191633,0.4156769596199525,0.8994322789943228,0.1451949860724234,5744,42,c0f91b1658fab2334202cdfe2537137f097fa882010ba77146239e93fdaa4b90,3,42,0.4156769596199525
0.6838440111420613,0,0.14288464905689724,0.6741018851382466,0.4888398362591891,499,/mnt/prj01/hgrp-1502-5TB/xuxiaoyu/reliability_medmnistc_ab/formal_runs/cross_path_random_grapha2_sel42_43_train42_43_20260917/runs/pathmnist/graph_a2/ratio_0.05/selection_seed_42/train_seed_42/aug_0/final.pt,ae786b16b0a0e23dd6c8dd3ba073a0665bcf77192b9a6df86fa690938de4639a,0.20513587276269318,0.2064910580190237,jpeg_compression,pathmnist,0.1703992051417449,1166,graph_a2,9,7180,4491,1.0730640360762556,0.05,0.19730941704035873,1.0,0.5752212389380531,0.9842271293375394,0.9545893719806763,0.4375,0.7827260458839406,0.30403800475059384,0.8313057583130575,0.2522632311977716,5744,42,c0f91b1658fab2334202cdfe2537137f097fa882010ba77146239e93fdaa4b90,4,42,0.19730941704035873
0.6416434540389973,0,0.19229234241783835,0.6352894582888605,0.569714977869451,499,/mnt/prj01/hgrp-1502-5TB/xuxiaoyu/reliability_medmnistc_ab/formal_runs/cross_path_random_grapha2_sel42_43_train42_43_20260917/runs/pathmnist/graph_a2/ratio_0.05/selection_seed_42/train_seed_42/aug_0/final.pt,ae786b16b0a0e23dd6c8dd3ba073a0665bcf77192b9a6df86fa690938de4639a,0.2439482996120793,0.26927132707731966,jpeg_compression,pathmnist,0.21389046596949482,1468,graph_a2,9,7180,4491,1.3135717099420012,0.05,0.13452914798206278,1.0,0.551622418879056,0.9069400630914827,0.9024154589371981,0.17398648648648649,0.7719298245614035,0.4489311163895487,0.8272506082725061,0.3025766016713092,5744,42,c0f91b1658fab2334202cdfe2537137f097fa882010ba77146239e93fdaa4b90,5,42,0.13452914798206278
0.754874651810585,0,0.09143574139083598,0.7314288248522369,0.37590683553084664,499,/mnt/prj01/hgrp-1502-5TB/xuxiaoyu/reliability_medmnistc_ab/formal_runs/cross_path_random_grapha2_sel42_43_train42_43_20260917/runs/pathmnist/graph_a2/ratio_0.05/selection_seed_42/train_seed_42/aug_0/final.pt,ae786b16b0a0e23dd6c8dd3ba073a0665bcf77192b9a6df86fa690938de4639a,0.1478089330487029,0.06089506965397701,motion_blur,pathmnist,0.1186547944950028,826,graph_a2,9,7180,4491,0.8535385750662403,0.05,0.9103139013452914,1.0,0.7079646017699115,0.9858044164037855,0.5400966183574879,0.34290540540540543,0.97165991902834,0.4655581947743468,0.6585563665855637,0.1751392757660167,5744,42,c0f91b1658fab2334202cdfe2537137f097fa882010ba77146239e93fdaa4b90,1,42,0.34290540540540543
0.7483286908077994,0,0.10050972124581131,0.7243417163581195,0.38600066287081986,499,/mnt/prj01/hgrp-1502-5TB/xuxiaoyu/reliability_medmnistc_ab/formal_runs/cross_path_random_grapha2_sel42_43_train42_43_20260917/runs/pathmnist/graph_a2/ratio_0.05/selection_seed_42/train_seed_42/aug_0/final.pt,ae786b16b0a0e23dd6c8dd3ba073a0665bcf77192b9a6df86fa690938de4639a,0.15489604154282033,0.07440858316749055,motion_blur,pathmnist,0.12136819354338899,851,graph_a2,9,7180,4491,0.8906281594004952,0.05,0.9162929745889388,1.0,0.7109144542772862,0.9684542586750788,0.506280193236715,0.3293918918918919,0.9595141700404858,0.46318289786223277,0.6650446066504461,0.17931754874651812,5744,42,c0f91b1658fab2334202cdfe2537137f097fa882010ba77146239e93fdaa4b90,2,42,0.3293918918918919
0.7532033426183844,0,0.09715994517149985,0.7295947397663061,0.3825094910384963,499,/mnt/prj01/hgrp-1502-5TB/xuxiaoyu/reliability_medmnistc_ab/formal_runs/cross_path_random_grapha2_sel42_43_train42_43_20260917/runs/pathmnist/graph_a2/ratio_0.05/selection_seed_42/train_seed_42/aug_0/final.pt,ae786b16b0a0e23dd6c8dd3ba073a0665bcf77192b9a6df86fa690938de4639a,0.14964301813463377,0.0642734480323554,motion_blur,pathmnist,0.11763699653669984,835,graph_a2,9,7180,4491,0.883538865794561,0.05,0.9162929745889388,1.0,0.7197640117994101,0.9779179810725552,0.5198067632850242,0.33952702702702703,0.9527665317139001,0.4679334916864608,0.6723438767234388,0.17844707520891365,5744,42,c0f91b1658fab2334202cdfe2537137f097fa882010ba77146239e93fdaa4b90,3,42,0.33952702702702703
0.6366295264623956,0,0.22599086140905864,0.6059650924929182,0.5730948324792988,499,/mnt/prj01/hgrp-1502-5TB/xuxiaoyu/reliability_medmnistc_ab/formal_runs/cross_path_random_grapha2_sel42_43_train42_43_20260917/runs/pathmnist/graph_a2/ratio_0.05/selection_seed_42/train_seed_42/aug_0/final.pt,ae786b16b0a0e23dd6c8dd3ba073a0665bcf77192b9a6df86fa690938de4639a,0.27327266540802164,0.17481496781300562,motion_blur,pathmnist,0.20386969925508858,1327,graph_a2,9,7180,4491,1.4591872843908564,0.05,0.9431988041853513,1.0,0.5457227138643068,0.7113564668769716,0.2289855072463768,0.2668918918918919,0.9001349527665317,0.36104513064133015,0.49635036496350365,0.30536211699164345,5744,42,c0f91b1658fab2334202cdfe2537137f097fa882010ba77146239e93fdaa4b90,4,42,0.2289855072463768
0.471866295264624,0,0.38721784399288867,0.42513911639928526,0.8457260098587271,499,/mnt/prj01/hgrp-1502-5TB/xuxiaoyu/reliability_medmnistc_ab/formal_runs/cross_path_random_grapha2_sel42_43_train42_43_20260917/runs/pathmnist/graph_a2/ratio_0.05/selection_seed_42/train_seed_42/aug_0/final.pt,ae786b16b0a0e23dd6c8dd3ba073a0665bcf77192b9a6df86fa690938de4639a,0.4540986415016546,0.2984864653975467,motion_blur,pathmnist,0.3520091148285315,2121,graph_a2,9,7180,4491,2.3414711470692247,0.05,0.9603886397608371,1.0,0.39823008849557523,0.14195583596214512,0.10531400966183575,0.19763513513513514,0.6720647773279352,0.1543942992874109,0.19626926196269262,0.48259052924791085,5744,42,c0f91b1658fab2334202cdfe2537137f097fa882010ba77146239e93fdaa4b90,5,42,0.10531400966183575
0.8977715877437326,0,0.01767466448977541,0.8771707972213856,0.14704604252501038,499,/mnt/prj01/hgrp-1502-5TB/xuxiaoyu/reliability_medmnistc_ab/formal_runs/cross_path_random_grapha2_sel42_43_train42_43_20260917/runs/pathmnist/graph_a2/ratio_0.05/selection_seed_42/train_seed_42/aug_0/final.pt,ae786b16b0a0e23dd6c8dd3ba073a0665bcf77192b9a6df86fa690938de4639a,0.0020669606795542528,-0.04275534441805223,pixelate,pathmnist,0.02253981141741895,220,graph_a2,9,7180,4491,0.3224588595430073,0.05,0.8699551569506726,1.0,0.9528023598820059,0.9968454258675079,0.9400966183574879,0.8209459459459459,0.9541160593792173,0.44655581947743467,0.9132197891321979,0.02559192200557103,5744,42,c0f91b1658fab2334202cdfe2537137f097fa882010ba77146239e93fdaa4b90,1,42,0.44655581947743467
0.8910863509749304,0,0.01974146439763999,0.8712814798418802,0.1559802975997774,499,/mnt/prj01/hgrp-1502-5TB/xuxiaoyu/reliability_medmnistc_ab/formal_runs/cross_path_random_grapha2_sel42_43_train42_43_20260917/runs/pathmnist/graph_a2/ratio_0.05/selection_seed_42/train_seed_42/aug_0/final.pt,ae786b16b0a0e23dd6c8dd3ba073a0665bcf77192b9a6df86fa690938de4639a,0.00795627805905963,-0.06413301662707838,pixelate,pathmnist,0.02475168129693832,227,graph_a2,9,7180,4491,0.3386552816871137,0.05,0.874439461883408,1.0,0.9528023598820059,0.998422712933754,0.9352657004830918,0.768581081081081,0.9527665317139001,0.4679334916864608,0.8913219789132197,0.029596100278551533,5744,42,c0f91b1658fab2334202cdfe2537137f097fa882010ba77146239e93fdaa4b90,2,42,0.4679334916864608
0.870891364902507,0,0.02593574606617783,0.8500864200771925,0.18560294036750935,499,/mnt/prj01/hgrp-1502-5TB/xuxiaoyu/reliability_medmnistc_ab/formal_runs/cross_path_random_grapha2_sel42_43_train42_43_20260917/runs/pathmnist/graph_a2/ratio_0.05/selection_seed_42/train_seed_42/aug_0/final.pt,ae786b16b0a0e23dd6c8dd3ba073a0665bcf77192b9a6df86fa690938de4639a,0.029151337823747347,-0.07600950118764843,pixelate,pathmnist,0.03586605443180772,294,graph_a2,9,7180,4491,0.39500161669908757,0.05,0.882660687593423,1.0,0.9498525073746312,0.9968454258675079,0.9082125603864735,0.625,0.9568151147098516,0.47980997624703087,0.851581508515815,0.045612813370473536,5744,42,c0f91b1658fab2334202cdfe2537137f097fa882010ba77146239e93fdaa4b90,3,42,0.47980997624703087
0.856824512534819,0,0.0325213898458115,0.8297749520920674,0.2111334019615377,499,/mnt/prj01/hgrp-1502-5TB/xuxiaoyu/reliability_medmnistc_ab/formal_runs/cross_path_random_grapha2_sel42_43_train42_43_20260917/runs/pathmnist/graph_a2/ratio_0.05/selection_seed_42/train_seed_42/aug_0/final.pt,ae786b16b0a0e23dd6c8dd3ba073a0665bcf77192b9a6df86fa690938de4639a,0.04946280580887241,-0.06888361045130642,pixelate,pathmnist,0.042114607118132405,356,graph_a2,9,7180,4491,0.44955255570530606,0.05,0.8804185351270553,1.0,0.9203539823008849,0.9936908517350158,0.8830917874396135,0.4966216216216216,0.9500674763832658,0.47268408551068886,0.8710462287104623,0.0625,5744,42,c0f91b1658fab2334202cdfe2537137f097fa882010ba77146239e93fdaa4b90,4,42,0.47268408551068886
0.8313370473537605,0,0.04489738846026667,0.8024165072538014,0.24806804441219252,499,/mnt/prj01/hgrp-1502-5TB/xuxiaoyu/reliability_medmnistc_ab/formal_runs/cross_path_random_grapha2_sel42_43_train42_43_20260917/runs/pathmnist/graph_a2/ratio_0.05/selection_seed_42/train_seed_42/aug_0/final.pt,ae786b16b0a0e23dd6c8dd3ba073a0665bcf77192b9a6df86fa690938de4639a,0.0768212506471384,0.0,pixelate,pathmnist,0.04728926874717962,396,graph_a2,9,7180,4491,0.539125909832545,0.05,0.8393124065769806,1.0,0.9410029498525073,0.9747634069400631,0.8231884057971014,0.4222972972972973,0.9163292847503374,0.40380047505938244,0.9010543390105434,0.08478412256267409,5744,42,c0f91b1658fab2334202cdfe2537137f097fa882010ba77146239e93fdaa4b90,5,42,0.40380047505938244
0.8739554317548747,0,0.033375232430657306,0.8539862454409136,0.1853542985647677,499,/mnt/prj01/hgrp-1502-5TB/xuxiaoyu/reliability_medmnistc_ab/formal_runs/cross_path_random_grapha2_sel42_43_train42_43_20260917/runs/pathmnist/graph_a2/ratio_0.05/selection_seed_42/train_seed_42/aug_0/final.pt,ae786b16b0a0e23dd6c8dd3ba073a0665bcf77192b9a6df86fa690938de4639a,0.025251512460026215,-0.04275534441805223,saturate,pathmnist,0.02701834668937164,298,graph_a2,9,7180,4491,0.4193830938133205,0.05,0.9663677130044843,1.0,0.9174041297935103,0.9037854889589906,0.8096618357487922,0.8766891891891891,0.9568151147098516,0.44655581947743467,0.8085969180859692,0.04874651810584958,5744,42,c0f91b1658fab2334202cdfe2537137f097fa882010ba77146239e93fdaa4b90,1,42,0.44655581947743467
0.6583565459610028,0,0.1786693640216683,0.6671930559627379,0.5224938707621045,499,/mnt/prj01/hgrp-1502-5TB/xuxiaoyu/reliability_medmnistc_ab/formal_runs/cross_path_random_grapha2_sel42_43_train42_43_20260917/runs/pathmnist/graph_a2/ratio_0.05/selection_seed_42/train_seed_42/aug_0/final.pt,ae786b16b0a0e23dd6c8dd3ba073a0665bcf77192b9a6df86fa690938de4639a,0.2120447019382019,0.0997624703087886,saturate,pathmnist,0.17320608005840799,1163,graph_a2,9,7180,4491,1.2031594735354711,0.05,0.8497757847533632,1.0,0.8200589970501475,0.5615141955835962,0.3671497584541063,0.8986486486486487,0.8434547908232118,0.30403800475059384,0.36009732360097324,0.2785515320334262,5744,42,c0f91b1658fab2334202cdfe2537137f097fa882010ba77146239e93fdaa4b90,2,42,0.30403800475059384
0.4337047353760446,0,0.38707324541256943,0.46546314869717037,0.9056919585807346,499,/mnt/prj01/hgrp-1502-5TB/xuxiaoyu/reliability_medmnistc_ab/formal_runs/cross_path_random_grapha2_sel42_43_train42_43_20260917/runs/pathmnist/graph_a2/ratio_0.05/selection_seed_42/train_seed_42/aug_0/final.pt,ae786b16b0a0e23dd6c8dd3ba073a0665bcf77192b9a6df86fa690938de4639a,0.41377460920376946,0.381091634832294,saturate,pathmnist,0.3886564381565888,2234,graph_a2,9,7180,4491,2.4334573980346303,0.05,0.6083707025411061,1.0,0.6312684365781711,0.4274447949526814,0.02705314009661836,0.9054054054054054,0.4291497975708502,0.1377672209026128,0.0227088402270884,0.5193245125348189,5744,42,c0f91b1658fab2334202cdfe2537137f097fa882010ba77146239e93fdaa4b90,3,42,0.0227088402270884
0.29972144846796656,0,0.5176376208582392,0.3442311053073066,1.1362237406217615,499,/mnt/prj01/hgrp-1502-5TB/xuxiaoyu/reliability_medmnistc_ab/formal_runs/cross_path_random_grapha2_sel42_43_train42_43_20260917/runs/pathmnist/graph_a2/ratio_0.05/selection_seed_42/train_seed_42/aug_0/final.pt,ae786b16b0a0e23dd6c8dd3ba073a0665bcf77192b9a6df86fa690938de4639a,0.5350066525936332,0.40380047505938244,saturate,pathmnist,0.5167729591966339,2769,graph_a2,9,7180,4491,3.312495912337446,0.05,0.23692077727952168,1.0,0.5339233038348082,0.2996845425867508,0.003864734299516908,0.9003378378378378,0.08771929824561403,0.035629453681710214,0.0,0.666782729805014,5744,42,c0f91b1658fab2334202cdfe2537137f097fa882010ba77146239e93fdaa4b90,4,42,0.0
0.2201949860724234,0,0.5972679200176197,0.270050085897554,1.2949757915387698,499,/mnt/prj01/hgrp-1502-5TB/xuxiaoyu/reliability_medmnistc_ab/formal_runs/cross_path_random_grapha2_sel42_43_train42_43_20260917/runs/pathmnist/graph_a2/ratio_0.05/selection_seed_42/train_seed_42/aug_0/final.pt,ae786b16b0a0e23dd6c8dd3ba073a0665bcf77192b9a6df86fa690938de4639a,0.6091876720033857,0.40380047505938244,saturate,pathmnist,0.6027855489703937,3304,graph_a2,9,7180,4491,3.9512529115306045,0.05,0.03811659192825112,0.9362455726092089,0.5014749262536873,0.04416403785488959,0.000966183574879227,0.8969594594594594,0.005398110661268556,0.007125890736342043,0.0,0.7472144846796658,5744,42,c0f91b1658fab2334202cdfe2537137f097fa882010ba77146239e93fdaa4b90,5,42,0.0
0.8988857938718663,0,0.01740833129367969,0.8750662662418021,0.14655661355700983,499,/mnt/prj01/hgrp-1502-5TB/xuxiaoyu/reliability_medmnistc_ab/formal_runs/cross_path_random_grapha2_sel42_43_train42_43_20260917/runs/pathmnist/graph_a2/ratio_0.05/selection_seed_42/train_seed_42/aug_0/final.pt,ae786b16b0a0e23dd6c8dd3ba073a0665bcf77192b9a6df86fa690938de4639a,0.0041714916591377715,0.0166270783847981,stain_deposit,pathmnist,0.014773992110759797,208,graph_a2,9,7180,4491,0.3252076939894612,0.05,0.8819133034379671,1.0,0.9557522123893806,0.9936908517350158,0.9410628019323671,0.8581081081081081,0.9406207827260459,0.38717339667458434,0.9172749391727494,0.026114206128133706,5744,42,c0f91b1658fab2334202cdfe2537137f097fa882010ba77146239e93fdaa4b90,1,42,0.38717339667458434
0.8981894150417827,0,0.018238902567838958,0.8737038120503993,0.14986823605278632,499,/mnt/prj01/hgrp-1502-5TB/xuxiaoyu/reliability_medmnistc_ab/formal_runs/cross_path_random_grapha2_sel42_43_train42_43_20260917/runs/pathmnist/graph_a2/ratio_0.05/selection_seed_42/train_seed_42/aug_0/final.pt,ae786b16b0a0e23dd6c8dd3ba073a0665bcf77192b9a6df86fa690938de4639a,0.005533945850540567,0.023752969121140166,stain_deposit,pathmnist,0.010613632507227947,200,graph_a2,9,7180,4491,0.33325627879808334,0.05,0.8931240657698056,1.0,0.9557522123893806,0.9889589905362776,0.9285024154589372,0.8614864864864865,0.9406207827260459,0.38004750593824227,0.9148418491484185,0.028899721448467967,5744,42,c0f91b1658fab2334202cdfe2537137f097fa882010ba77146239e93fdaa4b90,2,42,0.38004750593824227
0.8942896935933148,0,0.018827385684765975,0.8703880750823454,0.15211304983453947,499,/mnt/prj01/hgrp-1502-5TB/xuxiaoyu/reliability_medmnistc_ab/formal_runs/cross_path_random_grapha2_sel42_43_train42_43_20260917/runs/pathmnist/graph_a2/ratio_0.05/selection_seed_42/train_seed_42/aug_0/final.pt,ae786b16b0a0e23dd6c8dd3ba073a0665bcf77192b9a6df86fa690938de4639a,0.00884968281859444,0.0332541567695962,stain_deposit,pathmnist,0.012954956623090031,174,graph_a2,9,7180,4491,0.34170204372672247,0.05,0.8901345291479821,1.0,0.9616519174041298,0.9873817034700315,0.9188405797101449,0.8648648648648649,0.9284750337381916,0.37054631828978624,0.9115977291159773,0.029596100278551533,5744,42,c0f91b1658fab2334202cdfe2537137f097fa882010ba77146239e93fdaa4b90,3,42,0.37054631828978624
0.887883008356546,0,0.020510286807306134,0.8636919511514217,0.16290768077581724,499,/mnt/prj01/hgrp-1502-5TB/xuxiaoyu/reliability_medmnistc_ab/formal_runs/cross_path_random_grapha2_sel42_43_train42_43_20260917/runs/pathmnist/graph_a2/ratio_0.05/selection_seed_42/train_seed_42/aug_0/final.pt,ae786b16b0a0e23dd6c8dd3ba073a0665bcf77192b9a6df86fa690938de4639a,0.01554580674951811,0.0332541567695962,stain_deposit,pathmnist,0.012618643053726859,175,graph_a2,9,7180,4491,0.36300199782605513,0.05,0.9020926756352765,1.0,0.9557522123893806,0.9810725552050473,0.9043478260869565,0.8547297297297297,0.9109311740890689,0.37054631828978624,0.8937550689375506,0.0342966573816156,5744,42,c0f91b1658fab2334202cdfe2537137f097fa882010ba77146239e93fdaa4b90,4,42,0.37054631828978624
0.8779944289693593,0,0.024118613940811908,0.8542130016927185,0.18091634879186247,499,/mnt/prj01/hgrp-1502-5TB/xuxiaoyu/reliability_medmnistc_ab/formal_runs/cross_path_random_grapha2_sel42_43_train42_43_20260917/runs/pathmnist/graph_a2/ratio_0.05/selection_seed_42/train_seed_42/aug_0/final.pt,ae786b16b0a0e23dd6c8dd3ba073a0665bcf77192b9a6df86fa690938de4639a,0.02502475620822131,0.07125890736342044,stain_deposit,pathmnist,0.01954303913876871,180,graph_a2,9,7180,4491,0.4049196442387464,0.05,0.8953662182361734,1.0,0.9705014749262537,0.9826498422712934,0.8946859903381642,0.8614864864864865,0.8690958164642375,0.332541567695962,0.8815896188158961,0.04387186629526462,5744,42,c0f91b1658fab2334202cdfe2537137f097fa882010ba77146239e93fdaa4b90,5,42,0.332541567695962
0.8824512534818941,0,0.024346389394833204,0.8641444070978302,0.17367509689668645,499,/mnt/prj01/hgrp-1502-5TB/xuxiaoyu/reliability_medmnistc_ab/formal_runs/cross_path_random_grapha2_sel42_43_train42_43_20260917/runs/pathmnist/graph_a2/ratio_0.05/selection_seed_42/train_seed_43/aug_0/final.pt,af90450a56856d960e906752eaa1c6b9035017f001a26fa1572ef8076fecd6f8,,,clean,pathmnist,0.035139880150888626,301,graph_a2,9,7180,4491,0.39130299600740454,0.05,0.7997010463378177,1.0,0.9469026548672567,0.9936908517350158,0.9400966183574879,0.7618243243243243,0.9487179487179487,0.45368171021377673,0.9326845093268451,0.037604456824512536,5744,42,c0f91b1658fab2334202cdfe2537137f097fa882010ba77146239e93fdaa4b90,0,43,0.45368171021377673
0.6341225626740947,0,0.17838542683292882,0.5645587483274546,0.5545564246944026,499,/mnt/prj01/hgrp-1502-5TB/xuxiaoyu/reliability_medmnistc_ab/formal_runs/cross_path_random_grapha2_sel42_43_train42_43_20260917/runs/pathmnist/graph_a2/ratio_0.05/selection_seed_42/train_seed_43/aug_0/final.pt,af90450a56856d960e906752eaa1c6b9035017f001a26fa1572ef8076fecd6f8,0.2995856587703757,0.37428981832188485,brightness_down,pathmnist,0.17860044699400912,1041,graph_a2,9,7180,4491,1.4093775435858358,0.05,0.9260089686098655,1.0,0.504424778761062,0.889589905362776,0.1932367149758454,0.07939189189189189,0.48043184885290147,0.14014251781472684,0.8678021086780211,0.2943941504178273,5744,42,c0f91b1658fab2334202cdfe2537137f097fa882010ba77146239e93fdaa4b90,1,43,0.07939189189189189
0.4763231197771588,0,0.2956036741818517,0.4057774128345393,0.7985804461271062,499,/mnt/prj01/hgrp-1502-5TB/xuxiaoyu/reliability_medmnistc_ab/formal_runs/cross_path_random_grapha2_sel42_43_train42_43_20260917/runs/pathmnist/graph_a2/ratio_0.05/selection_seed_42/train_seed_43/aug_0/final.pt,af90450a56856d960e906752eaa1c6b9035017f001a26fa1572ef8076fecd6f8,0.45836699426329097,0.4527155266388975,brightness_down,pathmnist,0.3055186297319062,1454,graph_a2,9,7180,4491,2.1556881556226397,0.05,0.9431988041853513,1.0,0.49852507374631266,0.471608832807571,0.000966183574879227,0.02364864864864865,0.06342780026990553,0.026128266033254157,0.624493106244931,0.45873955431754876,5744,42,c0f91b1658fab2334202cdfe2537137f097fa882010ba77146239e93fdaa4b90,2,43,0.000966183574879227
0.3501392757660167,0,0.4212721004168376,0.2940083937017769,1.0499853511051234,499,/mnt/prj01/hgrp-1502-5TB/xuxiaoyu/reliability_medmnistc_ab/formal_runs/cross_path_random_grapha2_sel42_43_train42_43_20260917/runs/pathmnist/graph_a2/ratio_0.05/selection_seed_42/train_seed_43/aug_0/final.pt,af90450a56856d960e906752eaa1c6b9035017f001a26fa1572ef8076fecd6f8,0.5701360133960534,0.45368171021377673,brightness_down,pathmnist,0.4656234045463684,2455,graph_a2,9,7180,4491,3.0499248433308797,0.05,0.9431988041853513,1.0,0.49852507374631266,0.0031545741324921135,0.0,0.02195945945945946,0.0,0.0,0.1792376317923763,0.5886142061281338,5744,42,c0f91b1658fab2334202cdfe2537137f097fa882010ba77146239e93fdaa4b90,3,43,0.0
0.32688022284122564,0,0.4970222448362721,0.2783308542340673,1.171201378325803,499,/mnt/prj01/hgrp-1502-5TB/xuxiaoyu/reliability_medmnistc_ab/formal_runs/cross_path_random_grapha2_sel42_43_train42_43_20260917/runs/pathmnist/graph_a2/ratio_0.05/selection_seed_42/train_seed_43/aug_0/final.pt,af90450a56856d960e906752eaa1c6b9035017f001a26fa1572ef8076fecd6f8,0.5858135528637629,0.45368171021377673,brightness_down,pathmnist,0.5376714253907084,3271,graph_a2,9,7180,4491,3.749575247592289,0.05,0.929745889387145,1.0,0.49852507374631266,0.0,0.0,0.011824324324324325,0.0,0.0,0.064882400648824,0.628133704735376,5744,42,c0f91b1658fab2334202cdfe2537137f097fa882010ba77146239e93fdaa4b90,4,43,0.0
0.3231197771587744,0,0.5495288799528648,0.2754438253877136,1.2231729147522497,499,/mnt/prj01/hgrp-1502-5TB/xuxiaoyu/reliability_medmnistc_ab/formal_runs/cross_path_random_grapha2_sel42_43_train42_43_20260917/runs/pathmnist/graph_a2/ratio_0.05/selection_seed_42/train_seed_43/aug_0/final.pt,af90450a56856d960e906752eaa1c6b9035017f001a26fa1572ef8076fecd6f8,0.5887005817101166,0.45368171021377673,brightness_down,pathmnist,0.5674676620279514,3736,graph_a2,9,7180,4491,4.199792345623084,0.05,0.9364723467862481,1.0,0.49852507374631266,0.0,0.0,0.005067567567567568,0.0,0.0,0.038929440389294405,0.6518105849582173,5744,42,c0f91b1658fab2334202cdfe2537137f097fa882010ba77146239e93fdaa4b90,5,43,0.0
0.5920612813370474,0,0.21470832448356014,0.6201117815602013,0.6057528517451057,499,/mnt/prj01/hgrp-1502-5TB/xuxiaoyu/reliability_medmnistc_ab/formal_runs/cross_path_random_grapha2_sel42_43_train42_43_20260917/runs/pathmnist/graph_a2/ratio_0.05/selection_seed_42/train_seed_43/aug_0/final.pt,af90450a56856d960e906752eaa1c6b9035017f001a26fa1572ef8076fecd6f8,0.24403262553762894,0.32214209885353756,brightness_up,pathmnist,0.20684758906659978,1114,graph_a2,9,7180,4491,1.5333720823799721,0.05,0.13153961136023917,1.0,0.8525073746312685,0.45741324921135645,0.6541062801932367,0.8023648648648649,0.6342780026990553,0.32779097387173395,0.7210056772100568,0.3307799442896936,5744,42,c0f91b1658fab2334202cdfe2537137f097fa882010ba77146239e93fdaa4b90,1,43,0.13153961136023917
0.3711699164345404,0,0.46923521836398313,0.4071684826503856,0.9920825680849505,499,/mnt/prj01/hgrp-1502-5TB/xuxiaoyu/reliability_medmnistc_ab/formal_runs/cross_path_random_grapha2_sel42_43_train42_43_20260917/runs/pathmnist/graph_a2/ratio_0.05/selection_seed_42/train_seed_43/aug_0/final.pt,af90450a56856d960e906752eaa1c6b9035017f001a26fa1572ef8076fecd6f8,0.45697592444744467,0.3931435936218485,brightness_up,pathmnist,0.4200301379276683,2344,graph_a2,9,7180,4491,2.7064240809356366,0.05,0.06053811659192825,1.0,0.7050147492625368,0.11514195583596215,0.18454106280193236,0.6841216216216216,0.3576248313090418,0.15201900237529692,0.40551500405515006,0.600974930362117,5744,42,c0f91b1658fab2334202cdfe2537137f097fa882010ba77146239e93fdaa4b90,2,43,0.06053811659192825
0.25389972144846795,0,0.594874939005803,0.2922205268496415,1.1920509403201969,499,/mnt/prj01/hgrp-1502-5TB/xuxiaoyu/reliability_medmnistc_ab/formal_runs/cross_path_random_grapha2_sel42_43_train42_43_20260917/runs/pathmnist/graph_a2/ratio_0.05/selection_seed_42/train_seed_43/aug_0/final.pt,af90450a56856d960e906752eaa1c6b9035017f001a26fa1572ef8076fecd6f8,0.5719238802481887,0.451439557747409,brightness_up,pathmnist,0.5389882181555781,2835,graph_a2,9,7180,4491,3.4930481195631415,0.05,0.002242152466367713,1.0,0.5899705014749262,0.011041009463722398,0.018357487922705314,0.527027027027027,0.22807017543859648,0.057007125890736345,0.19626926196269262,0.7181406685236769,5744,42,c0f91b1658fab2334202cdfe2537137f097fa882010ba77146239e93fdaa4b90,3,43,0.002242152466367713
0.23565459610027856,0,0.6244380007309515,0.27523939646700246,1.237677250351179,499,/mnt/prj01/hgrp-1502-5TB/xuxiaoyu/reliability_medmnistc_ab/formal_runs/cross_path_random_grapha2_sel42_43_train42_43_20260917/runs/pathmnist/graph_a2/ratio_0.05/selection_seed_42/train_seed_43/aug_0/final.pt,af90450a56856d960e906752eaa1c6b9035017f001a26fa1572ef8076fecd6f8,0.5889050106308278,0.45368171021377673,brightness_up,pathmnist,0.5619389159807255,2979,graph_a2,9,7180,4491,3.7243988754183484,0.05,0.0,1.0,0.5781710914454278,0.00473186119873817,0.00676328502415459,0.47635135135135137,0.2145748987854251,0.05463182897862233,0.14193025141930252,0.7423398328690808,5744,42,c0f91b1658fab2334202cdfe2537137f097fa882010ba77146239e93fdaa4b90,4,43,0.0
0.2128133704735376,0,0.6558814822082503,0.2485819084527672,1.2797032886003639,499,/mnt/prj01/hgrp-1502-5TB/xuxiaoyu/reliability_medmnistc_ab/formal_runs/cross_path_random_grapha2_sel42_43_train42_43_20260917/runs/pathmnist/graph_a2/ratio_0.05/selection_seed_42/train_seed_43/aug_0/final.pt,af90450a56856d960e906752eaa1c6b9035017f001a26fa1572ef8076fecd6f8,0.6155624986450631,0.45368171021377673,brightness_up,pathmnist,0.585269645786219,3028,graph_a2,9,7180,4491,3.965429473831592,0.05,0.0,1.0,0.5103244837758112,0.0,0.000966183574879227,0.3952702702702703,0.18758434547908232,0.052256532066508314,0.0908353609083536,0.7656685236768802,5744,42,c0f91b1658fab2334202cdfe2537137f097fa882010ba77146239e93fdaa4b90,5,43,0.0
0.868941504178273,0,0.027963619580722014,0.8574257212198012,0.19357197126433426,499,/mnt/prj01/hgrp-1502-5TB/xuxiaoyu/reliability_medmnistc_ab/formal_runs/cross_path_random_grapha2_sel42_43_train42_43_20260917/runs/pathmnist/graph_a2/ratio_0.05/selection_seed_42/train_seed_43/aug_0/final.pt,af90450a56856d960e906752eaa1c6b9035017f001a26fa1572ef8076fecd6f8,0.00671868587802904,-0.09263657957244659,bubble,pathmnist,0.03771191511645619,348,graph_a2,9,7180,4491,0.4203548386823092,0.05,0.7914798206278026,1.0,0.9410029498525073,0.9936908517350158,0.9507246376811594,0.6841216216216216,0.9473684210526315,0.5463182897862233,0.862124898621249,0.05257660167130919,5744,42,c0f91b1658fab2334202cdfe2537137f097fa882010ba77146239e93fdaa4b90,1,43,0.5463182897862233
0.8612813370473538,0,0.03292738693245195,0.8509332169373682,0.20778904421147296,499,/mnt/prj01/hgrp-1502-5TB/xuxiaoyu/reliability_medmnistc_ab/formal_runs/cross_path_random_grapha2_sel42_43_train42_43_20260917/runs/pathmnist/graph_a2/ratio_0.05/selection_seed_42/train_seed_43/aug_0/final.pt,af90450a56856d960e906752eaa1c6b9035017f001a26fa1572ef8076fecd6f8,0.013211190160462016,-0.0831353919239905,bubble,pathmnist,0.04250432016706734,375,graph_a2,9,7180,4491,0.449361862496243,0.05,0.7899850523168909,1.0,0.9292035398230089,0.9889589905362776,0.9536231884057971,0.6841216216216216,0.9541160593792173,0.5368171021377672,0.8215733982157339,0.062151810584958216,5744,42,c0f91b1658fab2334202cdfe2537137f097fa882010ba77146239e93fdaa4b90,2,43,0.5368171021377672
0.8543175487465181,0,0.0361691915473462,0.8456285447523211,0.21723899717165027,499,/mnt/prj01/hgrp-1502-5TB/xuxiaoyu/reliability_medmnistc_ab/formal_runs/cross_path_random_grapha2_sel42_43_train42_43_20260917/runs/pathmnist/graph_a2/ratio_0.05/selection_seed_42/train_seed_43/aug_0/final.pt,af90450a56856d960e906752eaa1c6b9035017f001a26fa1572ef8076fecd6f8,0.01851586234550917,-0.08076009501187648,bubble,pathmnist,0.04530422932631788,405,graph_a2,9,7180,4491,0.4699892378127428,0.05,0.7907324364723468,1.0,0.9380530973451328,0.9905362776025236,0.9516908212560387,0.6570945945945946,0.9581646423751687,0.5344418052256532,0.7899432278994323,0.06807103064066852,5744,42,c0f91b1658fab2334202cdfe2537137f097fa882010ba77146239e93fdaa4b90,3,43,0.5344418052256532
0.8371866295264624,0,0.04598920268008,0.828628069095551,0.2437815909593353,499,/mnt/prj01/hgrp-1502-5TB/xuxiaoyu/reliability_medmnistc_ab/formal_runs/cross_path_random_grapha2_sel42_43_train42_43_20260917/runs/pathmnist/graph_a2/ratio_0.05/selection_seed_42/train_seed_43/aug_0/final.pt,af90450a56856d960e906752eaa1c6b9035017f001a26fa1572ef8076fecd6f8,0.03551633800227927,-0.04275534441805223,bubble,pathmnist,0.05320294997486235,449,graph_a2,9,7180,4491,0.5221258894506485,0.05,0.7787742899850523,0.9952774498229043,0.9144542772861357,0.9826498422712934,0.9584541062801932,0.6418918918918919,0.9581646423751687,0.49643705463182897,0.7315490673154906,0.08339136490250697,5744,42,c0f91b1658fab2334202cdfe2537137f097fa882010ba77146239e93fdaa4b90,4,43,0.49643705463182897
0.8224233983286908,0,0.05354066075274853,0.8183712759844234,0.2637352636030147,499,/mnt/prj01/hgrp-1502-5TB/xuxiaoyu/reliability_medmnistc_ab/formal_runs/cross_path_random_grapha2_sel42_43_train42_43_20260917/runs/pathmnist/graph_a2/ratio_0.05/selection_seed_42/train_seed_43/aug_0/final.pt,af90450a56856d960e906752eaa1c6b9035017f001a26fa1572ef8076fecd6f8,0.04577313111340686,-0.08551068883610452,bubble,pathmnist,0.056080467438631404,496,graph_a2,9,7180,4491,0.5642440458880402,0.05,0.7645739910313901,0.9846517119244392,0.9085545722713865,0.9763406940063092,0.9526570048309179,0.5996621621621622,0.9527665317139001,0.5391923990498813,0.6869424168694241,0.1006267409470752,5744,42,c0f91b1658fab2334202cdfe2537137f097fa882010ba77146239e93fdaa4b90,5,43,0.5391923990498813
0.7814763231197771,0,0.0745139866410856,0.7284395868294803,0.3374113128475484,499,/mnt/prj01/hgrp-1502-5TB/xuxiaoyu/reliability_medmnistc_ab/formal_runs/cross_path_random_grapha2_sel42_43_train42_43_20260917/runs/pathmnist/graph_a2/ratio_0.05/selection_seed_42/train_seed_43/aug_0/final.pt,af90450a56856d960e906752eaa1c6b9035017f001a26fa1572ef8076fecd6f8,0.13570482026834996,0.1781472684085511,contrast_down,pathmnist,0.09693283602221761,679,graph_a2,9,7180,4491,0.839396589389659,0.05,0.6868460388639761,1.0,0.6548672566371682,0.9968454258675079,0.9120772946859903,0.27871621621621623,0.7989203778677463,0.2755344418052256,0.9521492295214923,0.1354456824512535,5744,42,c0f91b1658fab2334202cdfe2537137f097fa882010ba77146239e93fdaa4b90,1,43,0.2755344418052256
0.6511142061281338,0,0.16388618021882215,0.5879239422281779,0.5310333898335743,499,/mnt/prj01/hgrp-1502-5TB/xuxiaoyu/reliability_medmnistc_ab/formal_runs/cross_path_random_grapha2_sel42_43_train42_43_20260917/runs/pathmnist/graph_a2/ratio_0.05/selection_seed_42/train_seed_43/aug_0/final.pt,af90450a56856d960e906752eaa1c6b9035017f001a26fa1572ef8076fecd6f8,0.27622046486965235,0.38442495345702,contrast_down,pathmnist,0.17001675562647722,984,graph_a2,9,7180,4491,1.3491870298548334,0.05,0.5605381165919282,1.0,0.49557522123893805,0.9905362776025236,0.7198067632850241,0.06925675675675676,0.39946018893387314,0.12589073634204276,0.9302514193025142,0.2735027855153203,5744,42,c0f91b1658fab2334202cdfe2537137f097fa882010ba77146239e93fdaa4b90,2,43,0.06925675675675676
0.46671309192200555,0,0.3545187977853125,0.4275149493399175,0.8116164681165718,499,/mnt/prj01/hgrp-1502-5TB/xuxiaoyu/reliability_medmnistc_ab/formal_runs/cross_path_random_grapha2_sel42_43_train42_43_20260917/runs/pathmnist/graph_a2/ratio_0.05/selection_seed_42/train_seed_43/aug_0/final.pt,af90450a56856d960e906752eaa1c6b9035017f001a26fa1572ef8076fecd6f8,0.43662945775791273,0.45368171021377673,contrast_down,pathmnist,0.29679744143381426,1556,graph_a2,9,7180,4491,2.092499098681194,0.05,0.4103139013452915,1.0,0.4896755162241888,0.9006309148264984,0.23671497584541062,0.016891891891891893,0.0310391363022942,0.0,0.7623682076236821,0.4841573816155989,5744,42,c0f91b1658fab2334202cdfe2537137f097fa882010ba77146239e93fdaa4b90,3,43,0.0
0.3693593314763231,0,0.47020114189629597,0.3352325230082777,0.9639572049559713,499,/mnt/prj01/hgrp-1502-5TB/xuxiaoyu/reliability_medmnistc_ab/formal_runs/cross_path_random_grapha2_sel42_43_train42_43_20260917/runs/pathmnist/graph_a2/ratio_0.05/selection_seed_42/train_seed_43/aug_0/final.pt,af90450a56856d960e906752eaa1c6b9035017f001a26fa1572ef8076fecd6f8,0.5289118840895526,0.45368171021377673,contrast_down,pathmnist,0.37606006606707665,1929,graph_a2,9,7180,4491,2.5378805173296812,0.05,0.37070254110612855,1.0,0.35693215339233036,0.6451104100946372,0.05507246376811594,0.005067567567567568,0.002699055330634278,0.0,0.5815085158150851,0.6001044568245125,5744,42,c0f91b1658fab2334202cdfe2537137f097fa882010ba77146239e93fdaa4b90,4,43,0.0
0.2727019498607242,0,0.5659574532911872,0.2337629231869303,1.1395825343739938,499,/mnt/prj01/hgrp-1502-5TB/xuxiaoyu/reliability_medmnistc_ab/formal_runs/cross_path_random_grapha2_sel42_43_train42_43_20260917/runs/pathmnist/graph_a2/ratio_0.05/selection_seed_42/train_seed_43/aug_0/final.pt,af90450a56856d960e906752eaa1c6b9035017f001a26fa1572ef8076fecd6f8,0.6303814839109,0.45368171021377673,contrast_down,pathmnist,0.48993365050067805,2644,graph_a2,9,7180,4491,3.090072783458227,0.05,0.3400597907324365,1.0,0.02654867256637168,0.42586750788643535,0.007729468599033816,0.008445945945945946,0.0,0.0,0.29521492295214924,0.708217270194986,5744,42,c0f91b1658fab2334202cdfe2537137f097fa882010ba77146239e93fdaa4b90,5,43,0.0
0.875766016713092,0,0.03930564638452358,0.8607957569399732,0.18701929620431917,499,/mnt/prj01/hgrp-1502-5TB/xuxiaoyu/reliability_medmnistc_ab/formal_runs/cross_path_random_grapha2_sel42_43_train42_43_20260917/runs/pathmnist/graph_a2/ratio_0.05/selection_seed_42/train_seed_43/aug_0/final.pt,af90450a56856d960e906752eaa1c6b9035017f001a26fa1572ef8076fecd6f8,0.003348650157857014,-0.03800475059382419,contrast_up,pathmnist,0.028835120867719884,320,graph_a2,9,7180,4491,0.43945266374677056,0.05,0.8370702541106129,1.0,0.9144542772861357,0.943217665615142,0.9227053140096618,0.847972972972973,0.9311740890688259,0.4916864608076009,0.8588807785888077,0.052054317548746516,5744,42,c0f91b1658fab2334202cdfe2537137f097fa882010ba77146239e93fdaa4b90,1,43,0.4916864608076009
0.7817548746518106,0,0.10017318331360105,0.7614492802662273,0.33132997348634563,499,/mnt/prj01/hgrp-1502-5TB/xuxiaoyu/reliability_medmnistc_ab/formal_runs/cross_path_random_grapha2_sel42_43_train42_43_20260917/runs/pathmnist/graph_a2/ratio_0.05/selection_seed_42/train_seed_43/aug_0/final.pt,af90450a56856d960e906752eaa1c6b9035017f001a26fa1572ef8076fecd6f8,0.10269512683160298,0.057007125890736365,contrast_up,pathmnist,0.07264021665148415,641,graph_a2,9,7180,4491,0.760222090972325,0.05,0.8602391629297459,1.0,0.7669616519174042,0.6277602523659306,0.8193236714975846,0.875,0.8825910931174089,0.39667458432304037,0.624493106244931,0.14449860724233984,5744,42,c0f91b1658fab2334202cdfe2537137f097fa882010ba77146239e93fdaa4b90,2,43,0.39667458432304037
0.6243732590529248,0,0.2194668704587033,0.5989830502818911,0.5684652123414236,499,/mnt/prj01/hgrp-1502-5TB/xuxiaoyu/reliability_medmnistc_ab/formal_runs/cross_path_random_grapha2_sel42_43_train42_43_20260917/runs/pathmnist/graph_a2/ratio_0.05/selection_seed_42/train_seed_43/aug_0/final.pt,af90450a56856d960e906752eaa1c6b9035017f001a26fa1572ef8076fecd6f8,0.2651613568159391,0.1781472684085511,contrast_up,pathmnist,0.18664386562359697,1197,graph_a2,9,7180,4491,1.3359242267198999,0.05,0.8617339312406577,1.0,0.46017699115044247,0.2870662460567823,0.5507246376811594,0.8682432432432432,0.8043184885290149,0.2755344418052256,0.28304947283049475,0.3151114206128134,5744,42,c0f91b1658fab2334202cdfe2537137f097fa882010ba77146239e93fdaa4b90,3,43,0.2755344418052256
0.49289693593314765,0,0.33876174294173905,0.46330564400645335,0.7987379341364946,499,/mnt/prj01/hgrp-1502-5TB/xuxiaoyu/reliability_medmnistc_ab/formal_runs/cross_path_random_grapha2_sel42_43_train42_43_20260917/runs/pathmnist/graph_a2/ratio_0.05/selection_seed_42/train_seed_43/aug_0/final.pt,af90450a56856d960e906752eaa1c6b9035017f001a26fa1572ef8076fecd6f8,0.4008387630913769,0.4158268206238714,contrast_up,pathmnist,0.3122298428980753,1828,graph_a2,9,7180,4491,2.0036949467507448,0.05,0.8258594917787743,1.0,0.2153392330383481,0.03785488958990536,0.2792270531400966,0.8665540540540541,0.7031039136302294,0.16152019002375298,0.08029197080291971,0.4639623955431755,5744,42,c0f91b1658fab2334202cdfe2537137f097fa882010ba77146239e93fdaa4b90,4,43,0.03785488958990536
0.37952646239554316,0,0.5338937990086259,0.3526744924239807,1.0262678077916438,499,/mnt/prj01/hgrp-1502-5TB/xuxiaoyu/reliability_medmnistc_ab/formal_runs/cross_path_random_grapha2_sel42_43_train42_43_20260917/runs/pathmnist/graph_a2/ratio_0.05/selection_seed_42/train_seed_43/aug_0/final.pt,af90450a56856d960e906752eaa1c6b9035017f001a26fa1572ef8076fecd6f8,0.5114699146738495,0.45368171021377673,contrast_up,pathmnist,0.43914364949491363,2630,graph_a2,9,7180,4491,2.964723456988221,0.05,0.671898355754858,1.0,0.061946902654867256,0.0,0.06763285024154589,0.8158783783783784,0.524966261808367,0.028503562945368172,0.0032441200324412004,0.5894846796657381,5744,42,c0f91b1658fab2334202cdfe2537137f097fa882010ba77146239e93fdaa4b90,5,43,0.0
0.723816155988858,0,0.10415241117579958,0.7216410841659501,0.41794708578636586,499,/mnt/prj01/hgrp-1502-5TB/xuxiaoyu/reliability_medmnistc_ab/formal_runs/cross_path_random_grapha2_sel42_43_train42_43_20260917/runs/pathmnist/graph_a2/ratio_0.05/selection_seed_42/train_seed_43/aug_0/final.pt,af90450a56856d960e906752eaa1c6b9035017f001a26fa1572ef8076fecd6f8,0.14250332293188017,0.21888441291647945,defocus_blur,pathmnist,0.13887664807706157,904,graph_a2,9,7180,4491,0.9194526103179947,0.05,0.8699551569506726,1.0,0.8613569321533924,0.9810725552050473,0.6521739130434783,0.23479729729729729,0.9595141700404858,0.501187648456057,0.43471208434712083,0.20543175487465182,5744,42,c0f91b1658fab2334202cdfe2537137f097fa882010ba77146239e93fdaa4b90,1,43,0.23479729729729729
0.6161559888579388,0,0.20145346066659112,0.6143911329698821,0.5978388316403562,499,/mnt/prj01/hgrp-1502-5TB/xuxiaoyu/reliability_medmnistc_ab/formal_runs/cross_path_random_grapha2_sel42_43_train42_43_20260917/runs/pathmnist/graph_a2/ratio_0.05/selection_seed_42/train_seed_43/aug_0/final.pt,af90450a56856d960e906752eaa1c6b9035017f001a26fa1572ef8076fecd6f8,0.24975327412794812,0.26787089940296593,defocus_blur,pathmnist,0.2319197143809377,1418,graph_a2,9,7180,4491,1.4323782233441602,0.05,0.8804185351270553,1.0,0.6755162241887905,0.8769716088328076,0.2357487922705314,0.1858108108108108,0.9743589743589743,0.4014251781472684,0.29927007299270075,0.32329387186629527,5744,42,c0f91b1658fab2334202cdfe2537137f097fa882010ba77146239e93fdaa4b90,2,43,0.1858108108108108
0.5268802228412256,0,0.3242272964347836,0.5050917602565632,0.7467193837739556,499,/mnt/prj01/hgrp-1502-5TB/xuxiaoyu/reliability_medmnistc_ab/formal_runs/cross_path_random_grapha2_sel42_43_train42_43_20260917/runs/pathmnist/graph_a2/ratio_0.05/selection_seed_42/train_seed_43/aug_0/final.pt,af90450a56856d960e906752eaa1c6b9035017f001a26fa1572ef8076fecd6f8,0.35905264684126703,0.3676913720495255,defocus_blur,pathmnist,0.30889347787521015,1819,graph_a2,9,7180,4491,2.004317116230754,0.05,0.8938714499252616,1.0,0.44837758112094395,0.5946372239747634,0.08599033816425121,0.14527027027027026,0.9784075573549258,0.22327790973871733,0.1759935117599351,0.4139972144846797,5744,42,c0f91b1658fab2334202cdfe2537137f097fa882010ba77146239e93fdaa4b90,3,43,0.08599033816425121
0.4550139275766017,0,0.4151602547861114,0.409668482213676,0.8769809852191865,499,/mnt/prj01/hgrp-1502-5TB/xuxiaoyu/reliability_medmnistc_ab/formal_runs/cross_path_random_grapha2_sel42_43_train42_43_20260917/runs/pathmnist/graph_a2/ratio_0.05/selection_seed_42/train_seed_43/aug_0/final.pt,af90450a56856d960e906752eaa1c6b9035017f001a26fa1572ef8076fecd6f8,0.4544759248841542,0.4169667343683661,defocus_blur,pathmnist,0.3763229407079539,2200,graph_a2,9,7180,4491,2.4674833650577725,0.05,0.906576980568012,1.0,0.2949852507374631,0.12618296529968454,0.03671497584541063,0.11655405405405406,0.9446693657219973,0.12589073634204276,0.1354420113544201,0.4996518105849582,5744,42,c0f91b1658fab2334202cdfe2537137f097fa882010ba77146239e93fdaa4b90,4,43,0.03671497584541063
0.4128133704735376,0,0.4782039949966941,0.35482508590100637,0.9851133409418524,499,/mnt/prj01/hgrp-1502-5TB/xuxiaoyu/reliability_medmnistc_ab/formal_runs/cross_path_random_grapha2_sel42_43_train42_43_20260917/runs/pathmnist/graph_a2/ratio_0.05/selection_seed_42/train_seed_43/aug_0/final.pt,af90450a56856d960e906752eaa1c6b9035017f001a26fa1572ef8076fecd6f8,0.5093193211968239,0.45368171021377673,defocus_blur,pathmnist,0.43231936434600343,2606,graph_a2,9,7180,4491,2.9435174641139694,0.05,0.9304932735426009,1.0,0.22418879056047197,0.0,0.004830917874396135,0.07601351351351351,0.8137651821862348,0.04275534441805225,0.10137875101378752,0.5508356545961003,5744,42,c0f91b1658fab2334202cdfe2537137f097fa882010ba77146239e93fdaa4b90,5,43,0.0
0.8688022284122563,0,0.03051380605080291,0.8472372084310142,0.19114868909135563,499,/mnt/prj01/hgrp-1502-5TB/xuxiaoyu/reliability_medmnistc_ab/formal_runs/cross_path_random_grapha2_sel42_43_train42_43_20260917/runs/pathmnist/graph_a2/ratio_0.05/selection_seed_42/train_seed_43/aug_0/final.pt,af90450a56856d960e906752eaa1c6b9035017f001a26fa1572ef8076fecd6f8,0.016907198666816003,-0.09263657957244659,jpeg_compression,pathmnist,0.03847715424212908,333,graph_a2,9,7180,4491,0.42389850132802537,0.05,0.7922272047832586,1.0,0.9026548672566371,0.9826498422712934,0.9584541062801932,0.5760135135135135,0.9406207827260459,0.5463182897862233,0.9261962692619627,0.05013927576601671,5744,42,c0f91b1658fab2334202cdfe2537137f097fa882010ba77146239e93fdaa4b90,1,43,0.5463182897862233
0.8915041782729805,0,0.028571407045455723,0.8539284840416939,0.16961964037750948,499,/mnt/prj01/hgrp-1502-5TB/xuxiaoyu/reliability_medmnistc_ab/formal_runs/cross_path_random_grapha2_sel42_43_train42_43_20260917/runs/pathmnist/graph_a2/ratio_0.05/selection_seed_42/train_seed_43/aug_0/final.pt,af90450a56856d960e906752eaa1c6b9035017f001a26fa1572ef8076fecd6f8,0.010215923056136389,-0.06321018167811515,jpeg_compression,pathmnist,0.03212499123139301,341,graph_a2,9,7180,4491,0.38835396264167343,0.05,0.9431988041853513,1.0,0.8525073746312685,0.9779179810725552,0.9710144927536232,0.5168918918918919,0.9338731443994602,0.5629453681710214,0.927007299270073,0.04683147632311978,5744,42,c0f91b1658fab2334202cdfe2537137f097fa882010ba77146239e93fdaa4b90,2,43,0.5168918918918919
0.7438718662952646,0,0.10812541877709812,0.7342221629979349,0.4116959611671653,499,/mnt/prj01/hgrp-1502-5TB/xuxiaoyu/reliability_medmnistc_ab/formal_runs/cross_path_random_grapha2_sel42_43_train42_43_20260917/runs/pathmnist/graph_a2/ratio_0.05/selection_seed_42/train_seed_43/aug_0/final.pt,af90450a56856d960e906752eaa1c6b9035017f001a26fa1572ef8076fecd6f8,0.1299222440998954,0.12707483427954652,jpeg_compression,pathmnist,0.1421180717647076,1010,graph_a2,9,7180,4491,1.0146343591268203,0.05,0.3266068759342302,1.0,0.6873156342182891,0.9400630914826499,0.9729468599033816,0.33783783783783783,0.8825910931174089,0.5344418052256532,0.9261962692619627,0.18471448467966572,5744,42,c0f91b1658fab2334202cdfe2537137f097fa882010ba77146239e93fdaa4b90,3,43,0.3266068759342302
0.6505571030640669,0,0.21034033086323584,0.6354697544703618,0.5691005507727589,499,/mnt/prj01/hgrp-1502-5TB/xuxiaoyu/reliability_medmnistc_ab/formal_runs/cross_path_random_grapha2_sel42_43_train42_43_20260917/runs/pathmnist/graph_a2/ratio_0.05/selection_seed_42/train_seed_43/aug_0/final.pt,af90450a56856d960e906752eaa1c6b9035017f001a26fa1572ef8076fecd6f8,0.22867465262746844,0.32812117209718483,jpeg_compression,pathmnist,0.21917673962652517,1463,graph_a2,9,7180,4491,1.510460419037562,0.05,0.12556053811659193,1.0,0.4778761061946903,0.8438485804416404,0.9400966183574879,0.22804054054054054,0.8515519568151148,0.3990498812351544,0.8532035685320357,0.2825557103064067,5744,42,c0f91b1658fab2334202cdfe2537137f097fa882010ba77146239e93fdaa4b90,4,43,0.12556053811659193
0.6137883008356546,0,0.2654965354049569,0.5870976920951484,0.6579029716643052,499,/mnt/prj01/hgrp-1502-5TB/xuxiaoyu/reliability_medmnistc_ab/formal_runs/cross_path_random_grapha2_sel42_43_train42_43_20260917/runs/pathmnist/graph_a2/ratio_0.05/selection_seed_42/train_seed_43/aug_0/final.pt,af90450a56856d960e906752eaa1c6b9035017f001a26fa1572ef8076fecd6f8,0.27704671500268185,0.35739792642999296,jpeg_compression,pathmnist,0.26913390903834844,1898,graph_a2,9,7180,4491,1.8285541446772413,0.05,0.11061285500747384,1.0,0.4306784660766962,0.5630914826498423,0.927536231884058,0.09628378378378379,0.757085020242915,0.4845605700712589,0.9140308191403081,0.3400069637883008,5744,42,c0f91b1658fab2334202cdfe2537137f097fa882010ba77146239e93fdaa4b90,5,43,0.09628378378378379
0.7472144846796658,0,0.09587060313732902,0.735879381270839,0.3849304872874167,499,/mnt/prj01/hgrp-1502-5TB/xuxiaoyu/reliability_medmnistc_ab/formal_runs/cross_path_random_grapha2_sel42_43_train42_43_20260917/runs/pathmnist/graph_a2/ratio_0.05/selection_seed_42/train_seed_43/aug_0/final.pt,af90450a56856d960e906752eaa1c6b9035017f001a26fa1572ef8076fecd6f8,0.12826502582699129,0.10908711561918216,motion_blur,pathmnist,0.12018940147417172,844,graph_a2,9,7180,4491,0.8460060834608722,0.05,0.8602391629297459,1.0,0.7640117994100295,0.9353312302839116,0.7014492753623188,0.34459459459459457,0.9676113360323887,0.5249406175771971,0.5247364152473641,0.1814066852367688,5744,42,c0f91b1658fab2334202cdfe2537137f097fa882010ba77146239e93fdaa4b90,1,43,0.34459459459459457
0.7389972144846797,0,0.10322584614052938,0.7226870971551356,0.3965463558730764,499,/mnt/prj01/hgrp-1502-5TB/xuxiaoyu/reliability_medmnistc_ab/formal_runs/cross_path_random_grapha2_sel42_43_train42_43_20260917/runs/pathmnist/graph_a2/ratio_0.05/selection_seed_42/train_seed_43/aug_0/final.pt,af90450a56856d960e906752eaa1c6b9035017f001a26fa1572ef8076fecd6f8,0.14145730994269468,0.1327357642678308,motion_blur,pathmnist,0.12025066898684317,847,graph_a2,9,7180,4491,0.8755974258522957,0.05,0.8654708520179372,1.0,0.7315634218289085,0.919558359621451,0.6830917874396135,0.32094594594594594,0.9662618083670715,0.48931116389548696,0.5279805352798054,0.19237465181058497,5744,42,c0f91b1658fab2334202cdfe2537137f097fa882010ba77146239e93fdaa4b90,2,43,0.32094594594594594
0.7410863509749304,0,0.10169823257965191,0.7255317789622312,0.39398381123494275,499,/mnt/prj01/hgrp-1502-5TB/xuxiaoyu/reliability_medmnistc_ab/formal_runs/cross_path_random_grapha2_sel42_43_train42_43_20260917/runs/pathmnist/graph_a2/ratio_0.05/selection_seed_42/train_seed_43/aug_0/final.pt,af90450a56856d960e906752eaa1c6b9035017f001a26fa1572ef8076fecd6f8,0.13861262813559905,0.1124654939975605,motion_blur,pathmnist,0.12288764887865541,843,graph_a2,9,7180,4491,0.8768098164068836,0.05,0.8632286995515696,1.0,0.7286135693215339,0.9242902208201893,0.6898550724637681,0.34121621621621623,0.9581646423751687,0.49643705463182897,0.5279805352798054,0.18819637883008355,5744,42,c0f91b1658fab2334202cdfe2537137f097fa882010ba77146239e93fdaa4b90,3,43,0.34121621621621623
0.6089136490250696,0,0.22794441808506777,0.5873233646640027,0.6060917884242325,499,/mnt/prj01/hgrp-1502-5TB/xuxiaoyu/reliability_medmnistc_ab/formal_runs/cross_path_random_grapha2_sel42_43_train42_43_20260917/runs/pathmnist/graph_a2/ratio_0.05/selection_seed_42/train_seed_43/aug_0/final.pt,af90450a56856d960e906752eaa1c6b9035017f001a26fa1572ef8076fecd6f8,0.27682104243382755,0.1732763048083713,motion_blur,pathmnist,0.21987358636552246,1381,graph_a2,9,7180,4491,1.4485309236425805,0.05,0.8849028400597907,1.0,0.6312684365781711,0.444794952681388,0.39710144927536234,0.28040540540540543,0.9163292847503374,0.3847980997624703,0.34630981346309814,0.3366991643454039,5744,42,c0f91b1658fab2334202cdfe2537137f097fa882010ba77146239e93fdaa4b90,4,43,0.28040540540540543
0.4817548746518106,0,0.37194574505944167,0.4539335104972176,0.8142784087442263,499,/mnt/prj01/hgrp-1502-5TB/xuxiaoyu/reliability_medmnistc_ab/formal_runs/cross_path_random_grapha2_sel42_43_train42_43_20260917/runs/pathmnist/graph_a2/ratio_0.05/selection_seed_42/train_seed_43/aug_0/final.pt,af90450a56856d960e906752eaa1c6b9035017f001a26fa1572ef8076fecd6f8,0.41021089660061266,0.36535363450399755,motion_blur,pathmnist,0.32916418244662726,1905,graph_a2,9,7180,4491,2.17357412439499,0.05,0.8901345291479821,1.0,0.5958702064896755,0.08832807570977919,0.20869565217391303,0.24155405405405406,0.6558704453441295,0.22327790973871733,0.1816707218167072,0.46848885793871864,5744,42,c0f91b1658fab2334202cdfe2537137f097fa882010ba77146239e93fdaa4b90,5,43,0.08832807570977919
0.8798050139275766,0,0.024843662812810124,0.863700865527314,0.17595202760420484,499,/mnt/prj01/hgrp-1502-5TB/xuxiaoyu/reliability_medmnistc_ab/formal_runs/cross_path_random_grapha2_sel42_43_train42_43_20260917/runs/pathmnist/graph_a2/ratio_0.05/selection_seed_42/train_seed_43/aug_0/final.pt,af90450a56856d960e906752eaa1c6b9035017f001a26fa1572ef8076fecd6f8,0.0004435415705162926,-0.05463182897862234,pixelate,pathmnist,0.0344356193495162,300,graph_a2,9,7180,4491,0.3916481084444419,0.05,0.804185351270553,1.0,0.9528023598820059,0.9952681388012619,0.9449275362318841,0.7010135135135135,0.9527665317139001,0.5083135391923991,0.9140308191403081,0.04021587743732591,5744,42,c0f91b1658fab2334202cdfe2537137f097fa882010ba77146239e93fdaa4b90,1,43,0.5083135391923991
0.8743732590529248,0,0.026808868600792003,0.8588159110018173,0.1844358714376539,499,/mnt/prj01/hgrp-1502-5TB/xuxiaoyu/reliability_medmnistc_ab/formal_runs/cross_path_random_grapha2_sel42_43_train42_43_20260917/runs/pathmnist/graph_a2/ratio_0.05/selection_seed_42/train_seed_43/aug_0/final.pt,af90450a56856d960e906752eaa1c6b9035017f001a26fa1572ef8076fecd6f8,0.005328496096012936,-0.08551068883610452,pixelate,pathmnist,0.03581013538171652,324,graph_a2,9,7180,4491,0.4071280782943387,0.05,0.8139013452914798,1.0,0.9557522123893806,0.9968454258675079,0.9458937198067633,0.6452702702702703,0.9379217273954116,0.5391923990498813,0.894566098945661,0.04578690807799443,5744,42,c0f91b1658fab2334202cdfe2537137f097fa882010ba77146239e93fdaa4b90,2,43,0.5391923990498813
0.8579387186629527,0,0.033621465260451754,0.8423476793933786,0.2111843622111372,499,/mnt/prj01/hgrp-1502-5TB/xuxiaoyu/reliability_medmnistc_ab/formal_runs/cross_path_random_grapha2_sel42_43_train42_43_20260917/runs/pathmnist/graph_a2/ratio_0.05/selection_seed_42/train_seed_43/aug_0/final.pt,af90450a56856d960e906752eaa1c6b9035017f001a26fa1572ef8076fecd6f8,0.021796727704451624,-0.08788598574821854,pixelate,pathmnist,0.045769138107060736,374,graph_a2,9,7180,4491,0.46356013649106254,0.05,0.828101644245142,1.0,0.9528023598820059,0.9952681388012619,0.9381642512077295,0.5422297297297297,0.9500674763832658,0.5415676959619953,0.8329278183292782,0.06128133704735376,5744,42,c0f91b1658fab2334202cdfe2537137f097fa882010ba77146239e93fdaa4b90,3,43,0.5415676959619953
0.8447075208913649,0,0.04052165995911646,0.8224071432446833,0.2322718641382307,499,/mnt/prj01/hgrp-1502-5TB/xuxiaoyu/reliability_medmnistc_ab/formal_runs/cross_path_random_grapha2_sel42_43_train42_43_20260917/runs/pathmnist/graph_a2/ratio_0.05/selection_seed_42/train_seed_43/aug_0/final.pt,af90450a56856d960e906752eaa1c6b9035017f001a26fa1572ef8076fecd6f8,0.04173726385314691,0.007735764267830791,pixelate,pathmnist,0.04764106906224096,419,graph_a2,9,7180,4491,0.512590354367899,0.05,0.8415545590433483,1.0,0.9174041297935103,0.9873817034700315,0.9198067632850242,0.44594594594594594,0.9500674763832658,0.5130641330166271,0.8264395782643957,0.07520891364902507,5744,42,c0f91b1658fab2334202cdfe2537137f097fa882010ba77146239e93fdaa4b90,4,43,0.44594594594594594
0.8142061281337047,0,0.05220696422818677,0.792047597059745,0.2717471277736039,499,/mnt/prj01/hgrp-1502-5TB/xuxiaoyu/reliability_medmnistc_ab/formal_runs/cross_path_random_grapha2_sel42_43_train42_43_20260917/runs/pathmnist/graph_a2/ratio_0.05/selection_seed_42/train_seed_43/aug_0/final.pt,af90450a56856d960e906752eaa1c6b9035017f001a26fa1572ef8076fecd6f8,0.07209681003808521,0.019002375296912122,pixelate,pathmnist,0.05417343239432257,445,graph_a2,9,7180,4491,0.5958058313603775,0.05,0.7750373692077728,1.0,0.8997050147492626,0.8927444794952681,0.885024154589372,0.47635135135135137,0.9473684210526315,0.4346793349168646,0.8175182481751825,0.09923398328690808,5744,42,c0f91b1658fab2334202cdfe2537137f097fa882010ba77146239e93fdaa4b90,5,43,0.4346793349168646
0.878133704735376,0,0.037060899869358906,0.8629509178231127,0.18344103294880443,499,/mnt/prj01/hgrp-1502-5TB/xuxiaoyu/reliability_medmnistc_ab/formal_runs/cross_path_random_grapha2_sel42_43_train42_43_20260917/runs/pathmnist/graph_a2/ratio_0.05/selection_seed_42/train_seed_43/aug_0/final.pt,af90450a56856d960e906752eaa1c6b9035017f001a26fa1572ef8076fecd6f8,0.0011934892747175185,-0.10451306413301659,saturate,pathmnist,0.02780546287391175,310,graph_a2,9,7180,4491,0.4293831247254431,0.05,0.952914798206278,1.0,0.9203539823008849,0.889589905362776,0.8753623188405797,0.8344594594594594,0.951417004048583,0.5581947743467933,0.7842660178426601,0.04979108635097493,5744,42,c0f91b1658fab2334202cdfe2537137f097fa882010ba77146239e93fdaa4b90,1,43,0.5581947743467933
0.6894150417827298,0,0.15747026817640622,0.7035340712360325,0.46886232329750543,499,/mnt/prj01/hgrp-1502-5TB/xuxiaoyu/reliability_medmnistc_ab/formal_runs/cross_path_random_grapha2_sel42_43_train42_43_20260917/runs/pathmnist/graph_a2/ratio_0.05/selection_seed_42/train_seed_43/aug_0/final.pt,af90450a56856d960e906752eaa1c6b9035017f001a26fa1572ef8076fecd6f8,0.16061033586179774,0.0773637864505975,saturate,pathmnist,0.14045527462632212,946,graph_a2,9,7180,4491,1.0850187407879228,0.05,0.8766816143497758,1.0,0.8584070796460177,0.5867507886435331,0.4811594202898551,0.875,0.7786774628879892,0.498812351543943,0.37631792376317924,0.24268802228412256,5744,42,c0f91b1658fab2334202cdfe2537137f097fa882010ba77146239e93fdaa4b90,2,43,0.37631792376317924
0.47075208913649025,0,0.34764781329384514,0.5096094738116075,0.8310295453422187,499,/mnt/prj01/hgrp-1502-5TB/xuxiaoyu/reliability_medmnistc_ab/formal_runs/cross_path_random_grapha2_sel42_43_train42_43_20260917/runs/pathmnist/graph_a2/ratio_0.05/selection_seed_42/train_seed_43/aug_0/final.pt,af90450a56856d960e906752eaa1c6b9035017f001a26fa1572ef8076fecd6f8,0.35453493328622276,0.40501990972715873,saturate,pathmnist,0.34176760212541624,1931,graph_a2,9,7180,4491,2.1833330859442235,0.05,0.7002989536621823,1.0,0.7286135693215339,0.443217665615142,0.051207729468599035,0.8902027027027027,0.38461538461538464,0.33966745843230406,0.04866180048661801,0.47318941504178275,5744,42,c0f91b1658fab2334202cdfe2537137f097fa882010ba77146239e93fdaa4b90,3,43,0.04866180048661801
0.35863509749303624,0,0.453847308088202,0.39851515992856956,1.033249313883095,499,/mnt/prj01/hgrp-1502-5TB/xuxiaoyu/reliability_medmnistc_ab/formal_runs/cross_path_random_grapha2_sel42_43_train42_43_20260917/runs/pathmnist/graph_a2/ratio_0.05/selection_seed_42/train_seed_43/aug_0/final.pt,af90450a56856d960e906752eaa1c6b9035017f001a26fa1572ef8076fecd6f8,0.4656292471692607,0.4520596501975561,saturate,pathmnist,0.44788361405927823,2444,graph_a2,9,7180,4491,2.9339912028560917,0.05,0.4648729446935725,1.0,0.5929203539823009,0.3359621451104101,0.00676328502415459,0.893581081081081,0.09851551956815115,0.19239904988123516,0.0016220600162206002,0.6030640668523677,5744,42,c0f91b1658fab2334202cdfe2537137f097fa882010ba77146239e93fdaa4b90,4,43,0.0016220600162206002
0.2775766016713092,0,0.506736900803522,0.3146441878062675,1.1579050257080226,499,/mnt/prj01/hgrp-1502-5TB/xuxiaoyu/reliability_medmnistc_ab/formal_runs/cross_path_random_grapha2_sel42_43_train42_43_20260917/runs/pathmnist/graph_a2/ratio_0.05/selection_seed_42/train_seed_43/aug_0/final.pt,af90450a56856d960e906752eaa1c6b9035017f001a26fa1572ef8076fecd6f8,0.5495002192915628,0.45368171021377673,saturate,pathmnist,0.519382327628999,2744,graph_a2,9,7180,4491,3.3350154147686837,0.05,0.2556053811659193,1.0,0.5014749262536873,0.11514195583596215,0.002898550724637681,0.875,0.017543859649122806,0.06413301662707839,0.0,0.692200557103064,5744,42,c0f91b1658fab2334202cdfe2537137f097fa882010ba77146239e93fdaa4b90,5,43,0.0
0.8816155988857939,0,0.024713067726080677,0.8628789935464112,0.17585671787104962,499,/mnt/prj01/hgrp-1502-5TB/xuxiaoyu/reliability_medmnistc_ab/formal_runs/cross_path_random_grapha2_sel42_43_train42_43_20260917/runs/pathmnist/graph_a2/ratio_0.05/selection_seed_42/train_seed_43/aug_0/final.pt,af90450a56856d960e906752eaa1c6b9035017f001a26fa1572ef8076fecd6f8,0.00126541355141907,0.014251781472684077,stain_deposit,pathmnist,0.02167676462062884,267,graph_a2,9,7180,4491,0.39858370129164983,0.05,0.8079222720478326,1.0,0.9528023598820059,0.9905362776025236,0.9623188405797102,0.7668918918918919,0.9352226720647774,0.43942992874109266,0.910786699107867,0.03951949860724234,5744,42,c0f91b1658fab2334202cdfe2537137f097fa882010ba77146239e93fdaa4b90,1,43,0.43942992874109266
0.8711699164345403,0,0.02704069105134146,0.8524116850363086,0.18565125013162817,499,/mnt/prj01/hgrp-1502-5TB/xuxiaoyu/reliability_medmnistc_ab/formal_runs/cross_path_random_grapha2_sel42_43_train42_43_20260917/runs/pathmnist/graph_a2/ratio_0.05/selection_seed_42/train_seed_43/aug_0/final.pt,af90450a56856d960e906752eaa1c6b9035017f001a26fa1572ef8076fecd6f8,0.01173272206152165,0.040380047505938266,stain_deposit,pathmnist,0.02192048910060962,257,graph_a2,9,7180,4491,0.418599919777182,0.05,0.8026905829596412,1.0,0.9557522123893806,0.9921135646687698,0.9603864734299516,0.7516891891891891,0.9068825910931174,0.41330166270783847,0.8888888888888888,0.04474233983286908,5744,42,c0f91b1658fab2334202cdfe2537137f097fa882010ba77146239e93fdaa4b90,2,43,0.41330166270783847
0.8637883008356546,0,0.02909517728120828,0.8456094015471272,0.1973427410337654,499,/mnt/prj01/hgrp-1502-5TB/xuxiaoyu/reliability_medmnistc_ab/formal_runs/cross_path_random_grapha2_sel42_43_train42_43_20260917/runs/pathmnist/graph_a2/ratio_0.05/selection_seed_42/train_seed_43/aug_0/final.pt,af90450a56856d960e906752eaa1c6b9035017f001a26fa1572ef8076fecd6f8,0.018535005550703088,0.0498812351543943,stain_deposit,pathmnist,0.018385837548788538,253,graph_a2,9,7180,4491,0.44509241876590194,0.05,0.804185351270553,1.0,0.9557522123893806,0.9873817034700315,0.9642512077294686,0.7466216216216216,0.8879892037786775,0.40380047505938244,0.8605028386050284,0.05153203342618384,5744,42,c0f91b1658fab2334202cdfe2537137f097fa882010ba77146239e93fdaa4b90,3,43,0.40380047505938244
0.8516713091922006,0,0.03580758418897385,0.8332953103722736,0.22171057177883038,499,/mnt/prj01/hgrp-1502-5TB/xuxiaoyu/reliability_medmnistc_ab/formal_runs/cross_path_random_grapha2_sel42_43_train42_43_20260917/runs/pathmnist/graph_a2/ratio_0.05/selection_seed_42/train_seed_43/aug_0/final.pt,af90450a56856d960e906752eaa1c6b9035017f001a26fa1572ef8076fecd6f8,0.03084909672555669,0.08076009501187648,stain_deposit,pathmnist,0.025915609470316958,281,graph_a2,9,7180,4491,0.49564262799613173,0.05,0.8079222720478326,1.0,0.9557522123893806,0.9826498422712934,0.9642512077294686,0.7381756756756757,0.8556005398110661,0.37292161520190026,0.8223844282238443,0.07033426183844012,5744,42,c0f91b1658fab2334202cdfe2537137f097fa882010ba77146239e93fdaa4b90,4,43,0.37292161520190026
0.8168523676880223,0,0.046359798879476194,0.8012510410089956,0.26081925089259933,499,/mnt/prj01/hgrp-1502-5TB/xuxiaoyu/reliability_medmnistc_ab/formal_runs/cross_path_random_grapha2_sel42_43_train42_43_20260917/runs/pathmnist/graph_a2/ratio_0.05/selection_seed_42/train_seed_43/aug_0/final.pt,af90450a56856d960e906752eaa1c6b9035017f001a26fa1572ef8076fecd6f8,0.06289336608883467,0.13776722090261284,stain_deposit,pathmnist,0.02913117031034982,303,graph_a2,9,7180,4491,0.5787671824588696,0.05,0.78101644245142,1.0,0.9587020648967551,0.9637223974763407,0.970048309178744,0.7162162162162162,0.7732793522267206,0.3159144893111639,0.732360097323601,0.09383704735376044,5744,42,c0f91b1658fab2334202cdfe2537137f097fa882010ba77146239e93fdaa4b90,5,43,0.3159144893111639
0.8979108635097494,0,0.06138864159574766,0.8741514570905644,0.15741581635429722,499,/mnt/prj01/hgrp-1502-5TB/xuxiaoyu/reliability_medmnistc_ab/formal_runs/cross_path_random_grapha2_sel42_43_train42_43_20260917/runs/pathmnist/graph_a2/ratio_0.05/selection_seed_43/train_seed_42/aug_0/final.pt,bcbfbc14e154edb6871ef16d3ffa939c99ae291acaf5e16c68285fc730340419,,,clean,pathmnist,0.03208909076651493,303,graph_a2,9,7180,4491,0.4070733502409157,0.05,0.8886397608370703,1.0,0.9144542772861357,0.9936908517350158,0.9468599033816425,0.768581081081081,0.9446693657219973,0.49643705463182897,0.9140308191403081,0.03673398328690808,5744,43,ec39bad736a07f0b7c5b21f33ca889bac827028695b0f36bb7c6690259eea318,0,42,0.49643705463182897
0.5806406685236769,0,0.18713186728900486,0.5134601777193949,0.6285123370295782,499,/mnt/prj01/hgrp-1502-5TB/xuxiaoyu/reliability_medmnistc_ab/formal_runs/cross_path_random_grapha2_sel42_43_train42_43_20260917/runs/pathmnist/graph_a2/ratio_0.05/selection_seed_43/train_seed_42/aug_0/final.pt,bcbfbc14e154edb6871ef16d3ffa939c99ae291acaf5e16c68285fc730340419,0.3606912793711695,0.44913975733453165,brightness_down,pathmnist,0.24798984666015111,1239,graph_a2,9,7180,4491,1.6980630533724197,0.05,1.0,1.0,0.5014749262536873,0.9384858044164038,0.14106280193236714,0.0472972972972973,0.19163292847503374,0.10451306413301663,0.6966747769667477,0.32973537604456826,5744,43,ec39bad736a07f0b7c5b21f33ca889bac827028695b0f36bb7c6690259eea318,1,42,0.0472972972972973
0.4772980501392758,0,0.23705949649362468,0.41613276616417544,0.7982597725752413,499,/mnt/prj01/hgrp-1502-5TB/xuxiaoyu/reliability_medmnistc_ab/formal_runs/cross_path_random_grapha2_sel42_43_train42_43_20260917/runs/pathmnist/graph_a2/ratio_0.05/selection_seed_43/train_seed_42/aug_0/final.pt,bcbfbc14e154edb6871ef16d3ffa939c99ae291acaf5e16c68285fc730340419,0.45801869092638897,0.49547087105694976,brightness_down,pathmnist,0.3271701207358525,1541,graph_a2,9,7180,4491,2.246418135487966,0.05,0.9985052316890882,1.0,0.49852507374631266,0.7318611987381703,0.000966183574879227,0.02533783783783784,0.010796221322537112,0.004750593824228029,0.4744525547445255,0.4371518105849582,5744,43,ec39bad736a07f0b7c5b21f33ca889bac827028695b0f36bb7c6690259eea318,2,42,0.000966183574879227
0.3639275766016713,0,0.34596698971837814,0.32112331528422167,1.0233966847819889,499,/mnt/prj01/hgrp-1502-5TB/xuxiaoyu/reliability_medmnistc_ab/formal_runs/cross_path_random_grapha2_sel42_43_train42_43_20260917/runs/pathmnist/graph_a2/ratio_0.05/selection_seed_43/train_seed_42/aug_0/final.pt,bcbfbc14e154edb6871ef16d3ffa939c99ae291acaf5e16c68285fc730340419,0.5530281418063427,0.49643705463182897,brightness_down,pathmnist,0.455595388174223,2337,graph_a2,9,7180,4491,3.013211388063368,0.05,0.953662182361734,1.0,0.49852507374631266,0.3438485804416404,0.0,0.02027027027027027,0.0,0.0,0.07380373073803731,0.5792130919220055,5744,43,ec39bad736a07f0b7c5b21f33ca889bac827028695b0f36bb7c6690259eea318,3,42,0.0
0.2917827298050139,0,0.4958027041580199,0.25971105496213,1.232986226323421,499,/mnt/prj01/hgrp-1502-5TB/xuxiaoyu/reliability_medmnistc_ab/formal_runs/cross_path_random_grapha2_sel42_43_train42_43_20260917/runs/pathmnist/graph_a2/ratio_0.05/selection_seed_43/train_seed_42/aug_0/final.pt,bcbfbc14e154edb6871ef16d3ffa939c99ae291acaf5e16c68285fc730340419,0.6144404021284344,0.49643705463182897,brightness_down,pathmnist,0.5839200184496333,3650,graph_a2,9,7180,4491,3.8920664302288994,0.05,0.7765321375186846,1.0,0.49852507374631266,0.04889589905362776,0.0,0.011824324324324325,0.0,0.0,0.0016220600162206002,0.6690459610027855,5744,43,ec39bad736a07f0b7c5b21f33ca889bac827028695b0f36bb7c6690259eea318,4,42,0.0
0.2266016713091922,0,0.5788061239324537,0.21788734590060016,1.403016048400709,499,/mnt/prj01/hgrp-1502-5TB/xuxiaoyu/reliability_medmnistc_ab/formal_runs/cross_path_random_grapha2_sel42_43_train42_43_20260917/runs/pathmnist/graph_a2/ratio_0.05/selection_seed_43/train_seed_42/aug_0/final.pt,bcbfbc14e154edb6871ef16d3ffa939c99ae291acaf5e16c68285fc730340419,0.6562641111899643,0.49643705463182897,brightness_down,pathmnist,0.6766352709330888,4500,graph_a2,9,7180,4491,4.654210566715945,0.05,0.4514200298953662,1.0,0.49852507374631266,0.011041009463722398,0.0,0.0,0.0,0.0,0.0,0.7748955431754875,5744,43,ec39bad736a07f0b7c5b21f33ca889bac827028695b0f36bb7c6690259eea318,5,42,0.0
0.5222841225626741,0,0.3152640836699256,0.5733653469962734,0.7665749265037008,499,/mnt/prj01/hgrp-1502-5TB/xuxiaoyu/reliability_medmnistc_ab/formal_runs/cross_path_random_grapha2_sel42_43_train42_43_20260917/runs/pathmnist/graph_a2/ratio_0.05/selection_seed_43/train_seed_42/aug_0/final.pt,bcbfbc14e154edb6871ef16d3ffa939c99ae291acaf5e16c68285fc730340419,0.300786110094291,0.39329804117891415,brightness_up,pathmnist,0.313566719767609,1846,graph_a2,9,7180,4491,2.155415211478122,0.05,0.1031390134529148,1.0,0.911504424778761,0.41324921135646686,0.591304347826087,0.8243243243243243,0.44129554655870445,0.3847980997624703,0.4906731549067315,0.4274025069637883,5744,43,ec39bad736a07f0b7c5b21f33ca889bac827028695b0f36bb7c6690259eea318,1,42,0.1031390134529148
0.3334261838440111,0,0.5034004294166508,0.4064943111236461,1.1188310194087818,499,/mnt/prj01/hgrp-1502-5TB/xuxiaoyu/reliability_medmnistc_ab/formal_runs/cross_path_random_grapha2_sel42_43_train42_43_20260917/runs/pathmnist/graph_a2/ratio_0.05/selection_seed_43/train_seed_42/aug_0/final.pt,bcbfbc14e154edb6871ef16d3ffa939c99ae291acaf5e16c68285fc730340419,0.4676571459669183,0.456825694392666,brightness_up,pathmnist,0.5126452262251324,3041,graph_a2,9,7180,4491,3.449866782328168,0.05,0.03961136023916293,1.0,0.911504424778761,0.17823343848580442,0.178743961352657,0.8108108108108109,0.1524966261808367,0.22565320665083136,0.16139497161394972,0.6415389972144847,5744,43,ec39bad736a07f0b7c5b21f33ca889bac827028695b0f36bb7c6690259eea318,2,42,0.03961136023916293
0.2488857938718663,0,0.5765175523187304,0.3226253240386694,1.298173771120526,499,/mnt/prj01/hgrp-1502-5TB/xuxiaoyu/reliability_medmnistc_ab/formal_runs/cross_path_random_grapha2_sel42_43_train42_43_20260917/runs/pathmnist/graph_a2/ratio_0.05/selection_seed_43/train_seed_42/aug_0/final.pt,bcbfbc14e154edb6871ef16d3ffa939c99ae291acaf5e16c68285fc730340419,0.551526133051895,0.49643705463182897,brightness_up,pathmnist,0.61666351377881,3687,graph_a2,9,7180,4491,4.343736882492631,0.05,0.0,1.0,0.8348082595870207,0.07728706624605679,0.02705314009661836,0.8023648648648649,0.024291497975708502,0.1021377672209026,0.035685320356853206,0.716399721448468,5744,43,ec39bad736a07f0b7c5b21f33ca889bac827028695b0f36bb7c6690259eea318,3,42,0.0
0.23662952646239555,0,0.5908926073636552,0.30737538328542446,1.331694761158349,499,/mnt/prj01/hgrp-1502-5TB/xuxiaoyu/reliability_medmnistc_ab/formal_runs/cross_path_random_grapha2_sel42_43_train42_43_20260917/runs/pathmnist/graph_a2/ratio_0.05/selection_seed_43/train_seed_42/aug_0/final.pt,bcbfbc14e154edb6871ef16d3ffa939c99ae291acaf5e16c68285fc730340419,0.56677607380514,0.49643705463182897,brightness_up,pathmnist,0.6332707819313559,3783,graph_a2,9,7180,4491,4.576999945970896,0.05,0.0,1.0,0.7935103244837758,0.055205047318611984,0.007729468599033816,0.8023648648648649,0.008097165991902834,0.07838479809976247,0.021086780210867802,0.7287604456824512,5744,43,ec39bad736a07f0b7c5b21f33ca889bac827028695b0f36bb7c6690259eea318,4,42,0.0
0.22172701949860724,0,0.6073925726501641,0.2828871737164639,1.3655533860882374,499,/mnt/prj01/hgrp-1502-5TB/xuxiaoyu/reliability_medmnistc_ab/formal_runs/cross_path_random_grapha2_sel42_43_train42_43_20260917/runs/pathmnist/graph_a2/ratio_0.05/selection_seed_43/train_seed_42/aug_0/final.pt,bcbfbc14e154edb6871ef16d3ffa939c99ae291acaf5e16c68285fc730340419,0.5912642833741005,0.49643705463182897,brightness_up,pathmnist,0.6501146417640378,3847,graph_a2,9,7180,4491,4.846695816297813,0.05,0.0,1.0,0.6696165191740413,0.02050473186119874,0.002898550724637681,0.7972972972972973,0.004048582995951417,0.04513064133016627,0.006488240064882401,0.7418175487465181,5744,43,ec39bad736a07f0b7c5b21f33ca889bac827028695b0f36bb7c6690259eea318,5,42,0.0
0.8848189415041783,0,0.0659298904919299,0.8648090973469321,0.1754451159562081,499,/mnt/prj01/hgrp-1502-5TB/xuxiaoyu/reliability_medmnistc_ab/formal_runs/cross_path_random_grapha2_sel42_43_train42_43_20260917/runs/pathmnist/graph_a2/ratio_0.05/selection_seed_43/train_seed_42/aug_0/final.pt,bcbfbc14e154edb6871ef16d3ffa939c99ae291acaf5e16c68285fc730340419,0.00934235974363229,-0.05700712589073631,bubble,pathmnist,0.03679170205483527,354,graph_a2,9,7180,4491,0.4366485605578976,0.05,0.8707025411061285,1.0,0.9085545722713865,0.9936908517350158,0.9487922705314009,0.6942567567567568,0.9338731443994602,0.5534441805225653,0.8799675587996756,0.046309192200557105,5744,43,ec39bad736a07f0b7c5b21f33ca889bac827028695b0f36bb7c6690259eea318,1,42,0.5534441805225653
0.8770194986072424,0,0.06947079453891995,0.8582180781058943,0.18769170293947995,499,/mnt/prj01/hgrp-1502-5TB/xuxiaoyu/reliability_medmnistc_ab/formal_runs/cross_path_random_grapha2_sel42_43_train42_43_20260917/runs/pathmnist/graph_a2/ratio_0.05/selection_seed_43/train_seed_42/aug_0/final.pt,bcbfbc14e154edb6871ef16d3ffa939c99ae291acaf5e16c68285fc730340419,0.015933378984670066,-0.05225653206650838,bubble,pathmnist,0.041445651766649494,378,graph_a2,9,7180,4491,0.4607450619560004,0.05,0.8609865470852018,1.0,0.8908554572271387,0.9921135646687698,0.9478260869565217,0.6942567567567568,0.9392712550607287,0.5486935866983373,0.8499594484995945,0.05170612813370474,5744,43,ec39bad736a07f0b7c5b21f33ca889bac827028695b0f36bb7c6690259eea318,2,42,0.5486935866983373
0.8733983286908078,0,0.07094263987555298,0.8540335533852186,0.1926264364630217,499,/mnt/prj01/hgrp-1502-5TB/xuxiaoyu/reliability_medmnistc_ab/formal_runs/cross_path_random_grapha2_sel42_43_train42_43_20260917/runs/pathmnist/graph_a2/ratio_0.05/selection_seed_43/train_seed_42/aug_0/final.pt,bcbfbc14e154edb6871ef16d3ffa939c99ae291acaf5e16c68285fc730340419,0.02011790370534583,-0.03562945368171022,bubble,pathmnist,0.044365791360066756,382,graph_a2,9,7180,4491,0.4691202832237187,0.05,0.8609865470852018,1.0,0.8908554572271387,0.9936908517350158,0.9526570048309179,0.6773648648648649,0.9433198380566802,0.5320665083135392,0.8353609083536091,0.05327298050139276,5744,43,ec39bad736a07f0b7c5b21f33ca889bac827028695b0f36bb7c6690259eea318,3,42,0.5320665083135392
0.856824512534819,0,0.07835100434899646,0.8395379307454964,0.21703783066184587,499,/mnt/prj01/hgrp-1502-5TB/xuxiaoyu/reliability_medmnistc_ab/formal_runs/cross_path_random_grapha2_sel42_43_train42_43_20260917/runs/pathmnist/graph_a2/ratio_0.05/selection_seed_43/train_seed_42/aug_0/final.pt,bcbfbc14e154edb6871ef16d3ffa939c99ae291acaf5e16c68285fc730340419,0.03461352634506798,-0.014251781472684133,bubble,pathmnist,0.04814283891391618,433,graph_a2,9,7180,4491,0.5187663684614133,0.05,0.851270553064275,1.0,0.8908554572271387,0.9936908517350158,0.9536231884057971,0.6486486486486487,0.9284750337381916,0.5106888361045131,0.7785888077858881,0.06928969359331476,5744,43,ec39bad736a07f0b7c5b21f33ca889bac827028695b0f36bb7c6690259eea318,4,42,0.5106888361045131
0.8440111420612814,0,0.08434404127916076,0.8297359217654272,0.23603754765306545,499,/mnt/prj01/hgrp-1502-5TB/xuxiaoyu/reliability_medmnistc_ab/formal_runs/cross_path_random_grapha2_sel42_43_train42_43_20260917/runs/pathmnist/graph_a2/ratio_0.05/selection_seed_43/train_seed_42/aug_0/final.pt,bcbfbc14e154edb6871ef16d3ffa939c99ae291acaf5e16c68285fc730340419,0.0444155353251372,-0.03562945368171022,bubble,pathmnist,0.05251376186199172,474,graph_a2,9,7180,4491,0.5552550330058624,0.05,0.8221225710014948,1.0,0.8761061946902655,0.9873817034700315,0.961352657004831,0.606418918918919,0.9392712550607287,0.5320665083135392,0.7429034874290349,0.08304317548746518,5744,43,ec39bad736a07f0b7c5b21f33ca889bac827028695b0f36bb7c6690259eea318,5,42,0.5320665083135392
0.7818941504178273,0,0.1159338444954663,0.7178770163291293,0.3384659861344603,499,/mnt/prj01/hgrp-1502-5TB/xuxiaoyu/reliability_medmnistc_ab/formal_runs/cross_path_random_grapha2_sel42_43_train42_43_20260917/runs/pathmnist/graph_a2/ratio_0.05/selection_seed_43/train_seed_42/aug_0/final.pt,bcbfbc14e154edb6871ef16d3ffa939c99ae291acaf5e16c68285fc730340419,0.15627444076143515,0.23515439429928742,contrast_down,pathmnist,0.08988280602235313,657,graph_a2,9,7180,4491,0.8863666461797758,0.05,0.9125560538116592,1.0,0.6283185840707964,1.0,0.9043478260869565,0.3597972972972973,0.5681511470985156,0.26128266033254155,0.8264395782643957,0.141016713091922,5744,43,ec39bad736a07f0b7c5b21f33ca889bac827028695b0f36bb7c6690259eea318,1,42,0.26128266033254155
0.5447075208913649,0,0.23961043562161016,0.49734477153446593,0.6687129488398026,499,/mnt/prj01/hgrp-1502-5TB/xuxiaoyu/reliability_medmnistc_ab/formal_runs/cross_path_random_grapha2_sel42_43_train42_43_20260917/runs/pathmnist/graph_a2/ratio_0.05/selection_seed_43/train_seed_42/aug_0/final.pt,bcbfbc14e154edb6871ef16d3ffa939c99ae291acaf5e16c68285fc730340419,0.3768066855560985,0.44745056814534245,contrast_down,pathmnist,0.25584534127524633,1236,graph_a2,9,7180,4491,1.6998693904347135,0.05,0.914050822122571,1.0,0.49852507374631266,0.9968454258675079,0.561352657004831,0.048986486486486486,0.09716599190283401,0.10451306413301663,0.2546634225466342,0.37987465181058494,5744,43,ec39bad736a07f0b7c5b21f33ca889bac827028695b0f36bb7c6690259eea318,2,42,0.048986486486486486
0.40222841225626743,0,0.3232419720585753,0.37634884062331403,0.930118588456081,499,/mnt/prj01/hgrp-1502-5TB/xuxiaoyu/reliability_medmnistc_ab/formal_runs/cross_path_random_grapha2_sel42_43_train42_43_20260917/runs/pathmnist/graph_a2/ratio_0.05/selection_seed_43/train_seed_42/aug_0/final.pt,bcbfbc14e154edb6871ef16d3ffa939c99ae291acaf5e16c68285fc730340419,0.4978026164672504,0.49643705463182897,contrast_down,pathmnist,0.4167562128358565,1976,graph_a2,9,7180,4491,2.596539541113629,0.05,0.9275037369207773,1.0,0.46017699115044247,0.9763406940063092,0.00676328502415459,0.0033783783783783786,0.0,0.0,0.012976480129764802,0.5106197771587744,5744,43,ec39bad736a07f0b7c5b21f33ca889bac827028695b0f36bb7c6690259eea318,3,42,0.0
0.37994428969359334,0,0.37574433503481103,0.3318821027956076,1.0002925588946643,499,/mnt/prj01/hgrp-1502-5TB/xuxiaoyu/reliability_medmnistc_ab/formal_runs/cross_path_random_grapha2_sel42_43_train42_43_20260917/runs/pathmnist/graph_a2/ratio_0.05/selection_seed_43/train_seed_42/aug_0/final.pt,bcbfbc14e154edb6871ef16d3ffa939c99ae291acaf5e16c68285fc730340419,0.5422693542949568,0.49643705463182897,contrast_down,pathmnist,0.4496846857737532,2273,graph_a2,9,7180,4491,2.96328286021926,0.05,0.9394618834080718,1.0,0.13569321533923304,0.9100946372239748,0.0,0.0016891891891891893,0.0,0.0,0.0,0.5402158774373259,5744,43,ec39bad736a07f0b7c5b21f33ca889bac827028695b0f36bb7c6690259eea318,4,42,0.0
0.35139275766016714,0,0.43279407883558385,0.2899025799269199,1.0753942212698853,499,/mnt/prj01/hgrp-1502-5TB/xuxiaoyu/reliability_medmnistc_ab/formal_runs/cross_path_random_grapha2_sel42_43_train42_43_20260917/runs/pathmnist/graph_a2/ratio_0.05/selection_seed_43/train_seed_42/aug_0/final.pt,bcbfbc14e154edb6871ef16d3ffa939c99ae291acaf5e16c68285fc730340419,0.5842488771636445,0.49643705463182897,contrast_down,pathmnist,0.48848892616362294,2574,graph_a2,9,7180,4491,3.342356792304759,0.05,0.9402092675635276,1.0,0.02064896755162242,0.6482649842271293,0.0,0.0,0.0,0.0,0.0,0.5839136490250696,5744,43,ec39bad736a07f0b7c5b21f33ca889bac827028695b0f36bb7c6690259eea318,5,42,0.0
0.8569637883008356,0,0.08501988118465761,0.839762347808357,0.2201925845517863,499,/mnt/prj01/hgrp-1502-5TB/xuxiaoyu/reliability_medmnistc_ab/formal_runs/cross_path_random_grapha2_sel42_43_train42_43_20260917/runs/pathmnist/graph_a2/ratio_0.05/selection_seed_43/train_seed_42/aug_0/final.pt,bcbfbc14e154edb6871ef16d3ffa939c99ae291acaf5e16c68285fc730340419,0.0343891092822074,-0.02375296912114011,contrast_up,pathmnist,0.04791147892770659,437,graph_a2,9,7180,4491,0.5534904011524544,0.05,0.8759342301943199,1.0,0.8820058997050148,0.8170347003154574,0.8830917874396135,0.8597972972972973,0.9055330634278003,0.5201900237529691,0.8142741281427412,0.07311977715877438,5744,43,ec39bad736a07f0b7c5b21f33ca889bac827028695b0f36bb7c6690259eea318,1,42,0.5201900237529691
0.7002785515320334,0,0.18971467078400428,0.6917379454182108,0.46949775809700117,499,/mnt/prj01/hgrp-1502-5TB/xuxiaoyu/reliability_medmnistc_ab/formal_runs/cross_path_random_grapha2_sel42_43_train42_43_20260917/runs/pathmnist/graph_a2/ratio_0.05/selection_seed_43/train_seed_42/aug_0/final.pt,bcbfbc14e154edb6871ef16d3ffa939c99ae291acaf5e16c68285fc730340419,0.18241351167235365,0.12589073634204273,contrast_up,pathmnist,0.16234006947503118,1127,graph_a2,9,7180,4491,1.1580040749234193,0.05,0.828101644245142,1.0,0.8171091445427728,0.37066246056782337,0.7198067632850241,0.893581081081081,0.7732793522267206,0.37054631828978624,0.45255474452554745,0.23885793871866295,5744,43,ec39bad736a07f0b7c5b21f33ca889bac827028695b0f36bb7c6690259eea318,2,42,0.37054631828978624
0.5334261838440112,0,0.32624522364094055,0.5373837238057035,0.757749335065657,499,/mnt/prj01/hgrp-1502-5TB/xuxiaoyu/reliability_medmnistc_ab/formal_runs/cross_path_random_grapha2_sel42_43_train42_43_20260917/runs/pathmnist/graph_a2/ratio_0.05/selection_seed_43/train_seed_42/aug_0/final.pt,bcbfbc14e154edb6871ef16d3ffa939c99ae291acaf5e16c68285fc730340419,0.33676773328486087,0.38287238586211286,contrast_up,pathmnist,0.3159955569275741,2027,graph_a2,9,7180,4491,2.0023219519849755,0.05,0.7772795216741405,1.0,0.7138643067846607,0.11356466876971609,0.3932367149758454,0.902027027027027,0.5721997300944669,0.22802850356294538,0.1362530413625304,0.4228760445682451,5744,43,ec39bad736a07f0b7c5b21f33ca889bac827028695b0f36bb7c6690259eea318,3,42,0.11356466876971609
0.43356545961002785,0,0.4132263661284735,0.44071440246782023,0.9482144681596101,499,/mnt/prj01/hgrp-1502-5TB/xuxiaoyu/reliability_medmnistc_ab/formal_runs/cross_path_random_grapha2_sel42_43_train42_43_20260917/runs/pathmnist/graph_a2/ratio_0.05/selection_seed_43/train_seed_42/aug_0/final.pt,bcbfbc14e154edb6871ef16d3ffa939c99ae291acaf5e16c68285fc730340419,0.4334370546227442,0.46237379429119635,contrast_up,pathmnist,0.4161594970540914,2546,graph_a2,9,7180,4491,2.765250487064557,0.05,0.7137518684603886,1.0,0.5988200589970502,0.03785488958990536,0.15555555555555556,0.9054054054054054,0.39271255060728744,0.12826603325415678,0.0340632603406326,0.5290738161559888,5744,43,ec39bad736a07f0b7c5b21f33ca889bac827028695b0f36bb7c6690259eea318,4,42,0.0340632603406326
0.35278551532033425,0,0.5182634323170486,0.36339606975612093,1.0908403142444312,499,/mnt/prj01/hgrp-1502-5TB/xuxiaoyu/reliability_medmnistc_ab/formal_runs/cross_path_random_grapha2_sel42_43_train42_43_20260917/runs/pathmnist/graph_a2/ratio_0.05/selection_seed_43/train_seed_42/aug_0/final.pt,bcbfbc14e154edb6871ef16d3ffa939c99ae291acaf5e16c68285fc730340419,0.5107553873344435,0.4956260246237187,contrast_up,pathmnist,0.4961148426787601,2862,graph_a2,9,7180,4491,3.597374040073313,0.05,0.5799701046337817,0.9976387249114522,0.5162241887905604,0.0015772870662460567,0.030917874396135265,0.9070945945945946,0.2078272604588394,0.028503562945368172,0.0008110300081103001,0.6016713091922006,5744,43,ec39bad736a07f0b7c5b21f33ca889bac827028695b0f36bb7c6690259eea318,5,42,0.0008110300081103001
0.6474930362116992,0,0.16748780953696837,0.6472237391301088,0.5787966460882352,499,/mnt/prj01/hgrp-1502-5TB/xuxiaoyu/reliability_medmnistc_ab/formal_runs/cross_path_random_grapha2_sel42_43_train42_43_20260917/runs/pathmnist/graph_a2/ratio_0.05/selection_seed_43/train_seed_42/aug_0/final.pt,bcbfbc14e154edb6871ef16d3ffa939c99ae291acaf5e16c68285fc730340419,0.22692771796045563,0.3967748924696668,defocus_blur,pathmnist,0.24267988442378455,1546,graph_a2,9,7180,4491,1.5113368237069982,0.05,0.9588938714499252,1.0,0.9498525073746312,0.9258675078864353,0.5246376811594203,0.09966216216216216,0.951417004048583,0.25653206650831356,0.15815085158150852,0.2841225626740947,5744,43,ec39bad736a07f0b7c5b21f33ca889bac827028695b0f36bb7c6690259eea318,1,42,0.09966216216216216
0.5589136490250697,0,0.2313422183121623,0.5621348314347927,0.7381456685113071,499,/mnt/prj01/hgrp-1502-5TB/xuxiaoyu/reliability_medmnistc_ab/formal_runs/cross_path_random_grapha2_sel42_43_train42_43_20260917/runs/pathmnist/graph_a2/ratio_0.05/selection_seed_43/train_seed_42/aug_0/final.pt,bcbfbc14e154edb6871ef16d3ffa939c99ae291acaf5e16c68285fc730340419,0.3120166256557717,0.4085510688836104,defocus_blur,pathmnist,0.3291015509318841,2032,graph_a2,9,7180,4491,2.0839087693688287,0.05,0.9626307922272048,1.0,0.9410029498525073,0.7618296529968455,0.11497584541062802,0.11486486486486487,0.9649122807017544,0.08788598574821853,0.1111111111111111,0.3711699164345404,5744,43,ec39bad736a07f0b7c5b21f33ca889bac827028695b0f36bb7c6690259eea318,2,42,0.08788598574821853
0.526183844011142,0,0.3013215423282033,0.5228700601304432,0.7977379625770649,499,/mnt/prj01/hgrp-1502-5TB/xuxiaoyu/reliability_medmnistc_ab/formal_runs/cross_path_random_grapha2_sel42_43_train42_43_20260917/runs/pathmnist/graph_a2/ratio_0.05/selection_seed_43/train_seed_42/aug_0/final.pt,bcbfbc14e154edb6871ef16d3ffa939c99ae291acaf5e16c68285fc730340419,0.3512813969601212,0.48097811743376134,defocus_blur,pathmnist,0.3581894857222656,2184,graph_a2,9,7180,4491,2.411530670797663,0.05,0.9701046337817638,1.0,0.9056047197640118,0.5867507886435331,0.015458937198067632,0.125,0.9608636977058029,0.028503562945368172,0.11354420113544202,0.40459610027855153,5744,43,ec39bad736a07f0b7c5b21f33ca889bac827028695b0f36bb7c6690259eea318,3,42,0.015458937198067632
0.5051532033426184,0,0.34222520169095483,0.49413498315375076,0.8391360861966908,499,/mnt/prj01/hgrp-1502-5TB/xuxiaoyu/reliability_medmnistc_ab/formal_runs/cross_path_random_grapha2_sel42_43_train42_43_20260917/runs/pathmnist/graph_a2/ratio_0.05/selection_seed_43/train_seed_42/aug_0/final.pt,bcbfbc14e154edb6871ef16d3ffa939c99ae291acaf5e16c68285fc730340419,0.38001647393681365,0.4945046874820705,defocus_blur,pathmnist,0.36553680483760276,2301,graph_a2,9,7180,4491,2.5872934541239556,0.05,0.9715994020926756,1.0,0.8525073746312685,0.43217665615141954,0.001932367149758454,0.13175675675675674,0.9365721997300944,0.007125890736342043,0.11354420113544202,0.44307103064066855,5744,43,ec39bad736a07f0b7c5b21f33ca889bac827028695b0f36bb7c6690259eea318,4,42,0.001932367149758454
0.4559888579387187,0,0.3797206667818119,0.4228256370511416,0.9118805713478965,499,/mnt/prj01/hgrp-1502-5TB/xuxiaoyu/reliability_medmnistc_ab/formal_runs/cross_path_random_grapha2_sel42_43_train42_43_20260917/runs/pathmnist/graph_a2/ratio_0.05/selection_seed_43/train_seed_42/aug_0/final.pt,bcbfbc14e154edb6871ef16d3ffa939c99ae291acaf5e16c68285fc730340419,0.4513258200394228,0.49643705463182897,defocus_blur,pathmnist,0.40272019349432914,2452,graph_a2,9,7180,4491,2.842341609964661,0.05,0.9730941704035875,1.0,0.6283185840707964,0.18769716088328076,0.0,0.08108108108108109,0.8178137651821862,0.007125890736342043,0.11030008110300081,0.49704038997214484,5744,43,ec39bad736a07f0b7c5b21f33ca889bac827028695b0f36bb7c6690259eea318,5,42,0.0
0.8682451253481894,0,0.07592638913668733,0.8343505073336536,0.19900569108247418,499,/mnt/prj01/hgrp-1502-5TB/xuxiaoyu/reliability_medmnistc_ab/formal_runs/cross_path_random_grapha2_sel42_43_train42_43_20260917/runs/pathmnist/graph_a2/ratio_0.05/selection_seed_43/train_seed_42/aug_0/final.pt,bcbfbc14e154edb6871ef16d3ffa939c99ae291acaf5e16c68285fc730340419,0.03980094975691084,0.028503562945368155,jpeg_compression,pathmnist,0.0478879783105385,405,graph_a2,9,7180,4491,0.49834333250105634,0.05,0.8901345291479821,1.0,0.8702064896755162,0.8564668769716088,0.9632850241545894,0.6351351351351351,0.941970310391363,0.4679334916864608,0.884022708840227,0.06180362116991643,5744,43,ec39bad736a07f0b7c5b21f33ca889bac827028695b0f36bb7c6690259eea318,1,42,0.4679334916864608
0.8665738161559888,0,0.07951709113114655,0.8234805782432039,0.207744048613017,499,/mnt/prj01/hgrp-1502-5TB/xuxiaoyu/reliability_medmnistc_ab/formal_runs/cross_path_random_grapha2_sel42_43_train42_43_20260917/runs/pathmnist/graph_a2/ratio_0.05/selection_seed_43/train_seed_42/aug_0/final.pt,bcbfbc14e154edb6871ef16d3ffa939c99ae291acaf5e16c68285fc730340419,0.050670878847360545,0.002375296912114022,jpeg_compression,pathmnist,0.0486492324444079,449,graph_a2,9,7180,4491,0.5199438920916454,0.05,0.9559043348281017,1.0,0.8466076696165191,0.8170347003154574,0.9710144927536232,0.5304054054054054,0.9163292847503374,0.49406175771971494,0.8799675587996756,0.06702646239554318,5744,43,ec39bad736a07f0b7c5b21f33ca889bac827028695b0f36bb7c6690259eea318,2,42,0.49406175771971494
0.7682451253481895,0,0.12508555080063824,0.7276919688006457,0.35887432203859493,499,/mnt/prj01/hgrp-1502-5TB/xuxiaoyu/reliability_medmnistc_ab/formal_runs/cross_path_random_grapha2_sel42_43_train42_43_20260917/runs/pathmnist/graph_a2/ratio_0.05/selection_seed_43/train_seed_42/aug_0/final.pt,bcbfbc14e154edb6871ef16d3ffa939c99ae291acaf5e16c68285fc730340419,0.14645948828991873,0.18393705463182897,jpeg_compression,pathmnist,0.10961263487348985,819,graph_a2,9,7180,4491,0.846336199078801,0.05,0.7137518684603886,1.0,0.7581120943952803,0.7082018927444795,0.9816425120772947,0.3125,0.7786774628879892,0.45368171021377673,0.8426601784266018,0.1613857938718663,5744,43,ec39bad736a07f0b7c5b21f33ca889bac827028695b0f36bb7c6690259eea318,3,42,0.3125
0.7055710306406685,0,0.17900101695882442,0.6538646966343399,0.45687514357849796,499,/mnt/prj01/hgrp-1502-5TB/xuxiaoyu/reliability_medmnistc_ab/formal_runs/cross_path_random_grapha2_sel42_43_train42_43_20260917/runs/pathmnist/graph_a2/ratio_0.05/selection_seed_43/train_seed_42/aug_0/final.pt,bcbfbc14e154edb6871ef16d3ffa939c99ae291acaf5e16c68285fc730340419,0.22028676045622453,0.2903559735507479,jpeg_compression,pathmnist,0.1346458504313712,994,graph_a2,9,7180,4491,1.0976736416835262,0.05,0.6853512705530643,1.0,0.5811209439528023,0.7334384858044164,0.9565217391304348,0.20608108108108109,0.6734143049932524,0.3254156769596199,0.7234387672343877,0.23520194986072424,5744,43,ec39bad736a07f0b7c5b21f33ca889bac827028695b0f36bb7c6690259eea318,4,42,0.20608108108108109
0.6799442896935933,0,0.230972273887118,0.6291418090367296,0.5180037042123475,499,/mnt/prj01/hgrp-1502-5TB/xuxiaoyu/reliability_medmnistc_ab/formal_runs/cross_path_random_grapha2_sel42_43_train42_43_20260917/runs/pathmnist/graph_a2/ratio_0.05/selection_seed_43/train_seed_42/aug_0/final.pt,bcbfbc14e154edb6871ef16d3ffa939c99ae291acaf5e16c68285fc730340419,0.24500964805383485,0.43055867625345057,jpeg_compression,pathmnist,0.17204220079321386,1225,graph_a2,9,7180,4491,1.4020727074851804,0.05,0.648729446935725,1.0,0.616519174041298,0.5662460567823344,0.9516908212560387,0.06587837837837837,0.7273954116059379,0.37292161520190026,0.7128953771289538,0.2621866295264624,5744,43,ec39bad736a07f0b7c5b21f33ca889bac827028695b0f36bb7c6690259eea318,5,42,0.06587837837837837
0.6896935933147632,0,0.1491045507092337,0.6777525764032346,0.5043577454603196,499,/mnt/prj01/hgrp-1502-5TB/xuxiaoyu/reliability_medmnistc_ab/formal_runs/cross_path_random_grapha2_sel42_43_train42_43_20260917/runs/pathmnist/graph_a2/ratio_0.05/selection_seed_43/train_seed_42/aug_0/final.pt,bcbfbc14e154edb6871ef16d3ffa939c99ae291acaf5e16c68285fc730340419,0.1963988806873298,0.2717748924696668,motion_blur,pathmnist,0.20685415597513196,1371,graph_a2,9,7180,4491,1.260896071314024,0.05,0.9461883408071748,1.0,0.7846607669616519,0.8422712933753943,0.6908212560386473,0.22466216216216217,0.9662618083670715,0.39429928741092635,0.25060827250608275,0.24112116991643454,5744,43,ec39bad736a07f0b7c5b21f33ca889bac827028695b0f36bb7c6690259eea318,1,42,0.22466216216216217
0.6855153203342619,0,0.15484453087493177,0.674118185243585,0.5123417793499747,499,/mnt/prj01/hgrp-1502-5TB/xuxiaoyu/reliability_medmnistc_ab/formal_runs/cross_path_random_grapha2_sel42_43_train42_43_20260917/runs/pathmnist/graph_a2/ratio_0.05/selection_seed_43/train_seed_42/aug_0/final.pt,bcbfbc14e154edb6871ef16d3ffa939c99ae291acaf5e16c68285fc730340419,0.2000332718469794,0.2616397573345317,motion_blur,pathmnist,0.2088215851082277,1388,graph_a2,9,7180,4491,1.288080080904606,0.05,0.9476831091180867,1.0,0.7787610619469026,0.831230283911672,0.6666666666666666,0.23479729729729729,0.9662618083670715,0.39429928741092635,0.24736415247364152,0.24930362116991645,5744,43,ec39bad736a07f0b7c5b21f33ca889bac827028695b0f36bb7c6690259eea318,2,42,0.23479729729729729
0.6906685236768803,0,0.1545347159287471,0.6776806557972765,0.5069366095940108,499,/mnt/prj01/hgrp-1502-5TB/xuxiaoyu/reliability_medmnistc_ab/formal_runs/cross_path_random_grapha2_sel42_43_train42_43_20260917/runs/pathmnist/graph_a2/ratio_0.05/selection_seed_43/train_seed_42/aug_0/final.pt,bcbfbc14e154edb6871ef16d3ffa939c99ae291acaf5e16c68285fc730340419,0.19647080129328787,0.26501813571291005,motion_blur,pathmnist,0.2032176524940308,1390,graph_a2,9,7180,4491,1.2713080215828862,0.05,0.9446935724962631,1.0,0.7728613569321534,0.8343848580441641,0.6995169082125604,0.23141891891891891,0.9649122807017544,0.39667458432304037,0.2546634225466342,0.24721448467966572,5744,43,ec39bad736a07f0b7c5b21f33ca889bac827028695b0f36bb7c6690259eea318,3,42,0.23141891891891891
0.5937325905292479,0,0.22695831389216203,0.5760656890212011,0.6557289901445585,499,/mnt/prj01/hgrp-1502-5TB/xuxiaoyu/reliability_medmnistc_ab/formal_runs/cross_path_random_grapha2_sel42_43_train42_43_20260917/runs/pathmnist/graph_a2/ratio_0.05/selection_seed_43/train_seed_42/aug_0/final.pt,bcbfbc14e154edb6871ef16d3ffa939c99ae291acaf5e16c68285fc730340419,0.29808576806936327,0.2920451627399371,motion_blur,pathmnist,0.27242612800973376,1712,graph_a2,9,7180,4491,1.6808748608772501,0.05,0.9596412556053812,1.0,0.7728613569321534,0.4400630914826498,0.391304347826087,0.20439189189189189,0.9379217273954116,0.27078384798099764,0.20762368207623683,0.34575208913649025,5744,43,ec39bad736a07f0b7c5b21f33ca889bac827028695b0f36bb7c6690259eea318,4,42,0.20439189189189189
0.512116991643454,0,0.29410697161471594,0.48554600832517764,0.7801780251481214,499,/mnt/prj01/hgrp-1502-5TB/xuxiaoyu/reliability_medmnistc_ab/formal_runs/cross_path_random_grapha2_sel42_43_train42_43_20260917/runs/pathmnist/graph_a2/ratio_0.05/selection_seed_43/train_seed_42/aug_0/final.pt,bcbfbc14e154edb6871ef16d3ffa939c99ae291acaf5e16c68285fc730340419,0.3886054487653868,0.3646802978750722,motion_blur,pathmnist,0.32414258886803154,1895,graph_a2,9,7180,4491,2.085741490035194,0.05,0.9626307922272048,1.0,0.7669616519174042,0.16246056782334384,0.20869565217391303,0.13175675675675674,0.8164642375168691,0.14251781472684086,0.17842660178426603,0.43158077994428967,5744,43,ec39bad736a07f0b7c5b21f33ca889bac827028695b0f36bb7c6690259eea318,5,42,0.13175675675675674
0.8915041782729805,0,0.06160969517744392,0.8709707468039762,0.16739342283996372,499,/mnt/prj01/hgrp-1502-5TB/xuxiaoyu/reliability_medmnistc_ab/formal_runs/cross_path_random_grapha2_sel42_43_train42_43_20260917/runs/pathmnist/graph_a2/ratio_0.05/selection_seed_43/train_seed_42/aug_0/final.pt,bcbfbc14e154edb6871ef16d3ffa939c99ae291acaf5e16c68285fc730340419,0.003180710286588173,-0.05938242280285033,pixelate,pathmnist,0.03512983664994783,345,graph_a2,9,7180,4491,0.42449266287993004,0.05,0.8916292974588939,1.0,0.9233038348082596,0.9968454258675079,0.9516908212560387,0.7010135135135135,0.9352226720647774,0.5558194774346793,0.8832116788321168,0.04091225626740947,5744,43,ec39bad736a07f0b7c5b21f33ca889bac827028695b0f36bb7c6690259eea318,1,42,0.5558194774346793
0.8759052924791086,0,0.06455080186736552,0.8553812252802967,0.18975524475579442,499,/mnt/prj01/hgrp-1502-5TB/xuxiaoyu/reliability_medmnistc_ab/formal_runs/cross_path_random_grapha2_sel42_43_train42_43_20260917/runs/pathmnist/graph_a2/ratio_0.05/selection_seed_43/train_seed_42/aug_0/final.pt,bcbfbc14e154edb6871ef16d3ffa939c99ae291acaf5e16c68285fc730340419,0.018770231810267712,-0.05463182897862229,pixelate,pathmnist,0.04486286700352986,398,graph_a2,9,7180,4491,0.4706330382560303,0.05,0.9028400597907325,1.0,0.9410029498525073,1.0,0.9429951690821256,0.5929054054054054,0.9298245614035088,0.5510688836104513,0.83779399837794,0.052750696378830085,5744,43,ec39bad736a07f0b7c5b21f33ca889bac827028695b0f36bb7c6690259eea318,2,42,0.5510688836104513
0.8376044568245126,0,0.07523408787881808,0.8143501747805918,0.2501331475266088,499,/mnt/prj01/hgrp-1502-5TB/xuxiaoyu/reliability_medmnistc_ab/formal_runs/cross_path_random_grapha2_sel42_43_train42_43_20260917/runs/pathmnist/graph_a2/ratio_0.05/selection_seed_43/train_seed_42/aug_0/final.pt,bcbfbc14e154edb6871ef16d3ffa939c99ae291acaf5e16c68285fc730340419,0.059801282309972614,0.10454516273993708,pixelate,pathmnist,0.07277048819576466,539,graph_a2,9,7180,4491,0.6009142198685585,0.05,0.9185351270553064,1.0,0.9469026548672567,0.998422712933754,0.9294685990338164,0.3918918918918919,0.9271255060728745,0.48931116389548696,0.7274939172749392,0.08635097493036212,5744,43,ec39bad736a07f0b7c5b21f33ca889bac827028695b0f36bb7c6690259eea318,3,42,0.3918918918918919
0.8240947075208913,0,0.08162048952429006,0.7959901544630971,0.2748508683277436,499,/mnt/prj01/hgrp-1502-5TB/xuxiaoyu/reliability_medmnistc_ab/formal_runs/cross_path_random_grapha2_sel42_43_train42_43_20260917/runs/pathmnist/graph_a2/ratio_0.05/selection_seed_43/train_seed_42/aug_0/final.pt,bcbfbc14e154edb6871ef16d3ffa939c99ae291acaf5e16c68285fc730340419,0.07816130262746734,0.18393705463182897,pixelate,pathmnist,0.08353580056292767,609,graph_a2,9,7180,4491,0.6566268547759101,0.05,0.9245142002989537,1.0,0.9410029498525073,0.9905362776025236,0.9043478260869565,0.3125,0.9433198380566802,0.42992874109263657,0.7177615571776156,0.10149721448467966,5744,43,ec39bad736a07f0b7c5b21f33ca889bac827028695b0f36bb7c6690259eea318,4,42,0.3125
0.8335654596100278,0,0.0829054180709422,0.7974324511985431,0.2498352748748537,499,/mnt/prj01/hgrp-1502-5TB/xuxiaoyu/reliability_medmnistc_ab/formal_runs/cross_path_random_grapha2_sel42_43_train42_43_20260917/runs/pathmnist/graph_a2/ratio_0.05/selection_seed_43/train_seed_42/aug_0/final.pt,bcbfbc14e154edb6871ef16d3ffa939c99ae291acaf5e16c68285fc730340419,0.0767190058920213,0.0665083135391924,pixelate,pathmnist,0.06841744244057159,508,graph_a2,9,7180,4491,0.5931962348183971,0.05,0.906576980568012,1.0,0.8377581120943953,0.8722397476340694,0.863768115942029,0.5152027027027027,0.9176788124156545,0.42992874109263657,0.8337388483373885,0.08513231197771588,5744,43,ec39bad736a07f0b7c5b21f33ca889bac827028695b0f36bb7c6690259eea318,5,42,0.42992874109263657
0.852924791086351,0,0.08425839874887098,0.836472738954811,0.22649215195900108,499,/mnt/prj01/hgrp-1502-5TB/xuxiaoyu/reliability_medmnistc_ab/formal_runs/cross_path_random_grapha2_sel42_43_train42_43_20260917/runs/pathmnist/graph_a2/ratio_0.05/selection_seed_43/train_seed_42/aug_0/final.pt,bcbfbc14e154edb6871ef16d3ffa939c99ae291acaf5e16c68285fc730340419,0.03767871813575341,-0.05225653206650838,saturate,pathmnist,0.057488851396569306,478,graph_a2,9,7180,4491,0.5682195412114249,0.05,0.968609865470852,1.0,0.8967551622418879,0.7854889589905363,0.8009661835748793,0.847972972972973,0.9230769230769231,0.5486935866983373,0.7566909975669099,0.07399025069637884,5744,43,ec39bad736a07f0b7c5b21f33ca889bac827028695b0f36bb7c6690259eea318,1,42,0.5486935866983373
0.6252089136490251,0,0.24579636332763272,0.6424280880445212,0.599219087061166,499,/mnt/prj01/hgrp-1502-5TB/xuxiaoyu/reliability_medmnistc_ab/formal_runs/cross_path_random_grapha2_sel42_43_train42_43_20260917/runs/pathmnist/graph_a2/ratio_0.05/selection_seed_43/train_seed_42/aug_0/final.pt,bcbfbc14e154edb6871ef16d3ffa939c99ae291acaf5e16c68285fc730340419,0.23172336904604318,0.24988393216629773,saturate,pathmnist,0.23992180335322466,1560,graph_a2,9,7180,4491,1.5260868554979965,0.05,0.9267563527653214,1.0,0.8495575221238938,0.48264984227129337,0.2966183574879227,0.8834459459459459,0.6639676113360324,0.4323040380047506,0.24655312246553124,0.314066852367688,5744,43,ec39bad736a07f0b7c5b21f33ca889bac827028695b0f36bb7c6690259eea318,2,42,0.24655312246553124
0.46072423398328693,0,0.41370815687214063,0.4881026574489187,0.910887336001935,499,/mnt/prj01/hgrp-1502-5TB/xuxiaoyu/reliability_medmnistc_ab/formal_runs/cross_path_random_grapha2_sel42_43_train42_43_20260917/runs/pathmnist/graph_a2/ratio_0.05/selection_seed_43/train_seed_42/aug_0/final.pt,bcbfbc14e154edb6871ef16d3ffa939c99ae291acaf5e16c68285fc730340419,0.38604879964164573,0.47807956670912366,saturate,pathmnist,0.3963850797550924,2469,graph_a2,9,7180,4491,2.7246483291479735,0.05,0.8146487294469357,1.0,0.7374631268436578,0.4242902208201893,0.018357487922705314,0.8952702702702703,0.21322537112010798,0.26128266033254155,0.028386050283860504,0.49442896935933145,5744,43,ec39bad736a07f0b7c5b21f33ca889bac827028695b0f36bb7c6690259eea318,3,42,0.018357487922705314
0.35181058495821727,0,0.49562612442422127,0.38525045403622094,1.0842836178618425,499,/mnt/prj01/hgrp-1502-5TB/xuxiaoyu/reliability_medmnistc_ab/formal_runs/cross_path_random_grapha2_sel42_43_train42_43_20260917/runs/pathmnist/graph_a2/ratio_0.05/selection_seed_43/train_seed_42/aug_0/final.pt,bcbfbc14e154edb6871ef16d3ffa939c99ae291acaf5e16c68285fc730340419,0.4889010030543435,0.49643705463182897,saturate,pathmnist,0.48330263024336106,2783,graph_a2,9,7180,4491,3.402794072073391,0.05,0.49850523168908817,1.0,0.6371681415929203,0.35173501577287064,0.002898550724637681,0.8952702702702703,0.017543859649122806,0.06413301662707839,0.0,0.6159470752089137,5744,43,ec39bad736a07f0b7c5b21f33ca889bac827028695b0f36bb7c6690259eea318,4,42,0.0
0.2568245125348189,0,0.5567627846727531,0.30054961863622737,1.2470716922811471,499,/mnt/prj01/hgrp-1502-5TB/xuxiaoyu/reliability_medmnistc_ab/formal_runs/cross_path_random_grapha2_sel42_43_train42_43_20260917/runs/pathmnist/graph_a2/ratio_0.05/selection_seed_43/train_seed_42/aug_0/final.pt,bcbfbc14e154edb6871ef16d3ffa939c99ae291acaf5e16c68285fc730340419,0.5736018384543371,0.49643705463182897,saturate,pathmnist,0.5829752021596293,3254,graph_a2,9,7180,4491,4.043893554008693,0.05,0.1681614349775785,1.0,0.551622418879056,0.0694006309148265,0.003864734299516908,0.8952702702702703,0.0,0.0166270783847981,0.0,0.7096100278551533,5744,43,ec39bad736a07f0b7c5b21f33ca889bac827028695b0f36bb7c6690259eea318,5,42,0.0
0.8942896935933148,0,0.06291585472234956,0.8681443084880411,0.15984773981794584,499,/mnt/prj01/hgrp-1502-5TB/xuxiaoyu/reliability_medmnistc_ab/formal_runs/cross_path_random_grapha2_sel42_43_train42_43_20260917/runs/pathmnist/graph_a2/ratio_0.05/selection_seed_43/train_seed_42/aug_0/final.pt,bcbfbc14e154edb6871ef16d3ffa939c99ae291acaf5e16c68285fc730340419,0.006007148602523271,0.0166270783847981,stain_deposit,pathmnist,0.023966620903991417,288,graph_a2,9,7180,4491,0.41168534733715206,0.05,0.9095665171898356,1.0,0.9174041297935103,0.9921135646687698,0.9449275362318841,0.7483108108108109,0.9176788124156545,0.47980997624703087,0.9034874290348743,0.03882311977715877,5744,43,ec39bad736a07f0b7c5b21f33ca889bac827028695b0f36bb7c6690259eea318,1,42,0.47980997624703087
0.8915041782729805,0,0.06380683712658769,0.8645161817904055,0.16552829899468524,499,/mnt/prj01/hgrp-1502-5TB/xuxiaoyu/reliability_medmnistc_ab/formal_runs/cross_path_random_grapha2_sel42_43_train42_43_20260917/runs/pathmnist/graph_a2/ratio_0.05/selection_seed_43/train_seed_42/aug_0/final.pt,bcbfbc14e154edb6871ef16d3ffa939c99ae291acaf5e16c68285fc730340419,0.009635275300158952,0.0332541567695962,stain_deposit,pathmnist,0.022139222911639472,264,graph_a2,9,7180,4491,0.4239980003182817,0.05,0.9230194319880418,1.0,0.9203539823008849,0.9905362776025236,0.9420289855072463,0.7516891891891891,0.9001349527665317,0.46318289786223277,0.8896999188969992,0.04108635097493036,5744,43,ec39bad736a07f0b7c5b21f33ca889bac827028695b0f36bb7c6690259eea318,2,42,0.46318289786223277
0.8852367688022285,0,0.06631665816619897,0.8575977478720856,0.17824641956010384,499,/mnt/prj01/hgrp-1502-5TB/xuxiaoyu/reliability_medmnistc_ab/formal_runs/cross_path_random_grapha2_sel42_43_train42_43_20260917/runs/pathmnist/graph_a2/ratio_0.05/selection_seed_43/train_seed_42/aug_0/final.pt,bcbfbc14e154edb6871ef16d3ffa939c99ae291acaf5e16c68285fc730340419,0.016553709218478763,0.03562945368171022,stain_deposit,pathmnist,0.02594295924005404,263,graph_a2,9,7180,4491,0.45240503204281,0.05,0.9260089686098655,1.0,0.9174041297935103,0.9858044164037855,0.9468599033816425,0.7364864864864865,0.8690958164642375,0.46080760095011875,0.8759124087591241,0.04683147632311978,5744,43,ec39bad736a07f0b7c5b21f33ca889bac827028695b0f36bb7c6690259eea318,3,42,0.46080760095011875
0.8724233983286908,0,0.06975002048086351,0.8439352380316012,0.19591528642113365,499,/mnt/prj01/hgrp-1502-5TB/xuxiaoyu/reliability_medmnistc_ab/formal_runs/cross_path_random_grapha2_sel42_43_train42_43_20260917/runs/pathmnist/graph_a2/ratio_0.05/selection_seed_43/train_seed_42/aug_0/final.pt,bcbfbc14e154edb6871ef16d3ffa939c99ae291acaf5e16c68285fc730340419,0.030216219058963212,0.07125890736342044,stain_deposit,pathmnist,0.02512606142872221,266,graph_a2,9,7180,4491,0.48999475782445107,0.05,0.9372197309417041,1.0,0.9262536873156342,0.9858044164037855,0.9429951690821256,0.714527027027027,0.8232118758434548,0.4251781472684085,0.8402270884022709,0.05658077994428969,5744,43,ec39bad736a07f0b7c5b21f33ca889bac827028695b0f36bb7c6690259eea318,4,42,0.4251781472684085
0.850974930362117,0,0.0739487246126902,0.8209069879485592,0.22022238234361347,499,/mnt/prj01/hgrp-1502-5TB/xuxiaoyu/reliability_medmnistc_ab/formal_runs/cross_path_random_grapha2_sel42_43_train42_43_20260917/runs/pathmnist/graph_a2/ratio_0.05/selection_seed_43/train_seed_42/aug_0/final.pt,bcbfbc14e154edb6871ef16d3ffa939c99ae291acaf5e16c68285fc730340419,0.0532444691420052,0.12826603325415675,stain_deposit,pathmnist,0.027161253368206992,263,graph_a2,9,7180,4491,0.5471324513318377,0.05,0.9334828101644245,1.0,0.9262536873156342,0.973186119873817,0.9420289855072463,0.6739864864864865,0.7786774628879892,0.3681710213776722,0.7923763179237632,0.06615598885793872,5744,43,ec39bad736a07f0b7c5b21f33ca889bac827028695b0f36bb7c6690259eea318,5,42,0.3681710213776722
0.8923398328690808,0,0.018911051179078316,0.8708734529018489,0.15773090290009276,499,/mnt/prj01/hgrp-1502-5TB/xuxiaoyu/reliability_medmnistc_ab/formal_runs/cross_path_random_grapha2_sel42_43_train42_43_20260917/runs/pathmnist/graph_a2/ratio_0.05/selection_seed_43/train_seed_43/aug_0/final.pt,62ede3989f9e5fcce5a1f796aa14f82eb6521242f734d5b77355020186bf4888,,,clean,pathmnist,0.03829908523718955,280,graph_a2,9,7180,4491,0.3435855766263246,0.05,0.8475336322869955,1.0,0.9380530973451328,0.9921135646687698,0.9468599033816425,0.8496621621621622,0.9338731443994602,0.41330166270783847,0.916463909164639,0.027332869080779944,5744,43,ec39bad736a07f0b7c5b21f33ca889bac827028695b0f36bb7c6690259eea318,0,43,0.41330166270783847
0.606824512534819,0,0.17970137634818517,0.5272869959535237,0.6152013291258475,499,/mnt/prj01/hgrp-1502-5TB/xuxiaoyu/reliability_medmnistc_ab/formal_runs/cross_path_random_grapha2_sel42_43_train42_43_20260917/runs/pathmnist/graph_a2/ratio_0.05/selection_seed_43/train_seed_43/aug_0/final.pt,62ede3989f9e5fcce5a1f796aa14f82eb6521242f734d5b77355020186bf4888,0.34358645694832524,0.32377463568081144,brightness_down,pathmnist,0.23958062293801802,1394,graph_a2,9,7180,4491,1.6173938691628758,0.05,1.0,1.0,0.49852507374631266,0.5410094637223974,0.33816425120772947,0.08952702702702703,0.4331983805668016,0.13064133016627077,0.7145174371451744,0.32590529247910865,5744,43,ec39bad736a07f0b7c5b21f33ca889bac827028695b0f36bb7c6690259eea318,1,43,0.08952702702702703
0.4527855153203343,0,0.2589285878396383,0.36990057408988164,0.8600054707154962,499,/mnt/prj01/hgrp-1502-5TB/xuxiaoyu/reliability_medmnistc_ab/formal_runs/cross_path_random_grapha2_sel42_43_train42_43_20260917/runs/pathmnist/graph_a2/ratio_0.05/selection_seed_43/train_seed_43/aug_0/final.pt,62ede3989f9e5fcce5a1f796aa14f82eb6521242f734d5b77355020186bf4888,0.5009728788119673,0.4014251781472684,brightness_down,pathmnist,0.37596287565477043,1893,graph_a2,9,7180,4491,2.419647803944202,0.05,1.0,1.0,0.49852507374631266,0.10883280757097792,0.03864734299516908,0.02195945945945946,0.0620782726045884,0.011876484560570071,0.5871857258718572,0.4758008356545961,5744,43,ec39bad736a07f0b7c5b21f33ca889bac827028695b0f36bb7c6690259eea318,2,43,0.011876484560570071
0.3880222841225627,0,0.29941116492408476,0.31795182443632153,0.9925829804552646,499,/mnt/prj01/hgrp-1502-5TB/xuxiaoyu/reliability_medmnistc_ab/formal_runs/cross_path_random_grapha2_sel42_43_train42_43_20260917/runs/pathmnist/graph_a2/ratio_0.05/selection_seed_43/train_seed_43/aug_0/final.pt,62ede3989f9e5fcce5a1f796aa14f82eb6521242f734d5b77355020186bf4888,0.5529216284655274,0.41330166270783847,brightness_down,pathmnist,0.4470988628592,2273,graph_a2,9,7180,4491,2.932296833333364,0.05,1.0,1.0,0.49852507374631266,0.0015772870662460567,0.0,0.016891891891891893,0.0,0.004750593824228029,0.3398215733982157,0.546483286908078,5744,43,ec39bad736a07f0b7c5b21f33ca889bac827028695b0f36bb7c6690259eea318,3,43,0.0
0.3540389972144847,0,0.31400862168080673,0.2949457057772627,1.0543642111981624,499,/mnt/prj01/hgrp-1502-5TB/xuxiaoyu/reliability_medmnistc_ab/formal_runs/cross_path_random_grapha2_sel42_43_train42_43_20260917/runs/pathmnist/graph_a2/ratio_0.05/selection_seed_43/train_seed_43/aug_0/final.pt,62ede3989f9e5fcce5a1f796aa14f82eb6521242f734d5b77355020186bf4888,0.5759277471245863,0.41330166270783847,brightness_down,pathmnist,0.488020850178425,2475,graph_a2,9,7180,4491,3.1440359759940217,0.05,1.0,1.0,0.49852507374631266,0.0,0.0,0.006756756756756757,0.0,0.0,0.1492295214922952,0.5799094707520891,5744,43,ec39bad736a07f0b7c5b21f33ca889bac827028695b0f36bb7c6690259eea318,4,43,0.0
0.33913649025069637,0,0.3211963575745516,0.2850107403982584,1.0911591244539143,499,/mnt/prj01/hgrp-1502-5TB/xuxiaoyu/reliability_medmnistc_ab/formal_runs/cross_path_random_grapha2_sel42_43_train42_43_20260917/runs/pathmnist/graph_a2/ratio_0.05/selection_seed_43/train_seed_43/aug_0/final.pt,62ede3989f9e5fcce5a1f796aa14f82eb6521242f734d5b77355020186bf4888,0.5858627125035905,0.41330166270783847,brightness_down,pathmnist,0.5131328719281553,2704,graph_a2,9,7180,4491,3.281355382268536,0.05,1.0,1.0,0.49852507374631266,0.0,0.0,0.0016891891891891893,0.0,0.0,0.064882400648824,0.5873955431754875,5744,43,ec39bad736a07f0b7c5b21f33ca889bac827028695b0f36bb7c6690259eea318,5,43,0.0
0.5856545961002786,0,0.21500688897820347,0.6093991828861225,0.6608857214146974,499,/mnt/prj01/hgrp-1502-5TB/xuxiaoyu/reliability_medmnistc_ab/formal_runs/cross_path_random_grapha2_sel42_43_train42_43_20260917/runs/pathmnist/graph_a2/ratio_0.05/selection_seed_43/train_seed_43/aug_0/final.pt,62ede3989f9e5fcce5a1f796aa14f82eb6521242f734d5b77355020186bf4888,0.26147427001572643,0.32212079574221814,brightness_up,pathmnist,0.2568720409734833,1477,graph_a2,9,7180,4491,1.9234340895652706,0.05,0.09118086696562033,1.0,0.8967551622418879,0.3990536277602524,0.7536231884057971,0.902027027027027,0.6707152496626181,0.1021377672209026,0.6690997566909975,0.3490598885793872,5744,43,ec39bad736a07f0b7c5b21f33ca889bac827028695b0f36bb7c6690259eea318,1,43,0.09118086696562033
0.40710306406685237,0,0.4025581404180213,0.4394363936944893,0.9622394646600795,499,/mnt/prj01/hgrp-1502-5TB/xuxiaoyu/reliability_medmnistc_ab/formal_runs/cross_path_random_grapha2_sel42_43_train42_43_20260917/runs/pathmnist/graph_a2/ratio_0.05/selection_seed_43/train_seed_43/aug_0/final.pt,62ede3989f9e5fcce5a1f796aa14f82eb6521242f734d5b77355020186bf4888,0.43143705920735964,0.4125542785523826,brightness_up,pathmnist,0.4182045599170714,2375,graph_a2,9,7180,4491,2.95509761958857,0.05,0.0007473841554559044,1.0,0.6902654867256637,0.056782334384858045,0.442512077294686,0.9037162162162162,0.45614035087719296,0.030878859857482184,0.37388483373884834,0.5524025069637883,5744,43,ec39bad736a07f0b7c5b21f33ca889bac827028695b0f36bb7c6690259eea318,2,43,0.0007473841554559044
0.2944289693593315,0,0.5386504272691198,0.3338842193678985,1.1761362435735856,499,/mnt/prj01/hgrp-1502-5TB/xuxiaoyu/reliability_medmnistc_ab/formal_runs/cross_path_random_grapha2_sel42_43_train42_43_20260917/runs/pathmnist/graph_a2/ratio_0.05/selection_seed_43/train_seed_43/aug_0/final.pt,62ede3989f9e5fcce5a1f796aa14f82eb6521242f734d5b77355020186bf4888,0.5369892335339503,0.41330166270783847,brightness_up,pathmnist,0.5377161363248706,2999,graph_a2,9,7180,4491,3.894144164676164,0.05,0.0,1.0,0.5162241887905604,0.0015772870662460567,0.17101449275362318,0.9070945945945946,0.25101214574898784,0.004750593824228029,0.15328467153284672,0.6749651810584958,5744,43,ec39bad736a07f0b7c5b21f33ca889bac827028695b0f36bb7c6690259eea318,3,43,0.0
0.2671309192200557,0,0.579049415156001,0.3097770174749403,1.2349743861775033,499,/mnt/prj01/hgrp-1502-5TB/xuxiaoyu/reliability_medmnistc_ab/formal_runs/cross_path_random_grapha2_sel42_43_train42_43_20260917/runs/pathmnist/graph_a2/ratio_0.05/selection_seed_43/train_seed_43/aug_0/final.pt,62ede3989f9e5fcce5a1f796aa14f82eb6521242f734d5b77355020186bf4888,0.5610964354269086,0.41330166270783847,brightness_up,pathmnist,0.5723519309732576,3211,graph_a2,9,7180,4491,4.216959767401488,0.05,0.0,1.0,0.49262536873156343,0.0015772870662460567,0.10048309178743961,0.9070945945945946,0.18083670715249664,0.0023752969121140144,0.1030008110300081,0.7007311977715878,5744,43,ec39bad736a07f0b7c5b21f33ca889bac827028695b0f36bb7c6690259eea318,4,43,0.0
0.23760445682451253,0,0.6266507063116957,0.28339617923264304,1.3023861279195268,499,/mnt/prj01/hgrp-1502-5TB/xuxiaoyu/reliability_medmnistc_ab/formal_runs/cross_path_random_grapha2_sel42_43_train42_43_20260917/runs/pathmnist/graph_a2/ratio_0.05/selection_seed_43/train_seed_43/aug_0/final.pt,62ede3989f9e5fcce5a1f796aa14f82eb6521242f734d5b77355020186bf4888,0.5874772736692059,0.41330166270783847,brightness_up,pathmnist,0.6127513711498973,3445,graph_a2,9,7180,4491,4.647237444091129,0.05,0.0,1.0,0.46017699115044247,0.0,0.028019323671497585,0.902027027027027,0.11336032388663968,0.0023752969121140144,0.04460665044606651,0.7256267409470752,5744,43,ec39bad736a07f0b7c5b21f33ca889bac827028695b0f36bb7c6690259eea318,5,43,0.0
0.879108635097493,0,0.022895765018850933,0.8635883577842826,0.17734795620418842,499,/mnt/prj01/hgrp-1502-5TB/xuxiaoyu/reliability_medmnistc_ab/formal_runs/cross_path_random_grapha2_sel42_43_train42_43_20260917/runs/pathmnist/graph_a2/ratio_0.05/selection_seed_43/train_seed_43/aug_0/final.pt,62ede3989f9e5fcce5a1f796aa14f82eb6521242f734d5b77355020186bf4888,0.007285095117566365,-0.038004750593824244,bubble,pathmnist,0.0426127685685344,326,graph_a2,9,7180,4491,0.37405969162752684,0.05,0.8370702541106129,1.0,0.9292035398230089,0.9921135646687698,0.9545893719806763,0.8277027027027027,0.9392712550607287,0.4513064133016627,0.8410381184103812,0.040564066852367686,5744,43,ec39bad736a07f0b7c5b21f33ca889bac827028695b0f36bb7c6690259eea318,1,43,0.4513064133016627
0.8760445682451253,0,0.025112107709860693,0.863936075629299,0.18686223097318008,499,/mnt/prj01/hgrp-1502-5TB/xuxiaoyu/reliability_medmnistc_ab/formal_runs/cross_path_random_grapha2_sel42_43_train42_43_20260917/runs/pathmnist/graph_a2/ratio_0.05/selection_seed_43/train_seed_43/aug_0/final.pt,62ede3989f9e5fcce5a1f796aa14f82eb6521242f734d5b77355020186bf4888,0.006937377272549949,-0.07600950118764849,bubble,pathmnist,0.043871601967758474,362,graph_a2,9,7180,4491,0.3938055866115141,0.05,0.8325859491778774,1.0,0.9262536873156342,0.9889589905362776,0.9565217391304348,0.8277027027027027,0.9365721997300944,0.48931116389548696,0.8175182481751825,0.04578690807799443,5744,43,ec39bad736a07f0b7c5b21f33ca889bac827028695b0f36bb7c6690259eea318,2,43,0.48931116389548696
0.865041782729805,0,0.026994436506144172,0.8522822246446345,0.19687325392120367,499,/mnt/prj01/hgrp-1502-5TB/xuxiaoyu/reliability_medmnistc_ab/formal_runs/cross_path_random_grapha2_sel42_43_train42_43_20260917/runs/pathmnist/graph_a2/ratio_0.05/selection_seed_43/train_seed_43/aug_0/final.pt,62ede3989f9e5fcce5a1f796aa14f82eb6521242f734d5b77355020186bf4888,0.018591228257214376,-0.05938242280285039,bubble,pathmnist,0.051224166706910004,363,graph_a2,9,7180,4491,0.4111587005531415,0.05,0.8258594917787743,1.0,0.9144542772861357,0.9889589905362776,0.9536231884057971,0.785472972972973,0.9379217273954116,0.47268408551068886,0.7915652879156528,0.04961699164345404,5744,43,ec39bad736a07f0b7c5b21f33ca889bac827028695b0f36bb7c6690259eea318,3,43,0.47268408551068886
0.8537604456824512,0,0.0334227360549317,0.8426905341355329,0.21654377523442458,499,/mnt/prj01/hgrp-1502-5TB/xuxiaoyu/reliability_medmnistc_ab/formal_runs/cross_path_random_grapha2_sel42_43_train42_43_20260917/runs/pathmnist/graph_a2/ratio_0.05/selection_seed_43/train_seed_43/aug_0/final.pt,62ede3989f9e5fcce5a1f796aa14f82eb6521242f734d5b77355020186bf4888,0.028182918766316067,-0.038004750593824244,bubble,pathmnist,0.057274436186947164,438,graph_a2,9,7180,4491,0.45378396751885,0.05,0.8161434977578476,1.0,0.9233038348082596,0.9826498422712934,0.9623188405797102,0.7787162162162162,0.9163292847503374,0.4513064133016627,0.7534468775344688,0.06232590529247911,5744,43,ec39bad736a07f0b7c5b21f33ca889bac827028695b0f36bb7c6690259eea318,4,43,0.4513064133016627
0.8433147632311978,0,0.03871942639007383,0.8353644796142166,0.2340182080664736,499,/mnt/prj01/hgrp-1502-5TB/xuxiaoyu/reliability_medmnistc_ab/formal_runs/cross_path_random_grapha2_sel42_43_train42_43_20260917/runs/pathmnist/graph_a2/ratio_0.05/selection_seed_43/train_seed_43/aug_0/final.pt,62ede3989f9e5fcce5a1f796aa14f82eb6521242f734d5b77355020186bf4888,0.03550897328763236,-0.0332541567695962,bubble,pathmnist,0.05931069565765708,470,graph_a2,9,7180,4491,0.4882249898078733,0.05,0.7884902840059791,1.0,0.9292035398230089,0.9794952681388013,0.9603864734299516,0.7584459459459459,0.9257759784075573,0.44655581947743467,0.7299270072992701,0.07625348189415042,5744,43,ec39bad736a07f0b7c5b21f33ca889bac827028695b0f36bb7c6690259eea318,5,43,0.44655581947743467
0.8423398328690808,0,0.050909522986809605,0.7822194113632803,0.247952913108236,499,/mnt/prj01/hgrp-1502-5TB/xuxiaoyu/reliability_medmnistc_ab/formal_runs/cross_path_random_grapha2_sel42_43_train42_43_20260917/runs/pathmnist/graph_a2/ratio_0.05/selection_seed_43/train_seed_43/aug_0/final.pt,62ede3989f9e5fcce5a1f796aa14f82eb6521242f734d5b77355020186bf4888,0.0886540415385686,0.0831353919239905,contrast_down,pathmnist,0.07150242726284813,546,graph_a2,9,7180,4491,0.6190064827390265,0.05,0.9409566517189836,1.0,0.7050147492625368,0.9905362776025236,0.9024154589371981,0.4155405405405405,0.8299595141700404,0.33016627078384797,0.9253852392538524,0.08304317548746518,5744,43,ec39bad736a07f0b7c5b21f33ca889bac827028695b0f36bb7c6690259eea318,1,43,0.33016627078384797
0.7477715877437325,0,0.11814980902008286,0.6585303956401041,0.40086761732437826,499,/mnt/prj01/hgrp-1502-5TB/xuxiaoyu/reliability_medmnistc_ab/formal_runs/cross_path_random_grapha2_sel42_43_train42_43_20260917/runs/pathmnist/graph_a2/ratio_0.05/selection_seed_43/train_seed_43/aug_0/final.pt,62ede3989f9e5fcce5a1f796aa14f82eb6521242f734d5b77355020186bf4888,0.21234305726174485,0.30403800475059384,contrast_down,pathmnist,0.1327421988160829,915,graph_a2,9,7180,4491,1.0828984628108396,0.05,0.9573991031390134,1.0,0.49557522123893805,0.9842271293375394,0.7526570048309179,0.125,0.6153846153846154,0.10926365795724466,0.8872668288726683,0.17496518105849582,5744,43,ec39bad736a07f0b7c5b21f33ca889bac827028695b0f36bb7c6690259eea318,2,43,0.10926365795724466
0.6055710306406685,0,0.216614716479732,0.5189867304630886,0.6245519054105088,499,/mnt/prj01/hgrp-1502-5TB/xuxiaoyu/reliability_medmnistc_ab/formal_runs/cross_path_random_grapha2_sel42_43_train42_43_20260917/runs/pathmnist/graph_a2/ratio_0.05/selection_seed_43/train_seed_43/aug_0/final.pt,62ede3989f9e5fcce5a1f796aa14f82eb6521242f734d5b77355020186bf4888,0.3518867224387603,0.41092636579572445,contrast_down,pathmnist,0.22397939352354962,1368,graph_a2,9,7180,4491,1.7053209826462812,0.05,0.9693572496263079,1.0,0.45722713864306785,0.9353312302839116,0.3932367149758454,0.028716216216216218,0.1214574898785425,0.0023752969121140144,0.7631792376317924,0.32886490250696376,5744,43,ec39bad736a07f0b7c5b21f33ca889bac827028695b0f36bb7c6690259eea318,3,43,0.0023752969121140144
0.5119777158774373,0,0.28762858033045713,0.4397747860380099,0.7658684984311056,499,/mnt/prj01/hgrp-1502-5TB/xuxiaoyu/reliability_medmnistc_ab/formal_runs/cross_path_random_grapha2_sel42_43_train42_43_20260917/runs/pathmnist/graph_a2/ratio_0.05/selection_seed_43/train_seed_43/aug_0/final.pt,62ede3989f9e5fcce5a1f796aa14f82eb6521242f734d5b77355020186bf4888,0.431098666863839,0.41092636579572445,contrast_down,pathmnist,0.29198499975264236,1623,graph_a2,9,7180,4491,2.0759115729642614,0.05,0.9708520179372198,1.0,0.44542772861356933,0.7996845425867508,0.11497584541062802,0.011824324324324325,0.021592442645074223,0.0023752969121140144,0.5912408759124088,0.4357590529247911,5744,43,ec39bad736a07f0b7c5b21f33ca889bac827028695b0f36bb7c6690259eea318,4,43,0.0023752969121140144
0.42506963788300833,0,0.36047064670298257,0.34720008305525085,0.9007546717489907,499,/mnt/prj01/hgrp-1502-5TB/xuxiaoyu/reliability_medmnistc_ab/formal_runs/cross_path_random_grapha2_sel42_43_train42_43_20260917/runs/pathmnist/graph_a2/ratio_0.05/selection_seed_43/train_seed_43/aug_0/final.pt,62ede3989f9e5fcce5a1f796aa14f82eb6521242f734d5b77355020186bf4888,0.5236733698465981,0.41330166270783847,contrast_down,pathmnist,0.36146627499781614,1871,graph_a2,9,7180,4491,2.4649245106402238,0.05,0.9753363228699552,1.0,0.22713864306784662,0.5173501577287066,0.01642512077294686,0.0016891891891891893,0.0,0.0,0.38686131386861317,0.5396935933147632,5744,43,ec39bad736a07f0b7c5b21f33ca889bac827028695b0f36bb7c6690259eea318,5,43,0.0
0.8653203342618384,0,0.03794112822533052,0.8494389951949024,0.2064124011428842,499,/mnt/prj01/hgrp-1502-5TB/xuxiaoyu/reliability_medmnistc_ab/formal_runs/cross_path_random_grapha2_sel42_43_train42_43_20260917/runs/pathmnist/graph_a2/ratio_0.05/selection_seed_43/train_seed_43/aug_0/final.pt,62ede3989f9e5fcce5a1f796aa14f82eb6521242f734d5b77355020186bf4888,0.02143445770694652,0.07838479809976245,contrast_up,pathmnist,0.05033306360535303,400,graph_a2,9,7180,4491,0.47343936438068485,0.05,0.8228699551569507,1.0,0.9410029498525073,0.9700315457413249,0.9198067632850242,0.9003378378378378,0.9352226720647774,0.334916864608076,0.8207623682076237,0.05727715877437326,5744,43,ec39bad736a07f0b7c5b21f33ca889bac827028695b0f36bb7c6690259eea318,1,43,0.334916864608076
0.777715877437326,0,0.0900499386018766,0.768376924195233,0.336002294503017,499,/mnt/prj01/hgrp-1502-5TB/xuxiaoyu/reliability_medmnistc_ab/formal_runs/cross_path_random_grapha2_sel42_43_train42_43_20260917/runs/pathmnist/graph_a2/ratio_0.05/selection_seed_43/train_seed_43/aug_0/final.pt,62ede3989f9e5fcce5a1f796aa14f82eb6521242f734d5b77355020186bf4888,0.10249652870661596,0.22327790973871733,contrast_up,pathmnist,0.09546321071373054,667,graph_a2,9,7180,4491,0.7877311135282057,0.05,0.7571001494768311,1.0,0.9174041297935103,0.7981072555205048,0.8299516908212561,0.9003378378378378,0.8987854251012146,0.19002375296912113,0.6236820762368208,0.14206128133704735,5744,43,ec39bad736a07f0b7c5b21f33ca889bac827028695b0f36bb7c6690259eea318,2,43,0.19002375296912113
0.6476323119777159,0,0.1892743988830901,0.6529496770940117,0.540617077675375,499,/mnt/prj01/hgrp-1502-5TB/xuxiaoyu/reliability_medmnistc_ab/formal_runs/cross_path_random_grapha2_sel42_43_train42_43_20260917/runs/pathmnist/graph_a2/ratio_0.05/selection_seed_43/train_seed_43/aug_0/final.pt,62ede3989f9e5fcce5a1f796aa14f82eb6521242f734d5b77355020186bf4888,0.21792377580783717,0.33016627078384797,contrast_up,pathmnist,0.18518770903058368,1170,graph_a2,9,7180,4491,1.307204524590757,0.05,0.6816143497757847,1.0,0.8820058997050148,0.5394321766561514,0.6357487922705314,0.9037162162162162,0.8070175438596491,0.0831353919239905,0.34387672343876724,0.28934540389972147,5744,43,ec39bad736a07f0b7c5b21f33ca889bac827028695b0f36bb7c6690259eea318,3,43,0.0831353919239905
0.49930362116991645,0,0.31459830211181145,0.522398023215196,0.7776984639254086,499,/mnt/prj01/hgrp-1502-5TB/xuxiaoyu/reliability_medmnistc_ab/formal_runs/cross_path_random_grapha2_sel42_43_train42_43_20260917/runs/pathmnist/graph_a2/ratio_0.05/selection_seed_43/train_seed_43/aug_0/final.pt,62ede3989f9e5fcce5a1f796aa14f82eb6521242f734d5b77355020186bf4888,0.3484754296866529,0.36104513064133015,contrast_up,pathmnist,0.3124371509532078,1774,graph_a2,9,7180,4491,1.9891922881185686,0.05,0.554559043348281,1.0,0.8171091445427728,0.2113564668769716,0.38454106280193234,0.9037162162162162,0.6693657219973009,0.052256532066508314,0.10867802108678021,0.4517757660167131,5744,43,ec39bad736a07f0b7c5b21f33ca889bac827028695b0f36bb7c6690259eea318,4,43,0.052256532066508314
0.3316155988857939,0,0.49145263035826703,0.35798798920995356,1.08393912841097,499,/mnt/prj01/hgrp-1502-5TB/xuxiaoyu/reliability_medmnistc_ab/formal_runs/cross_path_random_grapha2_sel42_43_train42_43_20260917/runs/pathmnist/graph_a2/ratio_0.05/selection_seed_43/train_seed_43/aug_0/final.pt,62ede3989f9e5fcce5a1f796aa14f82eb6521242f734d5b77355020186bf4888,0.5128854636918954,0.4124906326997282,contrast_up,pathmnist,0.4751671396507194,2555,graph_a2,9,7180,4491,3.241964619038786,0.05,0.35575485799701045,1.0,0.5398230088495575,0.0031545741324921135,0.09371980676328502,0.9037162162162162,0.3225371120107962,0.0023752969121140144,0.0008110300081103001,0.6305710306406686,5744,43,ec39bad736a07f0b7c5b21f33ca889bac827028695b0f36bb7c6690259eea318,5,43,0.0008110300081103001
0.6566852367688022,0,0.14723280493729018,0.6614649484045934,0.5467856098285874,499,/mnt/prj01/hgrp-1502-5TB/xuxiaoyu/reliability_medmnistc_ab/formal_runs/cross_path_random_grapha2_sel42_43_train42_43_20260917/runs/pathmnist/graph_a2/ratio_0.05/selection_seed_43/train_seed_43/aug_0/final.pt,62ede3989f9e5fcce5a1f796aa14f82eb6521242f734d5b77355020186bf4888,0.20940850449725557,0.3001259870321628,defocus_blur,pathmnist,0.22790444095652748,1428,graph_a2,9,7180,4491,1.330535895335587,0.05,0.9738415545590433,1.0,0.8643067846607669,0.9858044164037855,0.32753623188405795,0.11317567567567567,0.9487179487179487,0.46080760095011875,0.27899432278994324,0.2703690807799443,5744,43,ec39bad736a07f0b7c5b21f33ca889bac827028695b0f36bb7c6690259eea318,1,43,0.11317567567567567
0.5956824512534818,0,0.2173504595592861,0.5930405627610197,0.6751657474611671,499,/mnt/prj01/hgrp-1502-5TB/xuxiaoyu/reliability_medmnistc_ab/formal_runs/cross_path_random_grapha2_sel42_43_train42_43_20260917/runs/pathmnist/graph_a2/ratio_0.05/selection_seed_43/train_seed_43/aug_0/final.pt,62ede3989f9e5fcce5a1f796aa14f82eb6521242f734d5b77355020186bf4888,0.27783289014082924,0.32731132454358725,defocus_blur,pathmnist,0.2927433543094021,1878,graph_a2,9,7180,4491,1.8398497183732638,0.05,0.9783258594917787,1.0,0.7640117994100295,0.8722397476340694,0.08599033816425121,0.09121621621621621,0.970310391363023,0.32304038004750596,0.2522303325223033,0.34192200557103064,5744,43,ec39bad736a07f0b7c5b21f33ca889bac827028695b0f36bb7c6690259eea318,2,43,0.08599033816425121
0.5466573816155988,0,0.2810878773574917,0.5275669466963024,0.7488822448171789,499,/mnt/prj01/hgrp-1502-5TB/xuxiaoyu/reliability_medmnistc_ab/formal_runs/cross_path_random_grapha2_sel42_43_train42_43_20260917/runs/pathmnist/graph_a2/ratio_0.05/selection_seed_43/train_seed_43/aug_0/final.pt,62ede3989f9e5fcce5a1f796aa14f82eb6521242f734d5b77355020186bf4888,0.3433065062055465,0.3862485226112201,defocus_blur,pathmnist,0.33185640558143836,2068,graph_a2,9,7180,4491,2.160694284666967,0.05,0.9813153961136024,1.0,0.5929203539823009,0.6703470031545742,0.02705314009661836,0.06418918918918919,0.970310391363023,0.23515439429928742,0.20681265206812652,0.38979805013927576,5744,43,ec39bad736a07f0b7c5b21f33ca889bac827028695b0f36bb7c6690259eea318,3,43,0.02705314009661836
0.49972144846796657,0,0.3336164734091829,0.46633657657567873,0.8250783635858788,499,/mnt/prj01/hgrp-1502-5TB/xuxiaoyu/reliability_medmnistc_ab/formal_runs/cross_path_random_grapha2_sel42_43_train42_43_20260917/runs/pathmnist/graph_a2/ratio_0.05/selection_seed_43/train_seed_43/aug_0/final.pt,62ede3989f9e5fcce5a1f796aa14f82eb6521242f734d5b77355020186bf4888,0.4045368763261702,0.41136929555808,defocus_blur,pathmnist,0.36478817047431944,2221,graph_a2,9,7180,4491,2.4391158185322337,0.05,0.984304932735426,1.0,0.5221238938053098,0.38801261829652994,0.001932367149758454,0.05912162162162162,0.9325236167341431,0.1330166270783848,0.1759935117599351,0.44324512534818944,5744,43,ec39bad736a07f0b7c5b21f33ca889bac827028695b0f36bb7c6690259eea318,4,43,0.001932367149758454
0.4467966573816156,0,0.3857368570035704,0.3992305079333646,0.9322372573581289,499,/mnt/prj01/hgrp-1502-5TB/xuxiaoyu/reliability_medmnistc_ab/formal_runs/cross_path_random_grapha2_sel42_43_train42_43_20260917/runs/pathmnist/graph_a2/ratio_0.05/selection_seed_43/train_seed_43/aug_0/final.pt,62ede3989f9e5fcce5a1f796aa14f82eb6521242f734d5b77355020186bf4888,0.4716429449684843,0.41233547913295926,defocus_blur,pathmnist,0.42027757889630074,2551,graph_a2,9,7180,4491,2.8859043941443905,0.05,0.9880418535127056,1.0,0.4808259587020649,0.02050473186119874,0.000966183574879227,0.05067567567567568,0.8475033738191633,0.05938242280285035,0.14517437145174372,0.498433147632312,5744,43,ec39bad736a07f0b7c5b21f33ca889bac827028695b0f36bb7c6690259eea318,5,43,0.000966183574879227
0.8690807799442897,0,0.02825537694238515,0.850854845303997,0.19485720665984435,499,/mnt/prj01/hgrp-1502-5TB/xuxiaoyu/reliability_medmnistc_ab/formal_runs/cross_path_random_grapha2_sel42_43_train42_43_20260917/runs/pathmnist/graph_a2/ratio_0.05/selection_seed_43/train_seed_43/aug_0/final.pt,62ede3989f9e5fcce5a1f796aa14f82eb6521242f734d5b77355020186bf4888,0.0200186075978519,-0.1496437054631829,jpeg_compression,pathmnist,0.04477736600428235,360,graph_a2,9,7180,4491,0.4045732787374574,0.05,0.8340807174887892,1.0,0.9380530973451328,0.9905362776025236,0.9468599033816425,0.5878378378378378,0.9149797570850202,0.5629453681710214,0.8824006488240065,0.052750696378830085,5744,43,ec39bad736a07f0b7c5b21f33ca889bac827028695b0f36bb7c6690259eea318,1,43,0.5629453681710214
0.8688022284122563,0,0.031838493033683815,0.834725189583505,0.19804465571392144,499,/mnt/prj01/hgrp-1502-5TB/xuxiaoyu/reliability_medmnistc_ab/formal_runs/cross_path_random_grapha2_sel42_43_train42_43_20260917/runs/pathmnist/graph_a2/ratio_0.05/selection_seed_43/train_seed_43/aug_0/final.pt,62ede3989f9e5fcce5a1f796aa14f82eb6521242f734d5b77355020186bf4888,0.036148263318343976,-0.008995634589458845,jpeg_compression,pathmnist,0.042699852618998495,383,graph_a2,9,7180,4491,0.4288016251743954,0.05,0.9357249626307922,1.0,0.9085545722713865,0.9873817034700315,0.9594202898550724,0.4222972972972973,0.8920377867746289,0.5344418052256532,0.8726682887266829,0.05762534818941504,5744,43,ec39bad736a07f0b7c5b21f33ca889bac827028695b0f36bb7c6690259eea318,2,43,0.4222972972972973
0.7559888579387186,0,0.09189757583636188,0.7282153842123883,0.3799156000481806,499,/mnt/prj01/hgrp-1502-5TB/xuxiaoyu/reliability_medmnistc_ab/formal_runs/cross_path_random_grapha2_sel42_43_train42_43_20260917/runs/pathmnist/graph_a2/ratio_0.05/selection_seed_43/train_seed_43/aug_0/final.pt,62ede3989f9e5fcce5a1f796aa14f82eb6521242f734d5b77355020186bf4888,0.14265806868946063,0.22749085189702767,jpeg_compression,pathmnist,0.12693773149862927,896,graph_a2,9,7180,4491,0.8730292593814099,0.05,0.6165919282511211,1.0,0.7669616519174042,0.9858044164037855,0.9681159420289855,0.1858108108108108,0.7611336032388664,0.45605700712589076,0.813463098134631,0.1671309192200557,5744,43,ec39bad736a07f0b7c5b21f33ca889bac827028695b0f36bb7c6690259eea318,3,43,0.1858108108108108
0.6671309192200557,0,0.18154675705325146,0.6374162415899186,0.516549037145176,499,/mnt/prj01/hgrp-1502-5TB/xuxiaoyu/reliability_medmnistc_ab/formal_runs/cross_path_random_grapha2_sel42_43_train42_43_20260917/runs/pathmnist/graph_a2/ratio_0.05/selection_seed_43/train_seed_43/aug_0/final.pt,62ede3989f9e5fcce5a1f796aa14f82eb6521242f734d5b77355020186bf4888,0.2334572113119303,0.28830166270783847,jpeg_compression,pathmnist,0.18118681893956362,1189,graph_a2,9,7180,4491,1.2357212105575017,0.05,0.5067264573991032,1.0,0.5693215339233039,0.9321766561514195,0.9449275362318841,0.125,0.6680161943319838,0.35391923990498814,0.6366585563665855,0.2700208913649025,5744,43,ec39bad736a07f0b7c5b21f33ca889bac827028695b0f36bb7c6690259eea318,4,43,0.125
0.6165738161559888,0,0.21285138926595973,0.590174071797215,0.592202243813571,499,/mnt/prj01/hgrp-1502-5TB/xuxiaoyu/reliability_medmnistc_ab/formal_runs/cross_path_random_grapha2_sel42_43_train42_43_20260917/runs/pathmnist/graph_a2/ratio_0.05/selection_seed_43/train_seed_43/aug_0/final.pt,62ede3989f9e5fcce5a1f796aa14f82eb6521242f734d5b77355020186bf4888,0.2806993811046339,0.37276112216729795,jpeg_compression,pathmnist,0.21732155154134905,1360,graph_a2,9,7180,4491,1.438054683223498,0.05,0.3789237668161435,1.0,0.6106194690265486,0.638801261829653,0.9497584541062802,0.04054054054054054,0.6248313090418354,0.4014251781472684,0.6666666666666666,0.3321727019498607,5744,43,ec39bad736a07f0b7c5b21f33ca889bac827028695b0f36bb7c6690259eea318,5,43,0.04054054054054054
0.7183844011142061,0,0.11844392463346157,0.6973557565042188,0.4469067167772954,499,/mnt/prj01/hgrp-1502-5TB/xuxiaoyu/reliability_medmnistc_ab/formal_runs/cross_path_random_grapha2_sel42_43_train42_43_20260917/runs/pathmnist/graph_a2/ratio_0.05/selection_seed_43/train_seed_43/aug_0/final.pt,62ede3989f9e5fcce5a1f796aa14f82eb6521242f734d5b77355020186bf4888,0.17351769639763015,0.10755841946459521,motion_blur,pathmnist,0.16674274558144359,1149,graph_a2,9,7180,4491,1.0326017253428283,0.05,0.9491778774289985,1.0,0.5722713864306784,0.9116719242902208,0.6231884057971014,0.30574324324324326,0.970310391363023,0.5415676959619953,0.40227088402270883,0.2181406685236769,5744,43,ec39bad736a07f0b7c5b21f33ca889bac827028695b0f36bb7c6690259eea318,1,43,0.30574324324324326
0.7149025069637883,0,0.123327726994319,0.6923011861810799,0.45392029745084134,499,/mnt/prj01/hgrp-1502-5TB/xuxiaoyu/reliability_medmnistc_ab/formal_runs/cross_path_random_grapha2_sel42_43_train42_43_20260917/runs/pathmnist/graph_a2/ratio_0.05/selection_seed_43/train_seed_43/aug_0/final.pt,62ede3989f9e5fcce5a1f796aa14f82eb6521242f734d5b77355020186bf4888,0.17857226672076898,0.11262598703216281,motion_blur,pathmnist,0.167930534004667,1169,graph_a2,9,7180,4491,1.0505058790797646,0.05,0.9551569506726457,1.0,0.6017699115044248,0.8943217665615142,0.5642512077294686,0.30067567567567566,0.9689608636977058,0.503562945368171,0.4420113544201135,0.22423398328690808,5744,43,ec39bad736a07f0b7c5b21f33ca889bac827028695b0f36bb7c6690259eea318,2,43,0.30067567567567566
0.7125348189415042,0,0.12191841513431141,0.6893267981345859,0.45404843813236856,499,/mnt/prj01/hgrp-1502-5TB/xuxiaoyu/reliability_medmnistc_ab/formal_runs/cross_path_random_grapha2_sel42_43_train42_43_20260917/runs/pathmnist/graph_a2/ratio_0.05/selection_seed_43/train_seed_43/aug_0/final.pt,62ede3989f9e5fcce5a1f796aa14f82eb6521242f734d5b77355020186bf4888,0.18154665476726306,0.12276112216729795,motion_blur,pathmnist,0.17155357360175721,1165,graph_a2,9,7180,4491,1.0447315052295667,0.05,0.9566517189835575,1.0,0.5781710914454278,0.9085173501577287,0.5739130434782609,0.2905405405405405,0.97165991902834,0.503562945368171,0.4209245742092457,0.22127437325905291,5744,43,ec39bad736a07f0b7c5b21f33ca889bac827028695b0f36bb7c6690259eea318,3,43,0.2905405405405405
0.6069637883008356,0,0.22662672105484546,0.5763211284867098,0.628321031427983,499,/mnt/prj01/hgrp-1502-5TB/xuxiaoyu/reliability_medmnistc_ab/formal_runs/cross_path_random_grapha2_sel42_43_train42_43_20260917/runs/pathmnist/graph_a2/ratio_0.05/selection_seed_43/train_seed_43/aug_0/final.pt,62ede3989f9e5fcce5a1f796aa14f82eb6521242f734d5b77355020186bf4888,0.2945523244151391,0.14809896000513578,motion_blur,pathmnist,0.24972796098933575,1621,graph_a2,9,7180,4491,1.5820087308207555,0.05,0.9656203288490284,1.0,0.5191740412979351,0.4069400630914827,0.26666666666666666,0.2652027027027027,0.9379217273954116,0.44418052256532065,0.38118410381184104,0.34192200557103064,5744,43,ec39bad736a07f0b7c5b21f33ca889bac827028695b0f36bb7c6690259eea318,4,43,0.2652027027027027
0.4987465181058496,0,0.3380112330924261,0.46211842999224473,0.8140547849919223,499,/mnt/prj01/hgrp-1502-5TB/xuxiaoyu/reliability_medmnistc_ab/formal_runs/cross_path_random_grapha2_sel42_43_train42_43_20260917/runs/pathmnist/graph_a2/ratio_0.05/selection_seed_43/train_seed_43/aug_0/final.pt,62ede3989f9e5fcce5a1f796aa14f82eb6521242f734d5b77355020186bf4888,0.4087550229096042,0.38806506964790155,motion_blur,pathmnist,0.3410308839509414,2070,graph_a2,9,7180,4491,2.295679624700611,0.05,0.976831091180867,1.0,0.5398230088495575,0.025236593059936908,0.1072463768115942,0.22297297297297297,0.7449392712550608,0.28978622327790976,0.2522303325223033,0.45386490250696376,5744,43,ec39bad736a07f0b7c5b21f33ca889bac827028695b0f36bb7c6690259eea318,5,43,0.025236593059936908
0.8926183844011142,0,0.018850256251067277,0.8742025178426113,0.15666516459236504,499,/mnt/prj01/hgrp-1502-5TB/xuxiaoyu/reliability_medmnistc_ab/formal_runs/cross_path_random_grapha2_sel42_43_train42_43_20260917/runs/pathmnist/graph_a2/ratio_0.05/selection_seed_43/train_seed_43/aug_0/final.pt,62ede3989f9e5fcce5a1f796aa14f82eb6521242f734d5b77355020186bf4888,-0.0033290649407623496,-0.0665083135391924,pixelate,pathmnist,0.034346378335215595,267,graph_a2,9,7180,4491,0.3385802104186441,0.05,0.8677130044843049,1.0,0.9410029498525073,0.9936908517350158,0.9516908212560387,0.8192567567567568,0.9298245614035088,0.47980997624703087,0.8848337388483374,0.029596100278551533,5744,43,ec39bad736a07f0b7c5b21f33ca889bac827028695b0f36bb7c6690259eea318,1,43,0.47980997624703087
0.8842618384401114,0,0.021603315920030383,0.8675841055180986,0.16973094936288868,499,/mnt/prj01/hgrp-1502-5TB/xuxiaoyu/reliability_medmnistc_ab/formal_runs/cross_path_random_grapha2_sel42_43_train42_43_20260917/runs/pathmnist/graph_a2/ratio_0.05/selection_seed_43/train_seed_43/aug_0/final.pt,62ede3989f9e5fcce5a1f796aa14f82eb6521242f734d5b77355020186bf4888,0.0032893473837503073,-0.1282660332541568,pixelate,pathmnist,0.037450042431318026,297,graph_a2,9,7180,4491,0.36331410627776967,0.05,0.8849028400597907,1.0,0.9321533923303835,0.9952681388012619,0.9507246376811594,0.7381756756756757,0.9244264507422402,0.5415676959619953,0.8410381184103812,0.03743036211699164,5744,43,ec39bad736a07f0b7c5b21f33ca889bac827028695b0f36bb7c6690259eea318,2,43,0.5415676959619953
0.8479108635097493,0,0.035548613715816656,0.8274323581186557,0.2275135654525535,499,/mnt/prj01/hgrp-1502-5TB/xuxiaoyu/reliability_medmnistc_ab/formal_runs/cross_path_random_grapha2_sel42_43_train42_43_20260917/runs/pathmnist/graph_a2/ratio_0.05/selection_seed_43/train_seed_43/aug_0/final.pt,62ede3989f9e5fcce5a1f796aa14f82eb6521242f734d5b77355020186bf4888,0.043441094783193246,-0.014063202157026389,pixelate,pathmnist,0.0645694282725661,461,graph_a2,9,7180,4491,0.4854370350570501,0.05,0.9147982062780269,1.0,0.9410029498525073,0.9952681388012619,0.9294685990338164,0.42736486486486486,0.921727395411606,0.5605700712589073,0.7566909975669099,0.06911559888579387,5744,43,ec39bad736a07f0b7c5b21f33ca889bac827028695b0f36bb7c6690259eea318,3,43,0.42736486486486486
0.833008356545961,0,0.04208767820498763,0.8060479624070986,0.25368090867458476,499,/mnt/prj01/hgrp-1502-5TB/xuxiaoyu/reliability_medmnistc_ab/formal_runs/cross_path_random_grapha2_sel42_43_train42_43_20260917/runs/pathmnist/graph_a2/ratio_0.05/selection_seed_43/train_seed_43/aug_0/final.pt,62ede3989f9e5fcce5a1f796aa14f82eb6521242f734d5b77355020186bf4888,0.06482549049475028,0.14134220324837898,pixelate,pathmnist,0.07272054070715783,524,graph_a2,9,7180,4491,0.5497582063220331,0.05,0.9304932735426009,1.0,0.9321533923303835,0.9952681388012619,0.8869565217391304,0.2719594594594595,0.9311740890688259,0.5391923990498813,0.7672343876723439,0.08443593314763231,5744,43,ec39bad736a07f0b7c5b21f33ca889bac827028695b0f36bb7c6690259eea318,4,43,0.2719594594594595
0.8260445682451254,0,0.044055516087014426,0.7895366407724683,0.25280700681622836,499,/mnt/prj01/hgrp-1502-5TB/xuxiaoyu/reliability_medmnistc_ab/formal_runs/cross_path_random_grapha2_sel42_43_train42_43_20260917/runs/pathmnist/graph_a2/ratio_0.05/selection_seed_43/train_seed_43/aug_0/final.pt,62ede3989f9e5fcce5a1f796aa14f82eb6521242f734d5b77355020186bf4888,0.0813368121293806,0.0498812351543943,pixelate,pathmnist,0.06237449787536372,429,graph_a2,9,7180,4491,0.5396647222484278,0.05,0.8632286995515696,1.0,0.9380530973451328,0.9463722397476341,0.8705314009661835,0.3783783783783784,0.8529014844804319,0.36342042755344417,0.8929440389294404,0.0868732590529248,5744,43,ec39bad736a07f0b7c5b21f33ca889bac827028695b0f36bb7c6690259eea318,5,43,0.36342042755344417
0.8798050139275766,0,0.030810443051502958,0.8602593583021498,0.17998802565684352,499,/mnt/prj01/hgrp-1502-5TB/xuxiaoyu/reliability_medmnistc_ab/formal_runs/cross_path_random_grapha2_sel42_43_train42_43_20260917/runs/pathmnist/graph_a2/ratio_0.05/selection_seed_43/train_seed_43/aug_0/final.pt,62ede3989f9e5fcce5a1f796aa14f82eb6521242f734d5b77355020186bf4888,0.010614094599699087,0.0,saturate,pathmnist,0.03693534020427877,318,graph_a2,9,7180,4491,0.41949137307689205,0.05,0.9424514200298953,1.0,0.9233038348082596,0.9400630914826499,0.8695652173913043,0.8952702702702703,0.9595141700404858,0.41330166270783847,0.7988645579886455,0.04369777158774373,5744,43,ec39bad736a07f0b7c5b21f33ca889bac827028695b0f36bb7c6690259eea318,1,43,0.41330166270783847
0.7384401114206128,0,0.11701448112424498,0.7417972951856652,0.4008838531566408,499,/mnt/prj01/hgrp-1502-5TB/xuxiaoyu/reliability_medmnistc_ab/formal_runs/cross_path_random_grapha2_sel42_43_train42_43_20260917/runs/pathmnist/graph_a2/ratio_0.05/selection_seed_43/train_seed_43/aug_0/final.pt,62ede3989f9e5fcce5a1f796aa14f82eb6521242f734d5b77355020186bf4888,0.12907615771618375,0.07600950118764843,saturate,pathmnist,0.11476595736936274,807,graph_a2,9,7180,4491,0.9316159874404802,0.05,0.7982062780269058,1.0,0.911504424778761,0.6435331230283912,0.6086956521739131,0.9037162162162162,0.921727395411606,0.33729216152019004,0.551500405515004,0.18993732590529247,5744,43,ec39bad736a07f0b7c5b21f33ca889bac827028695b0f36bb7c6690259eea318,2,43,0.33729216152019004
0.49568245125348187,0,0.3115424527690035,0.551134464731599,0.7865560202661882,499,/mnt/prj01/hgrp-1502-5TB/xuxiaoyu/reliability_medmnistc_ab/formal_runs/cross_path_random_grapha2_sel42_43_train42_43_20260917/runs/pathmnist/graph_a2/ratio_0.05/selection_seed_43/train_seed_43/aug_0/final.pt,62ede3989f9e5fcce5a1f796aa14f82eb6521242f734d5b77355020186bf4888,0.3197389881702499,0.2896301651232974,saturate,pathmnist,0.31873153721223635,1889,graph_a2,9,7180,4491,1.9552501726092566,0.05,0.43871449925261585,1.0,0.8938053097345132,0.48580441640378547,0.12367149758454106,0.875,0.7165991902834008,0.2327790973871734,0.19383617193836172,0.4648328690807799,5744,43,ec39bad736a07f0b7c5b21f33ca889bac827028695b0f36bb7c6690259eea318,3,43,0.12367149758454106
0.3458217270194986,0,0.4297650392139384,0.42617860492249937,1.0453802892026658,499,/mnt/prj01/hgrp-1502-5TB/xuxiaoyu/reliability_medmnistc_ab/formal_runs/cross_path_random_grapha2_sel42_43_train42_43_20260917/runs/pathmnist/graph_a2/ratio_0.05/selection_seed_43/train_seed_43/aug_0/final.pt,62ede3989f9e5fcce5a1f796aa14f82eb6521242f734d5b77355020186bf4888,0.44469484797934955,0.4007412762344085,saturate,pathmnist,0.4693515318847965,2530,graph_a2,9,7180,4491,2.9098025277055863,0.05,0.1375186846038864,1.0,0.8731563421828908,0.43690851735015773,0.012560386473429951,0.8412162162162162,0.3792172739541161,0.12826603325415678,0.0267639902676399,0.6150766016713092,5744,43,ec39bad736a07f0b7c5b21f33ca889bac827028695b0f36bb7c6690259eea318,4,43,0.012560386473429951
0.27075208913649024,0,0.49709413558309645,0.35182674277259196,1.1757410885924464,499,/mnt/prj01/hgrp-1502-5TB/xuxiaoyu/reliability_medmnistc_ab/formal_runs/cross_path_random_grapha2_sel42_43_train42_43_20260917/runs/pathmnist/graph_a2/ratio_0.05/selection_seed_43/train_seed_43/aug_0/final.pt,62ede3989f9e5fcce5a1f796aa14f82eb6521242f734d5b77355020186bf4888,0.519046710129257,0.4124906326997282,saturate,pathmnist,0.5428038171427662,2715,graph_a2,9,7180,4491,3.535174921273434,0.05,0.017937219730941704,1.0,0.8643067846607669,0.3864353312302839,0.002898550724637681,0.7702702702702703,0.07152496626180836,0.052256532066508314,0.0008110300081103001,0.6768802228412256,5744,43,ec39bad736a07f0b7c5b21f33ca889bac827028695b0f36bb7c6690259eea318,5,43,0.0008110300081103001
0.8910863509749304,0,0.01787698717740884,0.8674556361660409,0.15811836386706526,499,/mnt/prj01/hgrp-1502-5TB/xuxiaoyu/reliability_medmnistc_ab/formal_runs/cross_path_random_grapha2_sel42_43_train42_43_20260917/runs/pathmnist/graph_a2/ratio_0.05/selection_seed_43/train_seed_43/aug_0/final.pt,62ede3989f9e5fcce5a1f796aa14f82eb6521242f734d5b77355020186bf4888,0.003417816735807988,0.026128266033254133,stain_deposit,pathmnist,0.02731335723466529,251,graph_a2,9,7180,4491,0.34276335643405254,0.05,0.8647234678624813,1.0,0.9469026548672567,0.9921135646687698,0.9458937198067633,0.8429054054054054,0.9149797570850202,0.38717339667458434,0.9124087591240876,0.029944289693593314,5744,43,ec39bad736a07f0b7c5b21f33ca889bac827028695b0f36bb7c6690259eea318,1,43,0.38717339667458434
0.8885793871866295,0,0.018882049495467033,0.8623877765798783,0.1611808577547386,499,/mnt/prj01/hgrp-1502-5TB/xuxiaoyu/reliability_medmnistc_ab/formal_runs/cross_path_random_grapha2_sel42_43_train42_43_20260917/runs/pathmnist/graph_a2/ratio_0.05/selection_seed_43/train_seed_43/aug_0/final.pt,62ede3989f9e5fcce5a1f796aa14f82eb6521242f734d5b77355020186bf4888,0.008485676321970614,0.045130641330166255,stain_deposit,pathmnist,0.022529026585784095,220,graph_a2,9,7180,4491,0.3531627042332272,0.05,0.8789237668161435,1.0,0.9410029498525073,0.9889589905362776,0.9478260869565217,0.8378378378378378,0.8920377867746289,0.3681710213776722,0.9067315490673155,0.03151114206128134,5744,43,ec39bad736a07f0b7c5b21f33ca889bac827028695b0f36bb7c6690259eea318,2,43,0.3681710213776722
0.883983286908078,0,0.02070984839447055,0.8597837500122851,0.16760611440836146,499,/mnt/prj01/hgrp-1502-5TB/xuxiaoyu/reliability_medmnistc_ab/formal_runs/cross_path_random_grapha2_sel42_43_train42_43_20260917/runs/pathmnist/graph_a2/ratio_0.05/selection_seed_43/train_seed_43/aug_0/final.pt,62ede3989f9e5fcce5a1f796aa14f82eb6521242f734d5b77355020186bf4888,0.01108970288956379,0.0498812351543943,stain_deposit,pathmnist,0.019200171928717882,214,graph_a2,9,7180,4491,0.3703312883416224,0.05,0.8804185351270553,1.0,0.9646017699115044,0.9873817034700315,0.9449275362318841,0.8344594594594594,0.873144399460189,0.36342042755344417,0.8896999188969992,0.03568941504178273,5744,43,ec39bad736a07f0b7c5b21f33ca889bac827028695b0f36bb7c6690259eea318,3,43,0.36342042755344417
0.8753481894150418,0,0.022798572954923938,0.8502617828580877,0.18101228542752962,499,/mnt/prj01/hgrp-1502-5TB/xuxiaoyu/reliability_medmnistc_ab/formal_runs/cross_path_random_grapha2_sel42_43_train42_43_20260917/runs/pathmnist/graph_a2/ratio_0.05/selection_seed_43/train_seed_43/aug_0/final.pt,62ede3989f9e5fcce5a1f796aa14f82eb6521242f734d5b77355020186bf4888,0.020611670043761188,0.06413301662707838,stain_deposit,pathmnist,0.01798207917377809,212,graph_a2,9,7180,4491,0.3958836833270294,0.05,0.8849028400597907,1.0,0.9557522123893806,0.9842271293375394,0.9420289855072463,0.8344594594594594,0.8299595141700404,0.3491686460807601,0.8718572587185726,0.040564066852367686,5744,43,ec39bad736a07f0b7c5b21f33ca889bac827028695b0f36bb7c6690259eea318,4,43,0.3491686460807601
0.8577994428969359,0,0.02852444985172846,0.8328833194183639,0.20608798896558408,499,/mnt/prj01/hgrp-1502-5TB/xuxiaoyu/reliability_medmnistc_ab/formal_runs/cross_path_random_grapha2_sel42_43_train42_43_20260917/runs/pathmnist/graph_a2/ratio_0.05/selection_seed_43/train_seed_43/aug_0/final.pt,62ede3989f9e5fcce5a1f796aa14f82eb6521242f734d5b77355020186bf4888,0.03799013348348501,0.09738717339667458,stain_deposit,pathmnist,0.008816406560392422,209,graph_a2,9,7180,4491,0.457017571579636,0.05,0.8871449925261584,1.0,0.9646017699115044,0.9763406940063092,0.9342995169082126,0.8260135135135135,0.757085020242915,0.3159144893111639,0.8345498783454988,0.05814763231197772,5744,43,ec39bad736a07f0b7c5b21f33ca889bac827028695b0f36bb7c6690259eea318,5,43,0.3159144893111639
0.811142061281337,0,0.05911687128112716,0.7819468073401546,0.28769642958056224,199,/mnt/prj01/hgrp-1502-5TB/xuxiaoyu/reliability_medmnistc_ab/formal_runs/cross_path_random_grapha2_sel42_43_train42_43_20260917/runs/pathmnist/random/ratio_0.02/selection_seed_42/train_seed_42/aug_0/final.pt,e5aefa6947d67cff4ee002078037e353217acb4e10c99e068b2666bff1b9a5c4,,,clean,pathmnist,0.08205471794668348,611,random,9,7180,1791,0.6435405757573379,0.02,0.8400597907324364,1.0,0.7286135693215339,0.9132492113564669,0.8705314009661835,0.6452702702702703,0.8380566801619433,0.4418052256532066,0.7599351175993512,0.11368384401114207,5744,42,c6fbc4655e7cc4a91be2f8d4f49a94059d76a2d6a33a3a7bc6e4b4197890282a,0,42,0.4418052256532066
0.5206128133704735,0,0.24629423705811285,0.4479126230582044,0.795757679785891,199,/mnt/prj01/hgrp-1502-5TB/xuxiaoyu/reliability_medmnistc_ab/formal_runs/cross_path_random_grapha2_sel42_43_train42_43_20260917/runs/pathmnist/random/ratio_0.02/selection_seed_42/train_seed_42/aug_0/final.pt,e5aefa6947d67cff4ee002078037e353217acb4e10c99e068b2666bff1b9a5c4,0.33403418428195025,0.44045569798788947,brightness_down,pathmnist,0.3540672584911575,2062,random,9,7180,1791,2.5641214899391778,0.02,1.0,1.0,0.5014749262536873,0.7444794952681388,0.1323671497584541,0.02027027027027027,0.001349527665317139,0.021377672209026127,0.6098945660989457,0.40842618384401114,5744,42,c6fbc4655e7cc4a91be2f8d4f49a94059d76a2d6a33a3a7bc6e4b4197890282a,1,42,0.001349527665317139
0.4387186629526462,0,0.29090306627348445,0.37941759622961235,0.9549036656831379,199,/mnt/prj01/hgrp-1502-5TB/xuxiaoyu/reliability_medmnistc_ab/formal_runs/cross_path_random_grapha2_sel42_43_train42_43_20260917/runs/pathmnist/random/ratio_0.02/selection_seed_42/train_seed_42/aug_0/final.pt,e5aefa6947d67cff4ee002078037e353217acb4e10c99e068b2666bff1b9a5c4,0.4025292111105423,0.4418052256532066,brightness_down,pathmnist,0.4414678733245908,2608,random,9,7180,1791,3.1081473149480474,0.02,1.0,1.0,0.49852507374631266,0.555205047318612,0.005797101449275362,0.0,0.0,0.0,0.35523114355231145,0.49495125348189417,5744,42,c6fbc4655e7cc4a91be2f8d4f49a94059d76a2d6a33a3a7bc6e4b4197890282a,2,42,0.0
0.39192200557103063,0,0.3818955723111743,0.34659857195948357,1.0845080802555693,199,/mnt/prj01/hgrp-1502-5TB/xuxiaoyu/reliability_medmnistc_ab/formal_runs/cross_path_random_grapha2_sel42_43_train42_43_20260917/runs/pathmnist/random/ratio_0.02/selection_seed_42/train_seed_42/aug_0/final.pt,e5aefa6947d67cff4ee002078037e353217acb4e10c99e068b2666bff1b9a5c4,0.4353482353806711,0.4418052256532066,brightness_down,pathmnist,0.5112018223301946,3200,random,9,7180,1791,3.884816310756222,0.02,0.9985052316890882,1.0,0.49557522123893805,0.5141955835962145,0.0,0.0,0.0,0.0,0.1111111111111111,0.5482242339832869,5744,42,c6fbc4655e7cc4a91be2f8d4f49a94059d76a2d6a33a3a7bc6e4b4197890282a,3,42,0.0
0.3597493036211699,0,0.492185085701006,0.3240332900823947,1.1686461158655974,199,/mnt/prj01/hgrp-1502-5TB/xuxiaoyu/reliability_medmnistc_ab/formal_runs/cross_path_random_grapha2_sel42_43_train42_43_20260917/runs/pathmnist/random/ratio_0.02/selection_seed_42/train_seed_42/aug_0/final.pt,e5aefa6947d67cff4ee002078037e353217acb4e10c99e068b2666bff1b9a5c4,0.45791351725775997,0.4418052256532066,brightness_down,pathmnist,0.5515928323803505,3605,random,9,7180,1791,4.575308167868532,0.02,0.8863976083707026,1.0,0.49557522123893805,0.46214511041009465,0.0,0.0,0.0,0.0,0.07218167072181671,0.5950557103064067,5744,42,c6fbc4655e7cc4a91be2f8d4f49a94059d76a2d6a33a3a7bc6e4b4197890282a,4,42,0.0
0.3448467966573816,0,0.5555948509633539,0.3092075744175691,1.237820473659166,199,/mnt/prj01/hgrp-1502-5TB/xuxiaoyu/reliability_medmnistc_ab/formal_runs/cross_path_random_grapha2_sel42_43_train42_43_20260917/runs/pathmnist/random/ratio_0.02/selection_seed_42/train_seed_42/aug_0/final.pt,e5aefa6947d67cff4ee002078037e353217acb4e10c99e068b2666bff1b9a5c4,0.4727392329225856,0.4418052256532066,brightness_down,pathmnist,0.5662945977741629,3985,random,9,7180,1791,5.148094651277414,0.02,0.8639760837070254,1.0,0.48672566371681414,0.3753943217665615,0.0,0.0,0.0,0.0,0.05677210056772101,0.6836699164345403,5744,42,c6fbc4655e7cc4a91be2f8d4f49a94059d76a2d6a33a3a7bc6e4b4197890282a,5,42,0.0
0.29331476323119776,0,0.5369653820059207,0.3417896861845946,1.190075890035911,199,/mnt/prj01/hgrp-1502-5TB/xuxiaoyu/reliability_medmnistc_ab/formal_runs/cross_path_random_grapha2_sel42_43_train42_43_20260917/runs/pathmnist/random/ratio_0.02/selection_seed_42/train_seed_42/aug_0/final.pt,e5aefa6947d67cff4ee002078037e353217acb4e10c99e068b2666bff1b9a5c4,0.44015712115556005,0.42396256547478,brightness_up,pathmnist,0.5417979978440034,3293,random,9,7180,1791,3.6022294912824924,0.02,0.12929745889387145,1.0,0.46607669616519176,0.23817034700315456,0.10338164251207729,0.5287162162162162,0.26720647773279355,0.3254156769596199,0.017842660178426603,0.6991643454038997,5744,42,c6fbc4655e7cc4a91be2f8d4f49a94059d76a2d6a33a3a7bc6e4b4197890282a,1,42,0.017842660178426603
0.19860724233983287,0,0.6070818631403383,0.23140337578073872,1.3971563600078698,199,/mnt/prj01/hgrp-1502-5TB/xuxiaoyu/reliability_medmnistc_ab/formal_runs/cross_path_random_grapha2_sel42_43_train42_43_20260917/runs/pathmnist/random/ratio_0.02/selection_seed_42/train_seed_42/aug_0/final.pt,e5aefa6947d67cff4ee002078037e353217acb4e10c99e068b2666bff1b9a5c4,0.550543431559416,0.4418052256532066,brightness_up,pathmnist,0.6576339265264177,3995,random,9,7180,1791,4.961008559060375,0.02,0.03139013452914798,1.0,0.3480825958702065,0.09779179810725552,0.02608695652173913,0.3293918918918919,0.0931174089068826,0.15676959619952494,0.0,0.7989206128133705,5744,42,c6fbc4655e7cc4a91be2f8d4f49a94059d76a2d6a33a3a7bc6e4b4197890282a,2,42,0.0
0.1540389972144847,0,0.638276344301261,0.17422292225515068,1.4809116141513787,199,/mnt/prj01/hgrp-1502-5TB/xuxiaoyu/reliability_medmnistc_ab/formal_runs/cross_path_random_grapha2_sel42_43_train42_43_20260917/runs/pathmnist/random/ratio_0.02/selection_seed_42/train_seed_42/aug_0/final.pt,e5aefa6947d67cff4ee002078037e353217acb4e10c99e068b2666bff1b9a5c4,0.607723885085004,0.4418052256532066,brightness_up,pathmnist,0.7095736472595038,4255,random,9,7180,1791,5.4425319340756255,0.02,0.008968609865470852,1.0,0.3185840707964602,0.015772870662460567,0.012560386473429951,0.11824324324324324,0.020242914979757085,0.07363420427553444,0.0,0.8318245125348189,5744,42,c6fbc4655e7cc4a91be2f8d4f49a94059d76a2d6a33a3a7bc6e4b4197890282a,3,42,0.0
0.14428969359331476,0,0.6656497504266868,0.1632135606578448,1.510807189594015,199,/mnt/prj01/hgrp-1502-5TB/xuxiaoyu/reliability_medmnistc_ab/formal_runs/cross_path_random_grapha2_sel42_43_train42_43_20260917/runs/pathmnist/random/ratio_0.02/selection_seed_42/train_seed_42/aug_0/final.pt,e5aefa6947d67cff4ee002078037e353217acb4e10c99e068b2666bff1b9a5c4,0.6187332466823099,0.4418052256532066,brightness_up,pathmnist,0.7266598811264158,4387,random,9,7180,1791,5.642240175753825,0.02,0.0,0.9964580873671782,0.336283185840708,0.0,0.010628019323671498,0.0625,0.010796221322537112,0.052256532066508314,0.0,0.838266016713092,5744,42,c6fbc4655e7cc4a91be2f8d4f49a94059d76a2d6a33a3a7bc6e4b4197890282a,4,42,0.0
0.1288300835654596,0,0.7316509855515849,0.14629598219775242,1.5451616009515687,199,/mnt/prj01/hgrp-1502-5TB/xuxiaoyu/reliability_medmnistc_ab/formal_runs/cross_path_random_grapha2_sel42_43_train42_43_20260917/runs/pathmnist/random/ratio_0.02/selection_seed_42/train_seed_42/aug_0/final.pt,e5aefa6947d67cff4ee002078037e353217acb4e10c99e068b2666bff1b9a5c4,0.6356508251424022,0.4418052256532066,brightness_up,pathmnist,0.744972972953718,4492,random,9,7180,1791,5.962612090951104,0.02,0.0,0.9067296340023613,0.3421828908554572,0.0,0.012560386473429951,0.02533783783783784,0.001349527665317139,0.028503562945368172,0.0,0.8532381615598886,5744,42,c6fbc4655e7cc4a91be2f8d4f49a94059d76a2d6a33a3a7bc6e4b4197890282a,5,42,0.0
0.8008356545961003,0,0.06311498485701487,0.7664748706507427,0.3006456831648695,199,/mnt/prj01/hgrp-1502-5TB/xuxiaoyu/reliability_medmnistc_ab/formal_runs/cross_path_random_grapha2_sel42_43_train42_43_20260917/runs/pathmnist/random/ratio_0.02/selection_seed_42/train_seed_42/aug_0/final.pt,e5aefa6947d67cff4ee002078037e353217acb4e10c99e068b2666bff1b9a5c4,0.015471936689411936,-0.009501187648456089,bubble,pathmnist,0.08836844823320594,612,random,9,7180,1791,0.659386531858489,0.02,0.8139013452914798,1.0,0.6696165191740413,0.917981072555205,0.8917874396135266,0.5540540540540541,0.8299595141700404,0.4513064133016627,0.7696674776966748,0.12134401114206128,5744,42,c6fbc4655e7cc4a91be2f8d4f49a94059d76a2d6a33a3a7bc6e4b4197890282a,1,42,0.4513064133016627
0.7973537604456824,0,0.06548159004527707,0.7644978763770909,0.3076846866795594,199,/mnt/prj01/hgrp-1502-5TB/xuxiaoyu/reliability_medmnistc_ab/formal_runs/cross_path_random_grapha2_sel42_43_train42_43_20260917/runs/pathmnist/random/ratio_0.02/selection_seed_42/train_seed_42/aug_0/final.pt,e5aefa6947d67cff4ee002078037e353217acb4e10c99e068b2666bff1b9a5c4,0.01744893096306377,-0.02612826603325419,bubble,pathmnist,0.08934941610378479,632,random,9,7180,1791,0.6687942272949888,0.02,0.8056801195814649,1.0,0.6637168141592921,0.9053627760252366,0.9033816425120773,0.5456081081081081,0.8394062078272605,0.4679334916864608,0.7493917274939172,0.12813370473537605,5744,42,c6fbc4655e7cc4a91be2f8d4f49a94059d76a2d6a33a3a7bc6e4b4197890282a,2,42,0.4679334916864608
0.7984679665738161,0,0.06594260330970131,0.7638680017747321,0.3087606483306108,199,/mnt/prj01/hgrp-1502-5TB/xuxiaoyu/reliability_medmnistc_ab/formal_runs/cross_path_random_grapha2_sel42_43_train42_43_20260917/runs/pathmnist/random/ratio_0.02/selection_seed_42/train_seed_42/aug_0/final.pt,e5aefa6947d67cff4ee002078037e353217acb4e10c99e068b2666bff1b9a5c4,0.018078805565422518,-0.04513064133016631,bubble,pathmnist,0.08724941947500026,645,random,9,7180,1791,0.6668159846671897,0.02,0.8086696562032885,1.0,0.6283185840707964,0.8927444794952681,0.9043478260869565,0.5574324324324325,0.8421052631578947,0.48693586698337293,0.754257907542579,0.12952646239554316,5744,42,c6fbc4655e7cc4a91be2f8d4f49a94059d76a2d6a33a3a7bc6e4b4197890282a,3,42,0.48693586698337293
0.7805013927576602,0,0.07560170121216563,0.741264434889561,0.334950520896097,199,/mnt/prj01/hgrp-1502-5TB/xuxiaoyu/reliability_medmnistc_ab/formal_runs/cross_path_random_grapha2_sel42_43_train42_43_20260917/runs/pathmnist/random/ratio_0.02/selection_seed_42/train_seed_42/aug_0/final.pt,e5aefa6947d67cff4ee002078037e353217acb4e10c99e068b2666bff1b9a5c4,0.040682372450593696,-0.022721801373820405,bubble,pathmnist,0.09655972816527389,698,random,9,7180,1791,0.717980932454603,0.02,0.7802690582959642,1.0,0.584070796460177,0.8596214511041009,0.914975845410628,0.46452702702702703,0.8259109311740891,0.48693586698337293,0.7550689375506894,0.15006963788300837,5744,42,c6fbc4655e7cc4a91be2f8d4f49a94059d76a2d6a33a3a7bc6e4b4197890282a,4,42,0.46452702702702703
0.7644846796657382,0,0.08382600414252377,0.722742659979002,0.35334637590141543,199,/mnt/prj01/hgrp-1502-5TB/xuxiaoyu/reliability_medmnistc_ab/formal_runs/cross_path_random_grapha2_sel42_43_train42_43_20260917/runs/pathmnist/random/ratio_0.02/selection_seed_42/train_seed_42/aug_0/final.pt,e5aefa6947d67cff4ee002078037e353217acb4e10c99e068b2666bff1b9a5c4,0.05920414736115265,0.011061982409963367,bubble,pathmnist,0.10538258594266221,731,random,9,7180,1791,0.7543219229177395,0.02,0.7571001494768311,1.0,0.5368731563421829,0.8249211356466877,0.923671497584541,0.43074324324324326,0.8407557354925776,0.4655581947743468,0.7250608272506083,0.1615598885793872,5744,42,c6fbc4655e7cc4a91be2f8d4f49a94059d76a2d6a33a3a7bc6e4b4197890282a,5,42,0.43074324324324326
0.5083565459610028,0,0.29633760405584797,0.45082936745164176,0.8072480857142675,199,/mnt/prj01/hgrp-1502-5TB/xuxiaoyu/reliability_medmnistc_ab/formal_runs/cross_path_random_grapha2_sel42_43_train42_43_20260917/runs/pathmnist/random/ratio_0.02/selection_seed_42/train_seed_42/aug_0/final.pt,e5aefa6947d67cff4ee002078037e353217acb4e10c99e068b2666bff1b9a5c4,0.3311174398885129,0.406717506354961,contrast_down,pathmnist,0.35227124596372617,2167,random,9,7180,1791,2.2976275357096787,0.02,0.40582959641255606,1.0,0.25073746312684364,0.7917981072555205,0.659903381642512,0.09797297297297297,0.03508771929824561,0.12351543942992874,0.6926196269261963,0.44237465181058494,5744,42,c6fbc4655e7cc4a91be2f8d4f49a94059d76a2d6a33a3a7bc6e4b4197890282a,1,42,0.03508771929824561
0.29637883008356547,0,0.4958105585520345,0.25825914766392405,1.1980704114106058,199,/mnt/prj01/hgrp-1502-5TB/xuxiaoyu/reliability_medmnistc_ab/formal_runs/cross_path_random_grapha2_sel42_43_train42_43_20260917/runs/pathmnist/random/ratio_0.02/selection_seed_42/train_seed_42/aug_0/final.pt,e5aefa6947d67cff4ee002078037e353217acb4e10c99e068b2666bff1b9a5c4,0.5236876596762305,0.4418052256532066,contrast_down,pathmnist,0.5625417867950411,3359,random,9,7180,1791,3.6884442130016244,0.02,0.3841554559043348,1.0,0.22418879056047197,0.17034700315457413,0.3342995169082126,0.033783783783783786,0.0,0.0023752969121140144,0.17518248175182483,0.6740947075208914,5744,42,c6fbc4655e7cc4a91be2f8d4f49a94059d76a2d6a33a3a7bc6e4b4197890282a,2,42,0.0
0.21364902506963787,0,0.5708558238478054,0.19096756436724538,1.4148651541017172,199,/mnt/prj01/hgrp-1502-5TB/xuxiaoyu/reliability_medmnistc_ab/formal_runs/cross_path_random_grapha2_sel42_43_train42_43_20260917/runs/pathmnist/random/ratio_0.02/selection_seed_42/train_seed_42/aug_0/final.pt,e5aefa6947d67cff4ee002078037e353217acb4e10c99e068b2666bff1b9a5c4,0.5909792429729093,0.4418052256532066,contrast_down,pathmnist,0.6858182254649471,4433,random,9,7180,1791,4.974421249235156,0.02,0.3938714499252616,1.0,0.24778761061946902,0.017350157728706624,0.043478260869565216,0.0,0.0,0.0,0.016220600162206,0.7674094707520891,5744,42,c6fbc4655e7cc4a91be2f8d4f49a94059d76a2d6a33a3a7bc6e4b4197890282a,3,42,0.0
0.20487465181058495,0,0.5839774908896795,0.180965268973361,1.4628433868864865,199,/mnt/prj01/hgrp-1502-5TB/xuxiaoyu/reliability_medmnistc_ab/formal_runs/cross_path_random_grapha2_sel42_43_train42_43_20260917/runs/pathmnist/random/ratio_0.02/selection_seed_42/train_seed_42/aug_0/final.pt,e5aefa6947d67cff4ee002078037e353217acb4e10c99e068b2666bff1b9a5c4,0.6009815383667937,0.4418052256532066,contrast_down,pathmnist,0.714134566066657,4722,random,9,7180,1791,5.534730939286919,0.02,0.40284005979073245,1.0,0.2153392330383481,0.0,0.004830917874396135,0.0,0.0,0.0,0.0056772100567721,0.7745473537604457,5744,42,c6fbc4655e7cc4a91be2f8d4f49a94059d76a2d6a33a3a7bc6e4b4197890282a,4,42,0.0
0.1967966573816156,0,0.596115059709372,0.16472067527664971,1.5051565069246258,199,/mnt/prj01/hgrp-1502-5TB/xuxiaoyu/reliability_medmnistc_ab/formal_runs/cross_path_random_grapha2_sel42_43_train42_43_20260917/runs/pathmnist/random/ratio_0.02/selection_seed_42/train_seed_42/aug_0/final.pt,e5aefa6947d67cff4ee002078037e353217acb4e10c99e068b2666bff1b9a5c4,0.617226132063505,0.4418052256532066,contrast_down,pathmnist,0.7397960271302372,5019,random,9,7180,1791,6.080330440205264,0.02,0.40284005979073245,1.0,0.07964601769911504,0.0,0.0,0.0,0.0,0.0,0.0,0.7874303621169917,5744,42,c6fbc4655e7cc4a91be2f8d4f49a94059d76a2d6a33a3a7bc6e4b4197890282a,5,42,0.0
0.6714484679665739,0,0.14700713202866006,0.6709644679176091,0.5213422888456398,199,/mnt/prj01/hgrp-1502-5TB/xuxiaoyu/reliability_medmnistc_ab/formal_runs/cross_path_random_grapha2_sel42_43_train42_43_20260917/runs/pathmnist/random/ratio_0.02/selection_seed_42/train_seed_42/aug_0/final.pt,e5aefa6947d67cff4ee002078037e353217acb4e10c99e068b2666bff1b9a5c4,0.11098233942254554,0.3055521842906762,contrast_up,pathmnist,0.19525619374593317,1222,random,9,7180,1791,1.357725222067427,0.02,0.905829596412556,1.0,0.6489675516224189,0.6703470031545742,0.6966183574879227,0.777027027027027,0.8164642375168691,0.38717339667458434,0.1362530413625304,0.25696378830083566,5744,42,c6fbc4655e7cc4a91be2f8d4f49a94059d76a2d6a33a3a7bc6e4b4197890282a,1,42,0.1362530413625304
0.5435933147632313,0,0.2866814873067688,0.5451971711095006,0.767518847423086,199,/mnt/prj01/hgrp-1502-5TB/xuxiaoyu/reliability_medmnistc_ab/formal_runs/cross_path_random_grapha2_sel42_43_train42_43_20260917/runs/pathmnist/random/ratio_0.02/selection_seed_42/train_seed_42/aug_0/final.pt,e5aefa6947d67cff4ee002078037e353217acb4e10c99e068b2666bff1b9a5c4,0.23674963623065404,0.43856110562076545,contrast_up,pathmnist,0.3131640305114822,2020,random,9,7180,1791,2.3477375984309075,0.02,0.8856502242152466,1.0,0.5663716814159292,0.5205047318611987,0.34879227053140094,0.5962837837837838,0.6747638326585695,0.31116389548693585,0.0032441200324412004,0.4099930362116992,5744,42,c6fbc4655e7cc4a91be2f8d4f49a94059d76a2d6a33a3a7bc6e4b4197890282a,2,42,0.0032441200324412004
0.4545961002785515,0,0.3941911147343848,0.45045328975079574,0.9051433170122866,199,/mnt/prj01/hgrp-1502-5TB/xuxiaoyu/reliability_medmnistc_ab/formal_runs/cross_path_random_grapha2_sel42_43_train42_43_20260917/runs/pathmnist/random/ratio_0.02/selection_seed_42/train_seed_42/aug_0/final.pt,e5aefa6947d67cff4ee002078037e353217acb4e10c99e068b2666bff1b9a5c4,0.3314935175893589,0.44099419564509634,contrast_up,pathmnist,0.37298791171946566,2251,random,9,7180,1791,2.955946587616319,0.02,0.8400597907324364,0.9964580873671782,0.5191740412979351,0.4274447949526814,0.1468599033816425,0.47635135135135137,0.4426450742240216,0.2042755344418052,0.0008110300081103001,0.5081824512534819,5744,42,c6fbc4655e7cc4a91be2f8d4f49a94059d76a2d6a33a3a7bc6e4b4197890282a,3,42,0.0008110300081103001
0.33133704735376046,0,0.6140536067354541,0.31699777085275865,1.0863773754203165,199,/mnt/prj01/hgrp-1502-5TB/xuxiaoyu/reliability_medmnistc_ab/formal_runs/cross_path_random_grapha2_sel42_43_train42_43_20260917/runs/pathmnist/random/ratio_0.02/selection_seed_42/train_seed_42/aug_0/final.pt,e5aefa6947d67cff4ee002078037e353217acb4e10c99e068b2666bff1b9a5c4,0.464949036487396,0.4418052256532066,contrast_up,pathmnist,0.4619874415436661,2609,random,9,7180,1791,3.513839724672972,0.02,0.8064275037369207,0.58913813459268,0.5014749262536873,0.36908517350157727,0.06956521739130435,0.2179054054054054,0.21862348178137653,0.08076009501187649,0.0,0.6444986072423399,5744,42,c6fbc4655e7cc4a91be2f8d4f49a94059d76a2d6a33a3a7bc6e4b4197890282a,4,42,0.0
0.20919220055710305,0,0.8319400023220449,0.1947826044016084,1.3258614629462593,199,/mnt/prj01/hgrp-1502-5TB/xuxiaoyu/reliability_medmnistc_ab/formal_runs/cross_path_random_grapha2_sel42_43_train42_43_20260917/runs/pathmnist/random/ratio_0.02/selection_seed_42/train_seed_42/aug_0/final.pt,e5aefa6947d67cff4ee002078037e353217acb4e10c99e068b2666bff1b9a5c4,0.5871642029385462,0.4418052256532066,contrast_up,pathmnist,0.5920587237000797,3320,random,9,7180,1791,4.651720231017152,0.02,0.6965620328849028,0.21723730814639905,0.5427728613569321,0.23817034700315456,0.02995169082125604,0.006756756756756757,0.021592442645074223,0.0,0.0,0.7809888579387186,5744,42,c6fbc4655e7cc4a91be2f8d4f49a94059d76a2d6a33a3a7bc6e4b4197890282a,5,42,0.0
0.5743732590529248,0,0.2259794478352135,0.5606145134361197,0.6973855875121712,199,/mnt/prj01/hgrp-1502-5TB/xuxiaoyu/reliability_medmnistc_ab/formal_runs/cross_path_random_grapha2_sel42_43_train42_43_20260917/runs/pathmnist/random/ratio_0.02/selection_seed_42/train_seed_42/aug_0/final.pt,e5aefa6947d67cff4ee002078037e353217acb4e10c99e068b2666bff1b9a5c4,0.22133229390403497,0.3353863067342877,defocus_blur,pathmnist,0.30501325394864864,1903,random,9,7180,1791,1.783814298688773,0.02,0.8019431988041853,1.0,0.4808259587020649,0.8375394321766562,0.4859903381642512,0.10641891891891891,0.8569500674763832,0.342042755344418,0.13381995133819952,0.3723885793871866,5744,42,c6fbc4655e7cc4a91be2f8d4f49a94059d76a2d6a33a3a7bc6e4b4197890282a,1,42,0.10641891891891891
0.4926183844011142,0,0.3072400720974695,0.48726410750179333,0.863263126271884,199,/mnt/prj01/hgrp-1502-5TB/xuxiaoyu/reliability_medmnistc_ab/formal_runs/cross_path_random_grapha2_sel42_43_train42_43_20260917/runs/pathmnist/random/ratio_0.02/selection_seed_42/train_seed_42/aug_0/final.pt,e5aefa6947d67cff4ee002078037e353217acb4e10c99e068b2666bff1b9a5c4,0.2946826998383613,0.3955765151909195,defocus_blur,pathmnist,0.39304715548551183,2507,random,9,7180,1791,2.4942824583776324,0.02,0.8034379671150972,1.0,0.49262536873156343,0.7239747634069401,0.12077294685990338,0.1097972972972973,0.8866396761133604,0.20190023752969122,0.046228710462287104,0.4608286908077994,5744,42,c6fbc4655e7cc4a91be2f8d4f49a94059d76a2d6a33a3a7bc6e4b4197890282a,2,42,0.046228710462287104
0.45153203342618387,0,0.37077601612478317,0.43648107504093564,0.9437319125924734,199,/mnt/prj01/hgrp-1502-5TB/xuxiaoyu/reliability_medmnistc_ab/formal_runs/cross_path_random_grapha2_sel42_43_train42_43_20260917/runs/pathmnist/random/ratio_0.02/selection_seed_42/train_seed_42/aug_0/final.pt,e5aefa6947d67cff4ee002078037e353217acb4e10c99e068b2666bff1b9a5c4,0.345465732299219,0.43504194062905205,defocus_blur,pathmnist,0.42609567377809693,2623,random,9,7180,1791,3.05956337941892,0.02,0.851270553064275,1.0,0.5339233038348082,0.49842271293375395,0.00676328502415459,0.1097972972972973,0.8434547908232118,0.052256532066508314,0.032441200324412,0.5034818941504178,5744,42,c6fbc4655e7cc4a91be2f8d4f49a94059d76a2d6a33a3a7bc6e4b4197890282a,3,42,0.00676328502415459
0.3991643454038997,0,0.40891128249869557,0.36922452246214904,1.0388376675624633,199,/mnt/prj01/hgrp-1502-5TB/xuxiaoyu/reliability_medmnistc_ab/formal_runs/cross_path_random_grapha2_sel42_43_train42_43_20260917/runs/pathmnist/random/ratio_0.02/selection_seed_42/train_seed_42/aug_0/final.pt,e5aefa6947d67cff4ee002078037e353217acb4e10c99e068b2666bff1b9a5c4,0.4127222848780056,0.4418052256532066,defocus_blur,pathmnist,0.47276139911834913,2910,random,9,7180,1791,3.5438501266368116,0.02,0.8796711509715994,1.0,0.551622418879056,0.00473186119873817,0.0,0.10304054054054054,0.7516869095816464,0.007125890736342043,0.025141930251419302,0.5553621169916435,5744,42,c6fbc4655e7cc4a91be2f8d4f49a94059d76a2d6a33a3a7bc6e4b4197890282a,4,42,0.0
0.37924791086350973,0,0.4392551745866438,0.34374540871887493,1.0821338979751152,199,/mnt/prj01/hgrp-1502-5TB/xuxiaoyu/reliability_medmnistc_ab/formal_runs/cross_path_random_grapha2_sel42_43_train42_43_20260917/runs/pathmnist/random/ratio_0.02/selection_seed_42/train_seed_42/aug_0/final.pt,e5aefa6947d67cff4ee002078037e353217acb4e10c99e068b2666bff1b9a5c4,0.4382013986212797,0.4418052256532066,defocus_blur,pathmnist,0.4898095904992151,3027,random,9,7180,1791,3.918013323854873,0.02,0.9088191330343797,1.0,0.5398230088495575,0.0,0.0,0.07094594594594594,0.5546558704453441,0.0,0.019464720194647202,0.583217270194986,5744,42,c6fbc4655e7cc4a91be2f8d4f49a94059d76a2d6a33a3a7bc6e4b4197890282a,5,42,0.0
0.7901114206128134,0,0.06814766605002692,0.7554068361597008,0.31760226960852034,199,/mnt/prj01/hgrp-1502-5TB/xuxiaoyu/reliability_medmnistc_ab/formal_runs/cross_path_random_grapha2_sel42_43_train42_43_20260917/runs/pathmnist/random/ratio_0.02/selection_seed_42/train_seed_42/aug_0/final.pt,e5aefa6947d67cff4ee002078037e353217acb4e10c99e068b2666bff1b9a5c4,0.026539971180453814,0.0023752969121139667,jpeg_compression,pathmnist,0.0964716100489363,683,random,9,7180,1791,0.7018751361400025,0.02,0.8116591928251121,1.0,0.6578171091445427,0.919558359621451,0.8299516908212561,0.535472972972973,0.8245614035087719,0.43942992874109266,0.7802108678021087,0.1352715877437326,5744,42,c6fbc4655e7cc4a91be2f8d4f49a94059d76a2d6a33a3a7bc6e4b4197890282a,1,42,0.43942992874109266
0.8004178272980501,0,0.061629729987344464,0.7575789668423933,0.30671474708461816,199,/mnt/prj01/hgrp-1502-5TB/xuxiaoyu/reliability_medmnistc_ab/formal_runs/cross_path_random_grapha2_sel42_43_train42_43_20260917/runs/pathmnist/random/ratio_0.02/selection_seed_42/train_seed_42/aug_0/final.pt,e5aefa6947d67cff4ee002078037e353217acb4e10c99e068b2666bff1b9a5c4,0.024367840497761306,0.0023752969121139667,jpeg_compression,pathmnist,0.09895728531405121,701,random,9,7180,1791,0.694068375041533,0.02,0.9357249626307922,1.0,0.6312684365781711,0.9321766561514195,0.7864734299516908,0.5135135135135135,0.8286099865047234,0.43942992874109266,0.7510137875101379,0.12325905292479108,5744,42,c6fbc4655e7cc4a91be2f8d4f49a94059d76a2d6a33a3a7bc6e4b4197890282a,2,42,0.43942992874109266
0.6931754874651811,0,0.13063762991510824,0.6811935191855734,0.4929955992014712,199,/mnt/prj01/hgrp-1502-5TB/xuxiaoyu/reliability_medmnistc_ab/formal_runs/cross_path_random_grapha2_sel42_43_train42_43_20260917/runs/pathmnist/random/ratio_0.02/selection_seed_42/train_seed_42/aug_0/final.pt,e5aefa6947d67cff4ee002078037e353217acb4e10c99e068b2666bff1b9a5c4,0.10075328815458129,0.07185006870253396,jpeg_compression,pathmnist,0.19330199537253973,1285,random,9,7180,1791,1.2165283319915776,0.02,0.36995515695067266,1.0,0.5398230088495575,0.9589905362776026,0.7942028985507247,0.4206081081081081,0.7975708502024291,0.4418052256532066,0.8077858880778589,0.24233983286908078,5744,42,c6fbc4655e7cc4a91be2f8d4f49a94059d76a2d6a33a3a7bc6e4b4197890282a,3,42,0.36995515695067266
0.5894150417827299,0,0.2187751906228514,0.5851343535879654,0.6712723534524637,199,/mnt/prj01/hgrp-1502-5TB/xuxiaoyu/reliability_medmnistc_ab/formal_runs/cross_path_random_grapha2_sel42_43_train42_43_20260917/runs/pathmnist/random/ratio_0.02/selection_seed_42/train_seed_42/aug_0/final.pt,e5aefa6947d67cff4ee002078037e353217acb4e10c99e068b2666bff1b9a5c4,0.19681245375218925,0.2459905769237597,jpeg_compression,pathmnist,0.2838209250843292,1882,random,9,7180,1791,1.7184445407753084,0.02,0.19581464872944693,1.0,0.40412979351032446,0.8501577287066246,0.770048309178744,0.38006756756756754,0.7260458839406208,0.334916864608076,0.6050283860502839,0.36385793871866295,5744,42,c6fbc4655e7cc4a91be2f8d4f49a94059d76a2d6a33a3a7bc6e4b4197890282a,4,42,0.19581464872944693
0.5721448467966573,0,0.23206216302741867,0.5737108258421831,0.6878179688709375,199,/mnt/prj01/hgrp-1502-5TB/xuxiaoyu/reliability_medmnistc_ab/formal_runs/cross_path_random_grapha2_sel42_43_train42_43_20260917/runs/pathmnist/random/ratio_0.02/selection_seed_42/train_seed_42/aug_0/final.pt,e5aefa6947d67cff4ee002078037e353217acb4e10c99e068b2666bff1b9a5c4,0.2082359814979715,0.293156577004558,jpeg_compression,pathmnist,0.28299725322587244,1789,random,9,7180,1791,1.7223495584596482,0.02,0.1547085201793722,1.0,0.44542772861356933,0.9416403785488959,0.4579710144927536,0.14864864864864866,0.7327935222672065,0.4679334916864608,0.8142741281427412,0.37987465181058494,5744,42,c6fbc4655e7cc4a91be2f8d4f49a94059d76a2d6a33a3a7bc6e4b4197890282a,5,42,0.14864864864864866
0.6327298050139276,0,0.18500644244422823,0.602115997841345,0.586282547029305,199,/mnt/prj01/hgrp-1502-5TB/xuxiaoyu/reliability_medmnistc_ab/formal_runs/cross_path_random_grapha2_sel42_43_train42_43_20260917/runs/pathmnist/random/ratio_0.02/selection_seed_42/train_seed_42/aug_0/final.pt,e5aefa6947d67cff4ee002078037e353217acb4e10c99e068b2666bff1b9a5c4,0.1798308094988097,0.2897781986261796,motion_blur,pathmnist,0.24417305045805268,1548,random,9,7180,1791,1.4124202879185832,0.02,0.7526158445440957,1.0,0.4365781710914454,0.8501577287066246,0.6483091787439613,0.15202702702702703,0.8515519568151148,0.35391923990498814,0.37388483373884834,0.30658077994428967,5744,42,c6fbc4655e7cc4a91be2f8d4f49a94059d76a2d6a33a3a7bc6e4b4197890282a,1,42,0.15202702702702703
0.621866295264624,0,0.19574532534642816,0.587823739551761,0.6051813502412937,199,/mnt/prj01/hgrp-1502-5TB/xuxiaoyu/reliability_medmnistc_ab/formal_runs/cross_path_random_grapha2_sel42_43_train42_43_20260917/runs/pathmnist/random/ratio_0.02/selection_seed_42/train_seed_42/aug_0/final.pt,e5aefa6947d67cff4ee002078037e353217acb4e10c99e068b2666bff1b9a5c4,0.1941230677883936,0.29484576619374714,motion_blur,pathmnist,0.25401586361416206,1602,random,9,7180,1791,1.464667964978676,0.02,0.7608370702541106,1.0,0.3952802359882006,0.8406940063091483,0.6067632850241546,0.14695945945945946,0.854251012145749,0.32066508313539194,0.36496350364963503,0.3185933147632312,5744,42,c6fbc4655e7cc4a91be2f8d4f49a94059d76a2d6a33a3a7bc6e4b4197890282a,2,42,0.14695945945945946
0.6243732590529248,0,0.1937181134802627,0.5916505999964979,0.6027830997445061,199,/mnt/prj01/hgrp-1502-5TB/xuxiaoyu/reliability_medmnistc_ab/formal_runs/cross_path_random_grapha2_sel42_43_train42_43_20260917/runs/pathmnist/random/ratio_0.02/selection_seed_42/train_seed_42/aug_0/final.pt,e5aefa6947d67cff4ee002078037e353217acb4e10c99e068b2666bff1b9a5c4,0.1902962073436567,0.3066700905180715,motion_blur,pathmnist,0.25157605466072275,1617,random,9,7180,1791,1.468137531884057,0.02,0.7630792227204783,1.0,0.40412979351032446,0.8454258675078864,0.6086956521739131,0.13513513513513514,0.8502024291497976,0.3491686460807601,0.36901865369018655,0.31824512534818944,5744,42,c6fbc4655e7cc4a91be2f8d4f49a94059d76a2d6a33a3a7bc6e4b4197890282a,3,42,0.13513513513513514
0.5201949860724234,0,0.2987531560001494,0.48777634901424005,0.7860408943369415,199,/mnt/prj01/hgrp-1502-5TB/xuxiaoyu/reliability_medmnistc_ab/formal_runs/cross_path_random_grapha2_sel42_43_train42_43_20260917/runs/pathmnist/random/ratio_0.02/selection_seed_42/train_seed_42/aug_0/final.pt,e5aefa6947d67cff4ee002078037e353217acb4e10c99e068b2666bff1b9a5c4,0.2941704583259146,0.3539673878153688,motion_blur,pathmnist,0.336208374653022,2125,random,9,7180,1791,2.0686850733873783,0.02,0.7869955156950673,1.0,0.40412979351032446,0.48264984227129337,0.3159420289855073,0.08783783783783784,0.8812415654520918,0.21140142517814728,0.2197891321978913,0.44237465181058494,5744,42,c6fbc4655e7cc4a91be2f8d4f49a94059d76a2d6a33a3a7bc6e4b4197890282a,4,42,0.08783783783783784
0.4278551532033426,0,0.3885475004897081,0.3907095379984907,0.9531458590023204,199,/mnt/prj01/hgrp-1502-5TB/xuxiaoyu/reliability_medmnistc_ab/formal_runs/cross_path_random_grapha2_sel42_43_train42_43_20260917/runs/pathmnist/random/ratio_0.02/selection_seed_42/train_seed_42/aug_0/final.pt,e5aefa6947d67cff4ee002078037e353217acb4e10c99e068b2666bff1b9a5c4,0.391237269341664,0.418156577004558,motion_blur,pathmnist,0.42373352288618726,2554,random,9,7180,1791,2.8741000120516667,0.02,0.8378176382660688,1.0,0.41297935103244837,0.1167192429022082,0.14106280193236714,0.02364864864864865,0.7827260458839406,0.12114014251781473,0.08029197080291971,0.5330779944289693,5744,42,c6fbc4655e7cc4a91be2f8d4f49a94059d76a2d6a33a3a7bc6e4b4197890282a,5,42,0.02364864864864865
0.8080779944289693,0,0.062264625821700496,0.7789725786605138,0.2967552024727356,199,/mnt/prj01/hgrp-1502-5TB/xuxiaoyu/reliability_medmnistc_ab/formal_runs/cross_path_random_grapha2_sel42_43_train42_43_20260917/runs/pathmnist/random/ratio_0.02/selection_seed_42/train_seed_42/aug_0/final.pt,e5aefa6947d67cff4ee002078037e353217acb4e10c99e068b2666bff1b9a5c4,0.0029742286796408113,-0.009501187648456089,pixelate,pathmnist,0.08690932634232106,653,random,9,7180,1791,0.6656802984864347,0.02,0.8423019431988041,1.0,0.7138643067846607,0.9463722397476341,0.885024154589372,0.5912162162162162,0.8515519568151148,0.4513064133016627,0.7291159772911597,0.1209958217270195,5744,42,c6fbc4655e7cc4a91be2f8d4f49a94059d76a2d6a33a3a7bc6e4b4197890282a,1,42,0.4513064133016627
0.7958217270194986,0,0.06954056604368734,0.7665509341976211,0.3177824389438635,199,/mnt/prj01/hgrp-1502-5TB/xuxiaoyu/reliability_medmnistc_ab/formal_runs/cross_path_random_grapha2_sel42_43_train42_43_20260917/runs/pathmnist/random/ratio_0.02/selection_seed_42/train_seed_42/aug_0/final.pt,e5aefa6947d67cff4ee002078037e353217acb4e10c99e068b2666bff1b9a5c4,0.015395873142533545,-0.038004750593824244,pixelate,pathmnist,0.09864882193817068,703,random,9,7180,1791,0.7156379859812203,0.02,0.8415545590433483,1.0,0.6843657817109144,0.9574132492113565,0.8946859903381642,0.5050675675675675,0.8515519568151148,0.47980997624703087,0.6845093268450932,0.1309192200557103,5744,42,c6fbc4655e7cc4a91be2f8d4f49a94059d76a2d6a33a3a7bc6e4b4197890282a,2,42,0.47980997624703087
0.7630919220055711,0,0.08507792051530745,0.7301876057967975,0.3653633850620846,199,/mnt/prj01/hgrp-1502-5TB/xuxiaoyu/reliability_medmnistc_ab/formal_runs/cross_path_random_grapha2_sel42_43_train42_43_20260917/runs/pathmnist/random/ratio_0.02/selection_seed_42/train_seed_42/aug_0/final.pt,e5aefa6947d67cff4ee002078037e353217acb4e10c99e068b2666bff1b9a5c4,0.051759201543357114,0.07525117159915257,pixelate,pathmnist,0.12601120419239936,830,random,9,7180,1791,0.8279663586964514,0.02,0.8325859491778774,1.0,0.6283185840707964,0.9495268138801262,0.885024154589372,0.36655405405405406,0.8421052631578947,0.45605700712589076,0.6115166261151662,0.16173398328690808,5744,42,c6fbc4655e7cc4a91be2f8d4f49a94059d76a2d6a33a3a7bc6e4b4197890282a,3,42,0.36655405405405406
0.7444289693593314,0,0.09763933068044048,0.7061361072434285,0.39553631302718945,199,/mnt/prj01/hgrp-1502-5TB/xuxiaoyu/reliability_medmnistc_ab/formal_runs/cross_path_random_grapha2_sel42_43_train42_43_20260917/runs/pathmnist/random/ratio_0.02/selection_seed_42/train_seed_42/aug_0/final.pt,e5aefa6947d67cff4ee002078037e353217acb4e10c99e068b2666bff1b9a5c4,0.07581070009672619,0.14112954997753097,pixelate,pathmnist,0.1374200728402828,909,random,9,7180,1791,0.882093602805804,0.02,0.8318385650224215,1.0,0.5722713864306784,0.9258675078864353,0.8231884057971014,0.30067567567567566,0.8367071524966262,0.4418052256532066,0.6228710462287105,0.1854108635097493,5744,42,c6fbc4655e7cc4a91be2f8d4f49a94059d76a2d6a33a3a7bc6e4b4197890282a,4,42,0.30067567567567566
0.7213091922005571,0,0.11497193845174938,0.6622143298666646,0.41751561375818913,199,/mnt/prj01/hgrp-1502-5TB/xuxiaoyu/reliability_medmnistc_ab/formal_runs/cross_path_random_grapha2_sel42_43_train42_43_20260917/runs/pathmnist/random/ratio_0.02/selection_seed_42/train_seed_42/aug_0/final.pt,e5aefa6947d67cff4ee002078037e353217acb4e10c99e068b2666bff1b9a5c4,0.11973247747349003,0.028503562945368155,pixelate,pathmnist,0.14112976754193185,932,random,9,7180,1791,0.8914675530164801,0.02,0.8011958146487295,1.0,0.41887905604719766,0.6892744479495269,0.7536231884057971,0.42567567567567566,0.6558704453441295,0.41330166270783847,0.8021086780210868,0.20891364902506965,5744,42,c6fbc4655e7cc4a91be2f8d4f49a94059d76a2d6a33a3a7bc6e4b4197890282a,5,42,0.41330166270783847
0.5559888579387187,0,0.2560523733655967,0.6070743502592844,0.713265655590056,199,/mnt/prj01/hgrp-1502-5TB/xuxiaoyu/reliability_medmnistc_ab/formal_runs/cross_path_random_grapha2_sel42_43_train42_43_20260917/runs/pathmnist/random/ratio_0.02/selection_seed_42/train_seed_42/aug_0/final.pt,e5aefa6947d67cff4ee002078037e353217acb4e10c99e068b2666bff1b9a5c4,0.1748724570808703,0.3874662151098165,saturate,pathmnist,0.2911555850987315,1788,random,9,7180,1791,1.9195675804569283,0.02,0.45067264573991034,1.0,0.7345132743362832,0.6451104100946372,0.5304347826086957,0.8260135135135135,0.8259109311740891,0.39667458432304037,0.054339010543390104,0.3920612813370474,5744,42,c6fbc4655e7cc4a91be2f8d4f49a94059d76a2d6a33a3a7bc6e4b4197890282a,1,42,0.054339010543390104
0.41211699164345406,0,0.4015721737777812,0.47972125608883115,0.9779017640300052,199,/mnt/prj01/hgrp-1502-5TB/xuxiaoyu/reliability_medmnistc_ab/formal_runs/cross_path_random_grapha2_sel42_43_train42_43_20260917/runs/pathmnist/random/ratio_0.02/selection_seed_42/train_seed_42/aug_0/final.pt,e5aefa6947d67cff4ee002078037e353217acb4e10c99e068b2666bff1b9a5c4,0.3022255512513235,0.4418052256532066,saturate,pathmnist,0.42983706483933926,2604,random,9,7180,1791,3.0662663231010354,0.02,0.23318385650224216,1.0,0.6430678466076696,0.4668769716088328,0.1748792270531401,0.8851351351351351,0.6126855600539811,0.3016627078384798,0.0,0.5555362116991643,5744,42,c6fbc4655e7cc4a91be2f8d4f49a94059d76a2d6a33a3a7bc6e4b4197890282a,2,42,0.0
0.32910863509749305,0,0.5106978221547994,0.3842955288390921,1.0934509952009128,199,/mnt/prj01/hgrp-1502-5TB/xuxiaoyu/reliability_medmnistc_ab/formal_runs/cross_path_random_grapha2_sel42_43_train42_43_20260917/runs/pathmnist/random/ratio_0.02/selection_seed_42/train_seed_42/aug_0/final.pt,e5aefa6947d67cff4ee002078037e353217acb4e10c99e068b2666bff1b9a5c4,0.3976512785010625,0.4418052256532066,saturate,pathmnist,0.48422768250066256,2726,random,9,7180,1791,3.4684354178076826,0.02,0.19357249626307924,0.9976387249114522,0.5752212389380531,0.3264984227129338,0.05603864734299517,0.8141891891891891,0.33873144399460187,0.15676959619952494,0.0,0.6438022284122563,5744,42,c6fbc4655e7cc4a91be2f8d4f49a94059d76a2d6a33a3a7bc6e4b4197890282a,3,42,0.0
0.20793871866295266,0,0.6329177574552853,0.24890738812230767,1.2703197694588861,199,/mnt/prj01/hgrp-1502-5TB/xuxiaoyu/reliability_medmnistc_ab/formal_runs/cross_path_random_grapha2_sel42_43_train42_43_20260917/runs/pathmnist/random/ratio_0.02/selection_seed_42/train_seed_42/aug_0/final.pt,e5aefa6947d67cff4ee002078037e353217acb4e10c99e068b2666bff1b9a5c4,0.5330394192178469,0.4418052256532066,saturate,pathmnist,0.5772976750118819,3022,random,9,7180,1791,3.9420907863943273,0.02,0.15994020926756353,0.5879574970484062,0.5191740412979351,0.17665615141955837,0.03188405797101449,0.643581081081081,0.08771929824561403,0.0332541567695962,0.0,0.7762883008356546,5744,42,c6fbc4655e7cc4a91be2f8d4f49a94059d76a2d6a33a3a7bc6e4b4197890282a,4,42,0.0
0.1331476323119777,0,0.7589735394314695,0.16431636422308205,1.39861913322416,199,/mnt/prj01/hgrp-1502-5TB/xuxiaoyu/reliability_medmnistc_ab/formal_runs/cross_path_random_grapha2_sel42_43_train42_43_20260917/runs/pathmnist/random/ratio_0.02/selection_seed_42/train_seed_42/aug_0/final.pt,e5aefa6947d67cff4ee002078037e353217acb4e10c99e068b2666bff1b9a5c4,0.6176304431170726,0.4418052256532066,saturate,pathmnist,0.6445979140553633,3244,random,9,7180,1791,4.61709756757709,0.02,0.07473841554559044,0.5360094451003542,0.5014749262536873,0.015772870662460567,0.030917874396135265,0.3108108108108108,0.006747638326585695,0.0023752969121140144,0.0,0.8518454038997214,5744,42,c6fbc4655e7cc4a91be2f8d4f49a94059d76a2d6a33a3a7bc6e4b4197890282a,5,42,0.0
0.8146239554317549,0,0.05643142532693184,0.7851876270163196,0.2807989952123279,199,/mnt/prj01/hgrp-1502-5TB/xuxiaoyu/reliability_medmnistc_ab/formal_runs/cross_path_random_grapha2_sel42_43_train42_43_20260917/runs/pathmnist/random/ratio_0.02/selection_seed_42/train_seed_42/aug_0/final.pt,e5aefa6947d67cff4ee002078037e353217acb4e10c99e068b2666bff1b9a5c4,-0.0032408196761649632,0.028503562945368155,stain_deposit,pathmnist,0.06845551811386949,527,random,9,7180,1791,0.6269102952262804,0.02,0.874439461883408,1.0,0.7817109144542773,0.8769716088328076,0.8927536231884058,0.6570945945945946,0.8380566801619433,0.41330166270783847,0.732360097323601,0.10846100278551532,5744,42,c6fbc4655e7cc4a91be2f8d4f49a94059d76a2d6a33a3a7bc6e4b4197890282a,1,42,0.41330166270783847
0.8068245125348189,0,0.0580258895889438,0.7794444444219732,0.28888215267163553,199,/mnt/prj01/hgrp-1502-5TB/xuxiaoyu/reliability_medmnistc_ab/formal_runs/cross_path_random_grapha2_sel42_43_train42_43_20260917/runs/pathmnist/random/ratio_0.02/selection_seed_42/train_seed_42/aug_0/final.pt,e5aefa6947d67cff4ee002078037e353217acb4e10c99e068b2666bff1b9a5c4,0.0025023629181814,0.06413301662707838,stain_deposit,pathmnist,0.06901990466629228,517,random,9,7180,1791,0.6445319503296887,0.02,0.882660687593423,1.0,0.8230088495575221,0.8501577287066246,0.8898550724637682,0.6722972972972973,0.8218623481781376,0.37767220902612825,0.6974858069748581,0.11507660167130919,5744,42,c6fbc4655e7cc4a91be2f8d4f49a94059d76a2d6a33a3a7bc6e4b4197890282a,2,42,0.37767220902612825
0.7947075208913649,0,0.062295942092632756,0.7654030750845725,0.3018225978088007,199,/mnt/prj01/hgrp-1502-5TB/xuxiaoyu/reliability_medmnistc_ab/formal_runs/cross_path_random_grapha2_sel42_43_train42_43_20260917/runs/pathmnist/random/ratio_0.02/selection_seed_42/train_seed_42/aug_0/final.pt,e5aefa6947d67cff4ee002078037e353217acb4e10c99e068b2666bff1b9a5c4,0.016543732255582144,0.11401425178147268,stain_deposit,pathmnist,0.07150651567244598,527,random,9,7180,1791,0.6711042179342113,0.02,0.8916292974588939,1.0,0.8259587020648967,0.8138801261829653,0.8879227053140096,0.6672297297297297,0.8124156545209177,0.32779097387173395,0.6618004866180048,0.1230849582172702,5744,42,c6fbc4655e7cc4a91be2f8d4f49a94059d76a2d6a33a3a7bc6e4b4197890282a,3,42,0.32779097387173395
0.7862116991643454,0,0.06554736326562786,0.7593355150554426,0.3159893090341731,199,/mnt/prj01/hgrp-1502-5TB/xuxiaoyu/reliability_medmnistc_ab/formal_runs/cross_path_random_grapha2_sel42_43_train42_43_20260917/runs/pathmnist/random/ratio_0.02/selection_seed_42/train_seed_42/aug_0/final.pt,e5aefa6947d67cff4ee002078037e353217acb4e10c99e068b2666bff1b9a5c4,0.022611292284712037,0.09738717339667458,stain_deposit,pathmnist,0.07062764400227158,502,random,9,7180,1791,0.7113132188631234,0.02,0.8998505231689088,1.0,0.8466076696165191,0.7917981072555205,0.8927536231884058,0.6621621621621622,0.7678812415654521,0.34441805225653205,0.6285482562854826,0.1309192200557103,5744,42,c6fbc4655e7cc4a91be2f8d4f49a94059d76a2d6a33a3a7bc6e4b4197890282a,4,42,0.34441805225653205
0.7596100278551532,0,0.07614306625484707,0.729848937053769,0.347682033451303,199,/mnt/prj01/hgrp-1502-5TB/xuxiaoyu/reliability_medmnistc_ab/formal_runs/cross_path_random_grapha2_sel42_43_train42_43_20260917/runs/pathmnist/random/ratio_0.02/selection_seed_42/train_seed_42/aug_0/final.pt,e5aefa6947d67cff4ee002078037e353217acb4e10c99e068b2666bff1b9a5c4,0.052097870286385684,0.14726840855106887,stain_deposit,pathmnist,0.08405638467883664,539,random,9,7180,1791,0.7742362631114078,0.02,0.8886397608370703,1.0,0.8672566371681416,0.722397476340694,0.8869565217391304,0.5861486486486487,0.7192982456140351,0.29453681710213775,0.6034063260340633,0.15215877437325906,5744,42,c6fbc4655e7cc4a91be2f8d4f49a94059d76a2d6a33a3a7bc6e4b4197890282a,5,42,0.29453681710213775
0.8383008356545961,0,0.0436975772036432,0.8060891465273864,0.24561326789123655,199,/mnt/prj01/hgrp-1502-5TB/xuxiaoyu/reliability_medmnistc_ab/formal_runs/cross_path_random_grapha2_sel42_43_train42_43_20260917/runs/pathmnist/random/ratio_0.02/selection_seed_42/train_seed_43/aug_0/final.pt,55817b8dc20fa5aba3e40409bf718176d8bfcfc2d83792c8e64bb992e4613114,,,clean,pathmnist,0.07107907197020509,502,random,9,7180,1791,0.5922182715493229,0.02,0.8415545590433483,1.0,0.8584070796460177,0.8738170347003155,0.9024154589371981,0.6131756756756757,0.8825910931174089,0.4085510688836104,0.8742903487429035,0.08095403899721448,5744,42,c6fbc4655e7cc4a91be2f8d4f49a94059d76a2d6a33a3a7bc6e4b4197890282a,0,43,0.4085510688836104
0.5327298050139275,0,0.2404610938175941,0.44465109709221423,0.7819978030685258,199,/mnt/prj01/hgrp-1502-5TB/xuxiaoyu/reliability_medmnistc_ab/formal_runs/cross_path_random_grapha2_sel42_43_train42_43_20260917/runs/pathmnist/random/ratio_0.02/selection_seed_42/train_seed_43/aug_0/final.pt,55817b8dc20fa5aba3e40409bf718176d8bfcfc2d83792c8e64bb992e4613114,0.36143804943517216,0.4085510688836104,brightness_down,pathmnist,0.3527645711945292,2044,random,9,7180,1791,2.6119502142284534,0.02,1.0,1.0,0.504424778761062,0.5599369085173501,0.07439613526570048,0.030405405405405407,0.0,0.009501187648456057,0.8231954582319546,0.38579387186629527,5744,42,c6fbc4655e7cc4a91be2f8d4f49a94059d76a2d6a33a3a7bc6e4b4197890282a,1,43,0.0
0.4828690807799443,0,0.2725210300170621,0.39099974832936746,0.8737439730913411,199,/mnt/prj01/hgrp-1502-5TB/xuxiaoyu/reliability_medmnistc_ab/formal_runs/cross_path_random_grapha2_sel42_43_train42_43_20260917/runs/pathmnist/random/ratio_0.02/selection_seed_42/train_seed_43/aug_0/final.pt,55817b8dc20fa5aba3e40409bf718176d8bfcfc2d83792c8e64bb992e4613114,0.41508939819801893,0.4085510688836104,brightness_down,pathmnist,0.3965445088850422,2284,random,9,7180,1791,3.015544970930447,0.02,0.9985052316890882,1.0,0.504424778761062,0.22712933753943218,0.01352657004830918,0.0016891891891891893,0.0,0.0,0.7737226277372263,0.43697771587743733,5744,42,c6fbc4655e7cc4a91be2f8d4f49a94059d76a2d6a33a3a7bc6e4b4197890282a,2,43,0.0
0.4338440111420613,0,0.31756032813136253,0.3511885142132094,0.9645213459863426,199,/mnt/prj01/hgrp-1502-5TB/xuxiaoyu/reliability_medmnistc_ab/formal_runs/cross_path_random_grapha2_sel42_43_train42_43_20260917/runs/pathmnist/random/ratio_0.02/selection_seed_42/train_seed_43/aug_0/final.pt,55817b8dc20fa5aba3e40409bf718176d8bfcfc2d83792c8e64bb992e4613114,0.454900632314177,0.4085510688836104,brightness_down,pathmnist,0.443475719120011,2573,random,9,7180,1791,3.3710013345145406,0.02,0.8893871449925261,1.0,0.49852507374631266,0.07255520504731862,0.001932367149758454,0.0,0.0,0.0,0.6982968369829684,0.5029596100278552,5744,42,c6fbc4655e7cc4a91be2f8d4f49a94059d76a2d6a33a3a7bc6e4b4197890282a,3,43,0.0
0.40445682451253484,0,0.3894842065693789,0.3278757380204264,1.0304636252657053,199,/mnt/prj01/hgrp-1502-5TB/xuxiaoyu/reliability_medmnistc_ab/formal_runs/cross_path_random_grapha2_sel42_43_train42_43_20260917/runs/pathmnist/random/ratio_0.02/selection_seed_42/train_seed_43/aug_0/final.pt,55817b8dc20fa5aba3e40409bf718176d8bfcfc2d83792c8e64bb992e4613114,0.47821340850696,0.4085510688836104,brightness_down,pathmnist,0.4766812307630408,2858,random,9,7180,1791,3.721229581185186,0.02,0.8781763826606876,1.0,0.4749262536873156,0.026813880126182965,0.0,0.0,0.0,0.0,0.5709651257096513,0.5365598885793872,5744,42,c6fbc4655e7cc4a91be2f8d4f49a94059d76a2d6a33a3a7bc6e4b4197890282a,4,43,0.0
0.3658774373259053,0,0.4584058021727883,0.30137529292818516,1.0997920369118248,199,/mnt/prj01/hgrp-1502-5TB/xuxiaoyu/reliability_medmnistc_ab/formal_runs/cross_path_random_grapha2_sel42_43_train42_43_20260917/runs/pathmnist/random/ratio_0.02/selection_seed_42/train_seed_43/aug_0/final.pt,55817b8dc20fa5aba3e40409bf718176d8bfcfc2d83792c8e64bb992e4613114,0.5047138535992013,0.4085510688836104,brightness_down,pathmnist,0.501559516820735,3085,random,9,7180,1791,3.973996936090894,0.02,0.7840059790732437,1.0,0.45427728613569324,0.012618296529968454,0.0,0.0,0.0,0.0,0.46147607461476076,0.5974930362116991,5744,42,c6fbc4655e7cc4a91be2f8d4f49a94059d76a2d6a33a3a7bc6e4b4197890282a,5,43,0.0
0.3321727019498607,0,0.47289534810272654,0.34612833067810406,1.0754595185907174,199,/mnt/prj01/hgrp-1502-5TB/xuxiaoyu/reliability_medmnistc_ab/formal_runs/cross_path_random_grapha2_sel42_43_train42_43_20260917/runs/pathmnist/random/ratio_0.02/selection_seed_42/train_seed_43/aug_0/final.pt,55817b8dc20fa5aba3e40409bf718176d8bfcfc2d83792c8e64bb992e4613114,0.45996081584928233,0.3485348482834482,brightness_up,pathmnist,0.48142846968014597,2753,random,9,7180,1791,2.880341685174754,0.02,0.2615844544095665,1.0,0.24778761061946902,0.20977917981072555,0.2589371980676328,0.6655405405405406,0.19298245614035087,0.21852731591448932,0.06001622060016221,0.645717270194986,5744,42,c6fbc4655e7cc4a91be2f8d4f49a94059d76a2d6a33a3a7bc6e4b4197890282a,1,43,0.06001622060016221
0.20919220055710305,0,0.5562366631138342,0.23395070705504603,1.3442793216184532,199,/mnt/prj01/hgrp-1502-5TB/xuxiaoyu/reliability_medmnistc_ab/formal_runs/cross_path_random_grapha2_sel42_43_train42_43_20260917/runs/pathmnist/random/ratio_0.02/selection_seed_42/train_seed_43/aug_0/final.pt,55817b8dc20fa5aba3e40409bf718176d8bfcfc2d83792c8e64bb992e4613114,0.5721384394723403,0.4069290088673898,brightness_up,pathmnist,0.6354124521312607,3622,random,9,7180,1791,4.187129704483629,0.02,0.05455904334828102,1.0,0.18289085545722714,0.017350157728706624,0.06570048309178744,0.6182432432432432,0.010796221322537112,0.1543942992874109,0.0016220600162206002,0.7616643454038997,5744,42,c6fbc4655e7cc4a91be2f8d4f49a94059d76a2d6a33a3a7bc6e4b4197890282a,2,43,0.0016220600162206002
0.1967966573816156,0,0.585507793716219,0.21744205804822367,1.3895986647415388,199,/mnt/prj01/hgrp-1502-5TB/xuxiaoyu/reliability_medmnistc_ab/formal_runs/cross_path_random_grapha2_sel42_43_train42_43_20260917/runs/pathmnist/random/ratio_0.02/selection_seed_42/train_seed_43/aug_0/final.pt,55817b8dc20fa5aba3e40409bf718176d8bfcfc2d83792c8e64bb992e4613114,0.5886470884791627,0.4085510688836104,brightness_up,pathmnist,0.6563774487766383,3786,random,9,7180,1791,4.681947360047511,0.02,0.06726457399103139,1.0,0.1710914454277286,0.0,0.030917874396135265,0.5641891891891891,0.0,0.12351543942992874,0.0,0.774025069637883,5744,42,c6fbc4655e7cc4a91be2f8d4f49a94059d76a2d6a33a3a7bc6e4b4197890282a,3,43,0.0
0.18871866295264625,0,0.6079635450734098,0.2121971145341135,1.4067685368066574,199,/mnt/prj01/hgrp-1502-5TB/xuxiaoyu/reliability_medmnistc_ab/formal_runs/cross_path_random_grapha2_sel42_43_train42_43_20260917/runs/pathmnist/random/ratio_0.02/selection_seed_42/train_seed_43/aug_0/final.pt,55817b8dc20fa5aba3e40409bf718176d8bfcfc2d83792c8e64bb992e4613114,0.5938920319932729,0.4085510688836104,brightness_up,pathmnist,0.6649477744085874,3837,random,9,7180,1791,4.8080647341234455,0.02,0.029895366218236172,0.9988193624557261,0.17994100294985252,0.0,0.028985507246376812,0.5557432432432432,0.0,0.1163895486935867,0.0,0.7844707520891365,5744,42,c6fbc4655e7cc4a91be2f8d4f49a94059d76a2d6a33a3a7bc6e4b4197890282a,4,43,0.0
0.1777158774373259,0,0.641134608510858,0.20232066966406295,1.4292705379527162,199,/mnt/prj01/hgrp-1502-5TB/xuxiaoyu/reliability_medmnistc_ab/formal_runs/cross_path_random_grapha2_sel42_43_train42_43_20260917/runs/pathmnist/random/ratio_0.02/selection_seed_42/train_seed_43/aug_0/final.pt,55817b8dc20fa5aba3e40409bf718176d8bfcfc2d83792c8e64bb992e4613114,0.6037684768633235,0.4085510688836104,brightness_up,pathmnist,0.6795989562625009,3940,random,9,7180,1791,4.963858860633625,0.02,0.0014947683109118087,0.9905548996458088,0.17699115044247787,0.0,0.021256038647342997,0.5118243243243243,0.0,0.1187648456057007,0.0,0.7938718662952646,5744,42,c6fbc4655e7cc4a91be2f8d4f49a94059d76a2d6a33a3a7bc6e4b4197890282a,5,43,0.0
0.8306406685236769,0,0.04711971199660255,0.7993233976767801,0.2577318278311703,199,/mnt/prj01/hgrp-1502-5TB/xuxiaoyu/reliability_medmnistc_ab/formal_runs/cross_path_random_grapha2_sel42_43_train42_43_20260917/runs/pathmnist/random/ratio_0.02/selection_seed_42/train_seed_43/aug_0/final.pt,55817b8dc20fa5aba3e40409bf718176d8bfcfc2d83792c8e64bb992e4613114,0.0067657488506063235,-0.040380047505938266,bubble,pathmnist,0.07367465024954094,526,random,9,7180,1791,0.6067320497782996,0.02,0.8258594917787743,1.0,0.8348082595870207,0.8564668769716088,0.9101449275362319,0.581081081081081,0.8744939271255061,0.4489311163895487,0.862124898621249,0.08896239554317549,5744,42,c6fbc4655e7cc4a91be2f8d4f49a94059d76a2d6a33a3a7bc6e4b4197890282a,1,43,0.4489311163895487
0.8221448467966573,0,0.050646782553052036,0.7930662182750107,0.26861244411088064,199,/mnt/prj01/hgrp-1502-5TB/xuxiaoyu/reliability_medmnistc_ab/formal_runs/cross_path_random_grapha2_sel42_43_train42_43_20260917/runs/pathmnist/random/ratio_0.02/selection_seed_42/train_seed_43/aug_0/final.pt,55817b8dc20fa5aba3e40409bf718176d8bfcfc2d83792c8e64bb992e4613114,0.01302292825237572,-0.05463182897862234,bubble,pathmnist,0.07802951982177395,555,random,9,7180,1791,0.6206543028021091,0.02,0.8086696562032885,1.0,0.8259587020648967,0.8470031545741324,0.9207729468599034,0.5608108108108109,0.8798920377867746,0.46318289786223277,0.8313057583130575,0.0967966573816156,5744,42,c6fbc4655e7cc4a91be2f8d4f49a94059d76a2d6a33a3a7bc6e4b4197890282a,2,43,0.46318289786223277
0.8224233983286908,0,0.053546789819160445,0.7928307273324049,0.2727508015099946,199,/mnt/prj01/hgrp-1502-5TB/xuxiaoyu/reliability_medmnistc_ab/formal_runs/cross_path_random_grapha2_sel42_43_train42_43_20260917/runs/pathmnist/random/ratio_0.02/selection_seed_42/train_seed_43/aug_0/final.pt,55817b8dc20fa5aba3e40409bf718176d8bfcfc2d83792c8e64bb992e4613114,0.013258419194981497,-0.07363420427553447,bubble,pathmnist,0.07501435610660269,560,random,9,7180,1791,0.6308761760771798,0.02,0.8116591928251121,1.0,0.8112094395280236,0.8375394321766562,0.9265700483091788,0.5472972972972973,0.893387314439946,0.4821852731591449,0.8256285482562855,0.10219359331476323,5744,42,c6fbc4655e7cc4a91be2f8d4f49a94059d76a2d6a33a3a7bc6e4b4197890282a,3,43,0.4821852731591449
0.8004178272980501,0,0.06398987455362261,0.7709052323330188,0.30189612908834734,199,/mnt/prj01/hgrp-1502-5TB/xuxiaoyu/reliability_medmnistc_ab/formal_runs/cross_path_random_grapha2_sel42_43_train42_43_20260917/runs/pathmnist/random/ratio_0.02/selection_seed_42/train_seed_43/aug_0/final.pt,55817b8dc20fa5aba3e40409bf718176d8bfcfc2d83792c8e64bb992e4613114,0.035183914194367616,-0.07600950118764849,bubble,pathmnist,0.09059718084368533,639,random,9,7180,1791,0.6877005830021264,0.02,0.7817638266068759,1.0,0.7728613569321534,0.7981072555205048,0.9333333333333333,0.4966216216216216,0.8906882591093117,0.4845605700712589,0.7802108678021087,0.12029944289693593,5744,42,c6fbc4655e7cc4a91be2f8d4f49a94059d76a2d6a33a3a7bc6e4b4197890282a,4,43,0.4845605700712589
0.7825905292479108,0,0.07481017410315483,0.7516282699708011,0.32909618653666795,199,/mnt/prj01/hgrp-1502-5TB/xuxiaoyu/reliability_medmnistc_ab/formal_runs/cross_path_random_grapha2_sel42_43_train42_43_20260917/runs/pathmnist/random/ratio_0.02/selection_seed_42/train_seed_43/aug_0/final.pt,55817b8dc20fa5aba3e40409bf718176d8bfcfc2d83792c8e64bb992e4613114,0.05446087655658527,-0.05090839057584906,bubble,pathmnist,0.10118126647552073,675,random,9,7180,1791,0.7464132041678208,0.02,0.750373692077728,1.0,0.7197640117994101,0.7523659305993691,0.9468599033816425,0.4594594594594595,0.873144399460189,0.503562945368171,0.7591240875912408,0.13770891364902507,5744,42,c6fbc4655e7cc4a91be2f8d4f49a94059d76a2d6a33a3a7bc6e4b4197890282a,5,43,0.4594594594594595
0.5920612813370474,0,0.20446273223293857,0.5370590603633265,0.6608196262661032,199,/mnt/prj01/hgrp-1502-5TB/xuxiaoyu/reliability_medmnistc_ab/formal_runs/cross_path_random_grapha2_sel42_43_train42_43_20260917/runs/pathmnist/random/ratio_0.02/selection_seed_42/train_seed_43/aug_0/final.pt,55817b8dc20fa5aba3e40409bf718176d8bfcfc2d83792c8e64bb992e4613114,0.2690300861640599,0.3869586262385362,contrast_down,pathmnist,0.27484440649120256,1659,random,9,7180,1791,1.916344687906899,0.02,0.5426008968609866,1.0,0.5014749262536873,0.8958990536277602,0.7410628019323672,0.15371621621621623,0.021592442645074223,0.171021377672209,0.8061638280616383,0.3358286908077994,5744,42,c6fbc4655e7cc4a91be2f8d4f49a94059d76a2d6a33a3a7bc6e4b4197890282a,1,43,0.021592442645074223
0.40682451253481894,0,0.37244022134701643,0.3761213649874749,0.9448666108067809,199,/mnt/prj01/hgrp-1502-5TB/xuxiaoyu/reliability_medmnistc_ab/formal_runs/cross_path_random_grapha2_sel42_43_train42_43_20260917/runs/pathmnist/random/ratio_0.02/selection_seed_42/train_seed_43/aug_0/final.pt,55817b8dc20fa5aba3e40409bf718176d8bfcfc2d83792c8e64bb992e4613114,0.4299677815399115,0.4085510688836104,contrast_down,pathmnist,0.4112565845749172,2168,random,9,7180,1791,2.8557497694870424,0.02,0.5298953662182362,1.0,0.49262536873156343,0.5977917981072555,0.5082125603864734,0.030405405405405407,0.0,0.004750593824228029,0.22141119221411193,0.5459610027855153,5744,42,c6fbc4655e7cc4a91be2f8d4f49a94059d76a2d6a33a3a7bc6e4b4197890282a,2,43,0.0
0.26030640668523675,0,0.5257635703440676,0.2384472726173419,1.2367363949127272,199,/mnt/prj01/hgrp-1502-5TB/xuxiaoyu/reliability_medmnistc_ab/formal_runs/cross_path_random_grapha2_sel42_43_train42_43_20260917/runs/pathmnist/random/ratio_0.02/selection_seed_42/train_seed_43/aug_0/final.pt,55817b8dc20fa5aba3e40409bf718176d8bfcfc2d83792c8e64bb992e4613114,0.5676418739100445,0.4085510688836104,contrast_down,pathmnist,0.5762333266001226,3230,random,9,7180,1791,4.001333016519059,0.02,0.5052316890881914,1.0,0.2890855457227139,0.29652996845425866,0.04057971014492753,0.0,0.0,0.0,0.014598540145985401,0.7076949860724234,5744,42,c6fbc4655e7cc4a91be2f8d4f49a94059d76a2d6a33a3a7bc6e4b4197890282a,3,43,0.0
0.23022284122562675,0,0.5609264186213011,0.19891875891897437,1.3507560441084479,199,/mnt/prj01/hgrp-1502-5TB/xuxiaoyu/reliability_medmnistc_ab/formal_runs/cross_path_random_grapha2_sel42_43_train42_43_20260917/runs/pathmnist/random/ratio_0.02/selection_seed_42/train_seed_43/aug_0/final.pt,55817b8dc20fa5aba3e40409bf718176d8bfcfc2d83792c8e64bb992e4613114,0.607170387608412,0.4085510688836104,contrast_down,pathmnist,0.6449362708790057,3985,random,9,7180,1791,4.586876775474116,0.02,0.48878923766816146,1.0,0.14749262536873156,0.14668769716088328,0.0,0.0,0.0,0.0,0.0072992700729927005,0.75,5744,42,c6fbc4655e7cc4a91be2f8d4f49a94059d76a2d6a33a3a7bc6e4b4197890282a,4,43,0.0
0.2064066852367688,0,0.5815996678550759,0.16477593792190495,1.4372155091842336,199,/mnt/prj01/hgrp-1502-5TB/xuxiaoyu/reliability_medmnistc_ab/formal_runs/cross_path_random_grapha2_sel42_43_train42_43_20260917/runs/pathmnist/random/ratio_0.02/selection_seed_42/train_seed_43/aug_0/final.pt,55817b8dc20fa5aba3e40409bf718176d8bfcfc2d83792c8e64bb992e4613114,0.6413132086054815,0.4085510688836104,contrast_down,pathmnist,0.7032990933211734,4582,random,9,7180,1791,5.0903609981721125,0.02,0.4693572496263079,1.0,0.008849557522123894,0.0031545741324921135,0.0,0.0,0.0,0.0,0.0016220600162206002,0.7729805013927576,5744,42,c6fbc4655e7cc4a91be2f8d4f49a94059d76a2d6a33a3a7bc6e4b4197890282a,5,43,0.0
0.6977715877437326,0,0.12575240604162055,0.6773112362026904,0.47277536502280204,199,/mnt/prj01/hgrp-1502-5TB/xuxiaoyu/reliability_medmnistc_ab/formal_runs/cross_path_random_grapha2_sel42_43_train42_43_20260917/runs/pathmnist/random/ratio_0.02/selection_seed_42/train_seed_43/aug_0/final.pt,55817b8dc20fa5aba3e40409bf718176d8bfcfc2d83792c8e64bb992e4613114,0.128777910324696,0.10522584585035821,contrast_up,pathmnist,0.17430843109456942,1126,random,9,7180,1791,1.1257565998807624,0.02,0.9118086696562033,1.0,0.48672566371681414,0.637223974763407,0.7198067632850241,0.793918918918919,0.8178137651821862,0.4251781472684085,0.3033252230332522,0.23293871866295265,5744,42,c6fbc4655e7cc4a91be2f8d4f49a94059d76a2d6a33a3a7bc6e4b4197890282a,1,43,0.3033252230332522
0.5090529247910863,0,0.2984138173255009,0.48130000800359685,0.8231950927112888,199,/mnt/prj01/hgrp-1502-5TB/xuxiaoyu/reliability_medmnistc_ab/formal_runs/cross_path_random_grapha2_sel42_43_train42_43_20260917/runs/pathmnist/random/ratio_0.02/selection_seed_42/train_seed_43/aug_0/final.pt,55817b8dc20fa5aba3e40409bf718176d8bfcfc2d83792c8e64bb992e4613114,0.32478913852378954,0.38908634868896325,contrast_up,pathmnist,0.3561039375935092,2272,random,9,7180,1791,2.3366300178723463,0.02,0.9013452914798207,1.0,0.1504424778761062,0.3580441640378549,0.34106280193236715,0.8530405405405406,0.4493927125506073,0.2589073634204275,0.019464720194647202,0.4449860724233983,5744,42,c6fbc4655e7cc4a91be2f8d4f49a94059d76a2d6a33a3a7bc6e4b4197890282a,2,43,0.019464720194647202
0.3935933147632312,0,0.44936800080046047,0.3529228940797446,1.0263902133880045,199,/mnt/prj01/hgrp-1502-5TB/xuxiaoyu/reliability_medmnistc_ab/formal_runs/cross_path_random_grapha2_sel42_43_train42_43_20260917/runs/pathmnist/random/ratio_0.02/selection_seed_42/train_seed_43/aug_0/final.pt,55817b8dc20fa5aba3e40409bf718176d8bfcfc2d83792c8e64bb992e4613114,0.4531662524476418,0.4069290088673898,contrast_up,pathmnist,0.46045768966996903,2824,random,9,7180,1791,3.1904457186154196,0.02,0.8475336322869955,1.0,0.0471976401179941,0.1892744479495268,0.13526570048309178,0.6756756756756757,0.15384615384615385,0.12589073634204276,0.0016220600162206002,0.5719011142061281,5744,42,c6fbc4655e7cc4a91be2f8d4f49a94059d76a2d6a33a3a7bc6e4b4197890282a,3,43,0.0016220600162206002
0.297075208913649,0,0.6138886701494229,0.24410051497668064,1.1721777916136866,199,/mnt/prj01/hgrp-1502-5TB/xuxiaoyu/reliability_medmnistc_ab/formal_runs/cross_path_random_grapha2_sel42_43_train42_43_20260917/runs/pathmnist/random/ratio_0.02/selection_seed_42/train_seed_43/aug_0/final.pt,55817b8dc20fa5aba3e40409bf718176d8bfcfc2d83792c8e64bb992e4613114,0.5619886315507058,0.4085510688836104,contrast_up,pathmnist,0.5238687023146902,3016,random,9,7180,1791,3.7008625593582707,0.02,0.7937219730941704,0.8288075560802833,0.0,0.07728706624605679,0.07053140096618357,0.34628378378378377,0.02564102564102564,0.05463182897862233,0.0,0.6801880222841226,5744,42,c6fbc4655e7cc4a91be2f8d4f49a94059d76a2d6a33a3a7bc6e4b4197890282a,4,43,0.0
0.1392757660167131,0,0.8505195594676381,0.08941248153833377,1.4713277835938239,199,/mnt/prj01/hgrp-1502-5TB/xuxiaoyu/reliability_medmnistc_ab/formal_runs/cross_path_random_grapha2_sel42_43_train42_43_20260917/runs/pathmnist/random/ratio_0.02/selection_seed_42/train_seed_43/aug_0/final.pt,55817b8dc20fa5aba3e40409bf718176d8bfcfc2d83792c8e64bb992e4613114,0.7166766649890526,0.4085510688836104,contrast_up,pathmnist,0.6835086631866218,3994,random,9,7180,1791,4.8554429264123495,0.02,0.6644245142002989,0.04250295159386069,0.0,0.007886435331230283,0.04154589371980676,0.03885135135135135,0.0,0.009501187648456057,0.0,0.8628133704735376,5744,42,c6fbc4655e7cc4a91be2f8d4f49a94059d76a2d6a33a3a7bc6e4b4197890282a,5,43,0.0
0.7073816155988858,0,0.1447522271997166,0.6827081995588649,0.4668314735263503,199,/mnt/prj01/hgrp-1502-5TB/xuxiaoyu/reliability_medmnistc_ab/formal_runs/cross_path_random_grapha2_sel42_43_train42_43_20260917/runs/pathmnist/random/ratio_0.02/selection_seed_42/train_seed_43/aug_0/final.pt,55817b8dc20fa5aba3e40409bf718176d8bfcfc2d83792c8e64bb992e4613114,0.12338094696852153,0.0724024202349618,defocus_blur,pathmnist,0.1729307893092918,1195,random,9,7180,1791,1.1250720085655594,0.02,0.8288490284005979,1.0,0.4247787610619469,0.9747634069400631,0.6376811594202898,0.33614864864864863,0.8852901484480432,0.5629453681710214,0.49391727493917276,0.23311281337047354,5744,42,c6fbc4655e7cc4a91be2f8d4f49a94059d76a2d6a33a3a7bc6e4b4197890282a,1,43,0.33614864864864863
0.5779944289693594,0,0.2545772548657223,0.5666498161556269,0.6789974839760413,199,/mnt/prj01/hgrp-1502-5TB/xuxiaoyu/reliability_medmnistc_ab/formal_runs/cross_path_random_grapha2_sel42_43_train42_43_20260917/runs/pathmnist/random/ratio_0.02/selection_seed_42/train_seed_43/aug_0/final.pt,55817b8dc20fa5aba3e40409bf718176d8bfcfc2d83792c8e64bb992e4613114,0.23943933037175946,0.1969568659850597,defocus_blur,pathmnist,0.27701610602168647,1733,random,9,7180,1791,1.7880813958753439,0.02,0.8183856502242153,1.0,0.31563421828908556,0.88801261829653,0.21159420289855072,0.24662162162162163,0.8906882591093117,0.4750593824228028,0.25385239253852393,0.36942896935933145,5744,42,c6fbc4655e7cc4a91be2f8d4f49a94059d76a2d6a33a3a7bc6e4b4197890282a,2,43,0.21159420289855072
0.4596100278551532,0,0.38564390882766664,0.44429720178084664,0.8957697240256012,199,/mnt/prj01/hgrp-1502-5TB/xuxiaoyu/reliability_medmnistc_ab/formal_runs/cross_path_random_grapha2_sel42_43_train42_43_20260917/runs/pathmnist/random/ratio_0.02/selection_seed_42/train_seed_43/aug_0/final.pt,55817b8dc20fa5aba3e40409bf718176d8bfcfc2d83792c8e64bb992e4613114,0.36179194474653975,0.40468633458409353,defocus_blur,pathmnist,0.3863183369003963,2396,random,9,7180,1791,2.7106206660894507,0.02,0.8176382660687593,1.0,0.35693215339233036,0.38801261829652994,0.003864734299516908,0.2702702702702703,0.805668016194332,0.25653206650831356,0.09975669099756691,0.4986072423398329,5744,42,c6fbc4655e7cc4a91be2f8d4f49a94059d76a2d6a33a3a7bc6e4b4197890282a,3,43,0.003864734299516908
0.3811977715877437,0,0.45670091260894946,0.34997772714810854,1.0405208577770428,199,/mnt/prj01/hgrp-1502-5TB/xuxiaoyu/reliability_medmnistc_ab/formal_runs/cross_path_random_grapha2_sel42_43_train42_43_20260917/runs/pathmnist/random/ratio_0.02/selection_seed_42/train_seed_43/aug_0/final.pt,55817b8dc20fa5aba3e40409bf718176d8bfcfc2d83792c8e64bb992e4613114,0.45611141937927785,0.4085510688836104,defocus_blur,pathmnist,0.45721755025073013,2775,random,9,7180,1791,3.411564810235009,0.02,0.8153961136023916,1.0,0.35103244837758113,0.007886435331230283,0.0,0.28378378378378377,0.5344129554655871,0.1021377672209026,0.055150040551500405,0.586525069637883,5744,42,c6fbc4655e7cc4a91be2f8d4f49a94059d76a2d6a33a3a7bc6e4b4197890282a,4,43,0.0
0.31782729805013926,0,0.4975436897572686,0.2681375584792756,1.1646985791980966,199,/mnt/prj01/hgrp-1502-5TB/xuxiaoyu/reliability_medmnistc_ab/formal_runs/cross_path_random_grapha2_sel42_43_train42_43_20260917/runs/pathmnist/random/ratio_0.02/selection_seed_42/train_seed_43/aug_0/final.pt,55817b8dc20fa5aba3e40409bf718176d8bfcfc2d83792c8e64bb992e4613114,0.5379515880481107,0.4085510688836104,defocus_blur,pathmnist,0.5339326018410473,3206,random,9,7180,1791,4.04885637757794,0.02,0.8251121076233184,1.0,0.20353982300884957,0.0,0.0,0.19425675675675674,0.13900134952766532,0.023752969121140142,0.027575020275750203,0.655466573816156,5744,42,c6fbc4655e7cc4a91be2f8d4f49a94059d76a2d6a33a3a7bc6e4b4197890282a,5,43,0.0
0.8346796657381615,0,0.04934598792153098,0.7981139899307351,0.25850041384569905,199,/mnt/prj01/hgrp-1502-5TB/xuxiaoyu/reliability_medmnistc_ab/formal_runs/cross_path_random_grapha2_sel42_43_train42_43_20260917/runs/pathmnist/random/ratio_0.02/selection_seed_42/train_seed_43/aug_0/final.pt,55817b8dc20fa5aba3e40409bf718176d8bfcfc2d83792c8e64bb992e4613114,0.007975156596651267,-0.10926365795724463,jpeg_compression,pathmnist,0.0731459015176157,561,random,9,7180,1791,0.605565309386424,0.02,0.8385650224215246,1.0,0.7433628318584071,0.8738170347003155,0.8927536231884058,0.5557432432432432,0.8623481781376519,0.517814726840855,0.8986212489862125,0.09227019498607242,5744,42,c6fbc4655e7cc4a91be2f8d4f49a94059d76a2d6a33a3a7bc6e4b4197890282a,1,43,0.517814726840855
0.8454038997214485,0,0.04482447453780487,0.8012514221937379,0.2433690508456699,199,/mnt/prj01/hgrp-1502-5TB/xuxiaoyu/reliability_medmnistc_ab/formal_runs/cross_path_random_grapha2_sel42_43_train42_43_20260917/runs/pathmnist/random/ratio_0.02/selection_seed_42/train_seed_43/aug_0/final.pt,55817b8dc20fa5aba3e40409bf718176d8bfcfc2d83792c8e64bb992e4613114,0.004837724333648485,-0.11401425178147268,jpeg_compression,pathmnist,0.07419554521446439,558,random,9,7180,1791,0.5846874505711239,0.02,0.9402092675635276,1.0,0.7227138643067846,0.8817034700315457,0.8599033816425121,0.5456081081081081,0.844804318488529,0.5225653206650831,0.8937550689375506,0.08165041782729805,5744,42,c6fbc4655e7cc4a91be2f8d4f49a94059d76a2d6a33a3a7bc6e4b4197890282a,2,43,0.5225653206650831
0.7324512534818941,0,0.0971390833100436,0.7137968300647528,0.42171958787720715,199,/mnt/prj01/hgrp-1502-5TB/xuxiaoyu/reliability_medmnistc_ab/formal_runs/cross_path_random_grapha2_sel42_43_train42_43_20260917/runs/pathmnist/random/ratio_0.02/selection_seed_42/train_seed_43/aug_0/final.pt,55817b8dc20fa5aba3e40409bf718176d8bfcfc2d83792c8e64bb992e4613114,0.09229231646263358,-0.02119482050353455,jpeg_compression,pathmnist,0.16007661736443185,1043,random,9,7180,1791,0.9996152809992275,0.02,0.429745889387145,1.0,0.616519174041298,0.9069400630914827,0.8560386473429952,0.4594594594594595,0.7543859649122807,0.4821852731591449,0.9188969991889699,0.19272284122562675,5744,42,c6fbc4655e7cc4a91be2f8d4f49a94059d76a2d6a33a3a7bc6e4b4197890282a,3,43,0.429745889387145
0.6254874651810585,0,0.18115605480275895,0.5962733371338431,0.6055324292847128,199,/mnt/prj01/hgrp-1502-5TB/xuxiaoyu/reliability_medmnistc_ab/formal_runs/cross_path_random_grapha2_sel42_43_train42_43_20260917/runs/pathmnist/random/ratio_0.02/selection_seed_42/train_seed_43/aug_0/final.pt,55817b8dc20fa5aba3e40409bf718176d8bfcfc2d83792c8e64bb992e4613114,0.20981580939354327,0.2142311884650753,jpeg_compression,pathmnist,0.2607698363493246,1688,random,9,7180,1791,1.5581606723919215,0.02,0.19431988041853512,1.0,0.3185840707964602,0.8375394321766562,0.8222222222222222,0.3597972972972973,0.6032388663967612,0.3491686460807601,0.8815896188158961,0.310933147632312,5744,42,c6fbc4655e7cc4a91be2f8d4f49a94059d76a2d6a33a3a7bc6e4b4197890282a,4,43,0.19431988041853512
0.5909470752089137,0,0.19406933175276633,0.5646086337305409,0.6656017330166737,199,/mnt/prj01/hgrp-1502-5TB/xuxiaoyu/reliability_medmnistc_ab/formal_runs/cross_path_random_grapha2_sel42_43_train42_43_20260917/runs/pathmnist/random/ratio_0.02/selection_seed_42/train_seed_43/aug_0/final.pt,55817b8dc20fa5aba3e40409bf718176d8bfcfc2d83792c8e64bb992e4613114,0.24148051279684546,0.3224024202349618,jpeg_compression,pathmnist,0.29388531699237047,1868,random,9,7180,1791,1.6197827826204279,0.02,0.1210762331838565,1.0,0.40412979351032446,0.6451104100946372,0.8299516908212561,0.08614864864864864,0.562753036437247,0.498812351543943,0.9334955393349554,0.34993036211699163,5744,42,c6fbc4655e7cc4a91be2f8d4f49a94059d76a2d6a33a3a7bc6e4b4197890282a,5,43,0.08614864864864864
0.6877437325905292,0,0.1596194064363101,0.6501872590533416,0.4951463193632695,199,/mnt/prj01/hgrp-1502-5TB/xuxiaoyu/reliability_medmnistc_ab/formal_runs/cross_path_random_grapha2_sel42_43_train42_43_20260917/runs/pathmnist/random/ratio_0.02/selection_seed_42/train_seed_43/aug_0/final.pt,55817b8dc20fa5aba3e40409bf718176d8bfcfc2d83792c8e64bb992e4613114,0.15590188747404476,0.07816758805765173,motion_blur,pathmnist,0.18657689167804042,1244,random,9,7180,1791,1.2046407636357166,0.02,0.7959641255605381,1.0,0.3303834808259587,0.8123028391167192,0.6376811594202898,0.33783783783783783,0.9082321187584346,0.49643705463182897,0.5328467153284672,0.2498259052924791,5744,42,c6fbc4655e7cc4a91be2f8d4f49a94059d76a2d6a33a3a7bc6e4b4197890282a,1,43,0.3303834808259587
0.6685236768802229,0,0.17593846006320515,0.6308496059619143,0.5253535536451992,199,/mnt/prj01/hgrp-1502-5TB/xuxiaoyu/reliability_medmnistc_ab/formal_runs/cross_path_random_grapha2_sel42_43_train42_43_20260917/runs/pathmnist/random/ratio_0.02/selection_seed_42/train_seed_43/aug_0/final.pt,55817b8dc20fa5aba3e40409bf718176d8bfcfc2d83792c8e64bb992e4613114,0.17523954056547209,0.09586670310189949,motion_blur,pathmnist,0.20071680344911008,1321,random,9,7180,1791,1.2850210882163542,0.02,0.7922272047832586,1.0,0.31268436578171094,0.7712933753943217,0.5826086956521739,0.34121621621621623,0.8947368421052632,0.47030878859857483,0.5125709651257097,0.2698467966573816,5744,42,c6fbc4655e7cc4a91be2f8d4f49a94059d76a2d6a33a3a7bc6e4b4197890282a,2,43,0.31268436578171094
0.670891364902507,0,0.17503454701491694,0.6321804380675409,0.5229858527741231,199,/mnt/prj01/hgrp-1502-5TB/xuxiaoyu/reliability_medmnistc_ab/formal_runs/cross_path_random_grapha2_sel42_43_train42_43_20260917/runs/pathmnist/random/ratio_0.02/selection_seed_42/train_seed_43/aug_0/final.pt,55817b8dc20fa5aba3e40409bf718176d8bfcfc2d83792c8e64bb992e4613114,0.17390870845984552,0.1047162606240234,motion_blur,pathmnist,0.1999753985211544,1325,random,9,7180,1791,1.28500738841842,0.02,0.7892376681614349,1.0,0.30383480825958703,0.7949526813880127,0.5864734299516908,0.3293918918918919,0.8906882591093117,0.47030878859857483,0.5247364152473641,0.2681058495821727,5744,42,c6fbc4655e7cc4a91be2f8d4f49a94059d76a2d6a33a3a7bc6e4b4197890282a,3,43,0.30383480825958703
0.5104456824512534,0,0.3314308049086292,0.4786024635804897,0.7976475126838201,199,/mnt/prj01/hgrp-1502-5TB/xuxiaoyu/reliability_medmnistc_ab/formal_runs/cross_path_random_grapha2_sel42_43_train42_43_20260917/runs/pathmnist/random/ratio_0.02/selection_seed_42/train_seed_43/aug_0/final.pt,55817b8dc20fa5aba3e40409bf718176d8bfcfc2d83792c8e64bb992e4613114,0.3274866829468967,0.1538876463369762,motion_blur,pathmnist,0.3328489337645699,2103,random,9,7180,1791,2.198446458432163,0.02,0.772795216741405,1.0,0.2920353982300885,0.29652996845425866,0.2560386473429952,0.33952702702702703,0.7989203778677463,0.29691211401425177,0.2546634225466342,0.4453342618384401,5744,42,c6fbc4655e7cc4a91be2f8d4f49a94059d76a2d6a33a3a7bc6e4b4197890282a,4,43,0.2546634225466342
0.3924791086350975,0,0.43610546324891597,0.3609981697513266,1.0074128788857637,199,/mnt/prj01/hgrp-1502-5TB/xuxiaoyu/reliability_medmnistc_ab/formal_runs/cross_path_random_grapha2_sel42_43_train42_43_20260917/runs/pathmnist/random/ratio_0.02/selection_seed_42/train_seed_43/aug_0/final.pt,55817b8dc20fa5aba3e40409bf718176d8bfcfc2d83792c8e64bb992e4613114,0.4450909767760598,0.36438703102872083,motion_blur,pathmnist,0.4366308898148762,2593,random,9,7180,1791,3.1481651426986557,0.02,0.7944693572496263,1.0,0.35988200589970504,0.04416403785488959,0.09565217391304348,0.2905405405405405,0.4318488529014845,0.14726840855106887,0.0851581508515815,0.5731197771587744,5744,42,c6fbc4655e7cc4a91be2f8d4f49a94059d76a2d6a33a3a7bc6e4b4197890282a,5,43,0.04416403785488959
0.8423398328690808,0,0.04366369084687974,0.8113274748489625,0.24482335808945607,199,/mnt/prj01/hgrp-1502-5TB/xuxiaoyu/reliability_medmnistc_ab/formal_runs/cross_path_random_grapha2_sel42_43_train42_43_20260917/runs/pathmnist/random/ratio_0.02/selection_seed_42/train_seed_43/aug_0/final.pt,55817b8dc20fa5aba3e40409bf718176d8bfcfc2d83792c8e64bb992e4613114,-0.005238328321576113,-0.04750593824228033,pixelate,pathmnist,0.06613089142569596,513,random,9,7180,1791,0.5853651992001541,0.02,0.843796711509716,1.0,0.8230088495575221,0.9258675078864353,0.9159420289855073,0.5912162162162162,0.8879892037786775,0.45605700712589076,0.8580697485806975,0.08321727019498608,5744,42,c6fbc4655e7cc4a91be2f8d4f49a94059d76a2d6a33a3a7bc6e4b4197890282a,1,43,0.45605700712589076
0.8373259052924791,0,0.04625813700726567,0.8077395360665659,0.2515891951857169,199,/mnt/prj01/hgrp-1502-5TB/xuxiaoyu/reliability_medmnistc_ab/formal_runs/cross_path_random_grapha2_sel42_43_train42_43_20260917/runs/pathmnist/random/ratio_0.02/selection_seed_42/train_seed_43/aug_0/final.pt,55817b8dc20fa5aba3e40409bf718176d8bfcfc2d83792c8e64bb992e4613114,-0.0016503895391795087,-0.08076009501187653,pixelate,pathmnist,0.06880424658568124,528,random,9,7180,1791,0.595310734028064,0.02,0.8400597907324364,1.0,0.7935103244837758,0.943217665615142,0.9198067632850242,0.5641891891891891,0.8906882591093117,0.48931116389548696,0.8288726682887266,0.08809192200557103,5744,42,c6fbc4655e7cc4a91be2f8d4f49a94059d76a2d6a33a3a7bc6e4b4197890282a,2,43,0.48931116389548696
0.8186629526462396,0,0.057015503595825016,0.7881875388570784,0.2767509098534258,199,/mnt/prj01/hgrp-1502-5TB/xuxiaoyu/reliability_medmnistc_ab/formal_runs/cross_path_random_grapha2_sel42_43_train42_43_20260917/runs/pathmnist/random/ratio_0.02/selection_seed_42/train_seed_43/aug_0/final.pt,55817b8dc20fa5aba3e40409bf718176d8bfcfc2d83792c8e64bb992e4613114,0.017901607670308017,-0.03739487706233552,pixelate,pathmnist,0.08097665244946903,594,random,9,7180,1791,0.6468154814212518,0.02,0.8348281016442451,1.0,0.7138643067846607,0.9668769716088328,0.9091787439613527,0.44594594594594594,0.8893387314439946,0.5534441805225653,0.7802108678021087,0.10393454038997214,5744,42,c6fbc4655e7cc4a91be2f8d4f49a94059d76a2d6a33a3a7bc6e4b4197890282a,3,43,0.44594594594594594
0.792200557103064,0,0.07500071463795861,0.7520434042897809,0.3197349303970677,199,/mnt/prj01/hgrp-1502-5TB/xuxiaoyu/reliability_medmnistc_ab/formal_runs/cross_path_random_grapha2_sel42_43_train42_43_20260917/runs/pathmnist/random/ratio_0.02/selection_seed_42/train_seed_43/aug_0/final.pt,55817b8dc20fa5aba3e40409bf718176d8bfcfc2d83792c8e64bb992e4613114,0.0540457422376055,0.018348366180907738,pixelate,pathmnist,0.10230952833356305,732,random,9,7180,1791,0.7371559603842452,0.02,0.8071748878923767,1.0,0.5339233038348082,0.9700315457413249,0.8714975845410629,0.3902027027027027,0.873144399460189,0.5486935866983373,0.7737226277372263,0.1335306406685237,5744,42,c6fbc4655e7cc4a91be2f8d4f49a94059d76a2d6a33a3a7bc6e4b4197890282a,4,43,0.3902027027027027
0.741225626740947,0,0.12305786619199337,0.6927301123854819,0.40395443795555525,199,/mnt/prj01/hgrp-1502-5TB/xuxiaoyu/reliability_medmnistc_ab/formal_runs/cross_path_random_grapha2_sel42_43_train42_43_20260917/runs/pathmnist/random/ratio_0.02/selection_seed_42/train_seed_43/aug_0/final.pt,55817b8dc20fa5aba3e40409bf718176d8bfcfc2d83792c8e64bb992e4613114,0.11335903414190451,0.06395647428901585,pixelate,pathmnist,0.13936257969204097,972,random,9,7180,1791,0.9454082571638752,0.02,0.7705530642750373,1.0,0.36578171091445427,0.862776025236593,0.748792270531401,0.34459459459459457,0.8124156545209177,0.5510688836104513,0.7785888077858881,0.19237465181058497,5744,42,c6fbc4655e7cc4a91be2f8d4f49a94059d76a2d6a33a3a7bc6e4b4197890282a,5,43,0.34459459459459457
0.581058495821727,0,0.2222211646447324,0.6132681853551095,0.662345280131811,199,/mnt/prj01/hgrp-1502-5TB/xuxiaoyu/reliability_medmnistc_ab/formal_runs/cross_path_random_grapha2_sel42_43_train42_43_20260917/runs/pathmnist/random/ratio_0.02/selection_seed_42/train_seed_43/aug_0/final.pt,55817b8dc20fa5aba3e40409bf718176d8bfcfc2d83792c8e64bb992e4613114,0.19282096117227687,0.2933848077319478,saturate,pathmnist,0.272085423120051,1642,random,9,7180,1791,1.6176352687445543,0.02,0.695814648729447,1.0,0.696165191740413,0.6482649842271293,0.3739130434782609,0.768581081081081,0.7773279352226721,0.44418052256532065,0.1151662611516626,0.36002785515320335,5744,42,c6fbc4655e7cc4a91be2f8d4f49a94059d76a2d6a33a3a7bc6e4b4197890282a,1,43,0.1151662611516626
0.34596100278551534,0,0.48191510412097965,0.398943989511076,1.1136715339932344,199,/mnt/prj01/hgrp-1502-5TB/xuxiaoyu/reliability_medmnistc_ab/formal_runs/cross_path_random_grapha2_sel42_43_train42_43_20260917/runs/pathmnist/random/ratio_0.02/selection_seed_42/train_seed_43/aug_0/final.pt,55817b8dc20fa5aba3e40409bf718176d8bfcfc2d83792c8e64bb992e4613114,0.4071451570163104,0.4085510688836104,saturate,pathmnist,0.5141784829432585,3192,random,9,7180,1791,3.4410104548002227,0.02,0.3004484304932735,1.0,0.49262536873156343,0.4274447949526814,0.01352657004830918,0.8378378378378378,0.2145748987854251,0.30403800475059384,0.0,0.6300487465181058,5744,42,c6fbc4655e7cc4a91be2f8d4f49a94059d76a2d6a33a3a7bc6e4b4197890282a,2,43,0.0
0.24206128133704735,0,0.6354329686924838,0.2754663434578018,1.2855381250185898,199,/mnt/prj01/hgrp-1502-5TB/xuxiaoyu/reliability_medmnistc_ab/formal_runs/cross_path_random_grapha2_sel42_43_train42_43_20260917/runs/pathmnist/random/ratio_0.02/selection_seed_42/train_seed_43/aug_0/final.pt,55817b8dc20fa5aba3e40409bf718176d8bfcfc2d83792c8e64bb992e4613114,0.5306228030695845,0.4085510688836104,saturate,pathmnist,0.6000138424067111,3584,random,9,7180,1791,4.098508989388174,0.02,0.14573991031390135,1.0,0.34513274336283184,0.2586750788643533,0.005797101449275362,0.5793918918918919,0.016194331983805668,0.12826603325415678,0.0,0.7355501392757661,5744,42,c6fbc4655e7cc4a91be2f8d4f49a94059d76a2d6a33a3a7bc6e4b4197890282a,3,43,0.0
0.13788300835654596,0,0.7376142827150274,0.14402453082197567,1.4253518918883268,199,/mnt/prj01/hgrp-1502-5TB/xuxiaoyu/reliability_medmnistc_ab/formal_runs/cross_path_random_grapha2_sel42_43_train42_43_20260917/runs/pathmnist/random/ratio_0.02/selection_seed_42/train_seed_43/aug_0/final.pt,55817b8dc20fa5aba3e40409bf718176d8bfcfc2d83792c8e64bb992e4613114,0.6620646157054108,0.4085510688836104,saturate,pathmnist,0.6658038980823041,3664,random,9,7180,1791,4.445441868463753,0.02,0.07025411061285501,0.8382526564344747,0.17994100294985252,0.052050473186119876,0.00966183574879227,0.11993243243243243,0.0,0.026128266033254157,0.0,0.8537604456824512,5744,42,c6fbc4655e7cc4a91be2f8d4f49a94059d76a2d6a33a3a7bc6e4b4197890282a,4,43,0.0
0.08690807799442897,0,0.7520126589924457,0.08746050351834972,1.5340735285821818,199,/mnt/prj01/hgrp-1502-5TB/xuxiaoyu/reliability_medmnistc_ab/formal_runs/cross_path_random_grapha2_sel42_43_train42_43_20260917/runs/pathmnist/random/ratio_0.02/selection_seed_42/train_seed_43/aug_0/final.pt,55817b8dc20fa5aba3e40409bf718176d8bfcfc2d83792c8e64bb992e4613114,0.7186286430090367,0.4085510688836104,saturate,pathmnist,0.7255848602186837,3922,random,9,7180,1791,4.89976537124613,0.02,0.03886397608370702,0.5844155844155844,0.11799410029498525,0.0,0.022222222222222223,0.02364864864864865,0.0,0.0,0.0,0.8993732590529248,5744,42,c6fbc4655e7cc4a91be2f8d4f49a94059d76a2d6a33a3a7bc6e4b4197890282a,5,43,0.0
0.8409470752089137,0,0.04205176123455328,0.8045346876269865,0.24180491213992453,199,/mnt/prj01/hgrp-1502-5TB/xuxiaoyu/reliability_medmnistc_ab/formal_runs/cross_path_random_grapha2_sel42_43_train42_43_20260917/runs/pathmnist/random/ratio_0.02/selection_seed_42/train_seed_43/aug_0/final.pt,55817b8dc20fa5aba3e40409bf718176d8bfcfc2d83792c8e64bb992e4613114,0.0015544589003998466,0.014251781472684077,stain_deposit,pathmnist,0.06234086802161838,473,random,9,7180,1791,0.57190755476825,0.02,0.8811659192825112,1.0,0.8407079646017699,0.8391167192429022,0.9159420289855073,0.6351351351351351,0.8812415654520918,0.39429928741092635,0.8532035685320357,0.08008356545961003,5744,42,c6fbc4655e7cc4a91be2f8d4f49a94059d76a2d6a33a3a7bc6e4b4197890282a,1,43,0.39429928741092635
0.8360724233983287,0,0.04356300701049519,0.7981438970670962,0.2480445067234741,199,/mnt/prj01/hgrp-1502-5TB/xuxiaoyu/reliability_medmnistc_ab/formal_runs/cross_path_random_grapha2_sel42_43_train42_43_20260917/runs/pathmnist/random/ratio_0.02/selection_seed_42/train_seed_43/aug_0/final.pt,55817b8dc20fa5aba3e40409bf718176d8bfcfc2d83792c8e64bb992e4613114,0.007945249460290182,0.019002375296912066,stain_deposit,pathmnist,0.06325632941008943,489,random,9,7180,1791,0.58168992164522,0.02,0.8878923766816144,1.0,0.8259587020648967,0.8138801261829653,0.9294685990338164,0.6334459459459459,0.8717948717948718,0.38954869358669836,0.8313057583130575,0.08426183844011143,5744,42,c6fbc4655e7cc4a91be2f8d4f49a94059d76a2d6a33a3a7bc6e4b4197890282a,2,43,0.38954869358669836
0.8328690807799443,0,0.044969745254994,0.7949695116860842,0.2525500744943744,199,/mnt/prj01/hgrp-1502-5TB/xuxiaoyu/reliability_medmnistc_ab/formal_runs/cross_path_random_grapha2_sel42_43_train42_43_20260917/runs/pathmnist/random/ratio_0.02/selection_seed_42/train_seed_43/aug_0/final.pt,55817b8dc20fa5aba3e40409bf718176d8bfcfc2d83792c8e64bb992e4613114,0.011119634841302184,0.0166270783847981,stain_deposit,pathmnist,0.06005461909976846,481,random,9,7180,1791,0.5918013829975852,0.02,0.8998505231689088,1.0,0.8171091445427728,0.7870662460567823,0.9256038647342996,0.6570945945945946,0.865047233468286,0.3919239904988123,0.8110300081103001,0.08774373259052924,5744,42,c6fbc4655e7cc4a91be2f8d4f49a94059d76a2d6a33a3a7bc6e4b4197890282a,3,43,0.3919239904988123
0.8201949860724234,0,0.050214416311331056,0.7825400164565189,0.2695876033890439,199,/mnt/prj01/hgrp-1502-5TB/xuxiaoyu/reliability_medmnistc_ab/formal_runs/cross_path_random_grapha2_sel42_43_train42_43_20260917/runs/pathmnist/random/ratio_0.02/selection_seed_42/train_seed_43/aug_0/final.pt,55817b8dc20fa5aba3e40409bf718176d8bfcfc2d83792c8e64bb992e4613114,0.023549130070867452,0.0166270783847981,stain_deposit,pathmnist,0.06481343753075534,492,random,9,7180,1791,0.6257990701438154,0.02,0.9088191330343797,1.0,0.8112094395280236,0.7397476340694006,0.9256038647342996,0.6554054054054054,0.8421052631578947,0.3919239904988123,0.7680454176804542,0.09853760445682451,5744,42,c6fbc4655e7cc4a91be2f8d4f49a94059d76a2d6a33a3a7bc6e4b4197890282a,4,43,0.3919239904988123
0.7983286908077994,0,0.060355631840657925,0.7549243830760723,0.30347534462084386,199,/mnt/prj01/hgrp-1502-5TB/xuxiaoyu/reliability_medmnistc_ab/formal_runs/cross_path_random_grapha2_sel42_43_train42_43_20260917/runs/pathmnist/random/ratio_0.02/selection_seed_42/train_seed_43/aug_0/final.pt,55817b8dc20fa5aba3e40409bf718176d8bfcfc2d83792c8e64bb992e4613114,0.051164763451314044,0.0665083135391924,stain_deposit,pathmnist,0.06599222060116557,506,random,9,7180,1791,0.7067563625493796,0.02,0.9162929745889388,1.0,0.799410029498525,0.6798107255520505,0.9410628019323671,0.6030405405405406,0.7786774628879892,0.342042755344418,0.7339821573398215,0.12465181058495822,5744,42,c6fbc4655e7cc4a91be2f8d4f49a94059d76a2d6a33a3a7bc6e4b4197890282a,5,43,0.342042755344418
0.8743732590529248,0,0.030387933340447166,0.8334586408960736,0.19838174223797547,199,/mnt/prj01/hgrp-1502-5TB/xuxiaoyu/reliability_medmnistc_ab/formal_runs/cross_path_random_grapha2_sel42_43_train42_43_20260917/runs/pathmnist/random/ratio_0.02/selection_seed_43/train_seed_42/aug_0/final.pt,a78d971d26f4493f4eb671268875ceaee29838316a29e2e562aa90ff63b87240,,,clean,pathmnist,0.06044696461523476,462,random,9,7180,1791,0.48628955855279965,0.02,0.9207772795216741,1.0,0.7964601769911505,0.9936908517350158,0.9178743961352657,0.6351351351351351,0.8947368421052632,0.4251781472684085,0.9172749391727494,0.05536211699164345,5744,43,204d01a514928dcbaa13156a62eea1df969190a812d88c7ee1e5fffdf206b14f,0,42,0.4251781472684085
0.4945682451253482,0,0.24460005282766048,0.4126053939328643,0.8950291705604856,199,/mnt/prj01/hgrp-1502-5TB/xuxiaoyu/reliability_medmnistc_ab/formal_runs/cross_path_random_grapha2_sel42_43_train42_43_20260917/runs/pathmnist/random/ratio_0.02/selection_seed_43/train_seed_42/aug_0/final.pt,a78d971d26f4493f4eb671268875ceaee29838316a29e2e562aa90ff63b87240,0.4208532469632093,0.4085510688836104,brightness_down,pathmnist,0.41987423976068705,2704,random,9,7180,1791,3.0334593435430617,0.02,0.9985052316890882,1.0,0.504424778761062,0.3643533123028391,0.018357487922705314,0.07939189189189189,0.018893387314439947,0.0166270783847981,0.7128953771289538,0.44098189415041783,5744,43,204d01a514928dcbaa13156a62eea1df969190a812d88c7ee1e5fffdf206b14f,1,42,0.0166270783847981
0.4178272980501393,0,0.30369572874914535,0.3397610291126706,1.0142786109763033,199,/mnt/prj01/hgrp-1502-5TB/xuxiaoyu/reliability_medmnistc_ab/formal_runs/cross_path_random_grapha2_sel42_43_train42_43_20260917/runs/pathmnist/random/ratio_0.02/selection_seed_43/train_seed_42/aug_0/final.pt,a78d971d26f4493f4eb671268875ceaee29838316a29e2e562aa90ff63b87240,0.493697611783403,0.4251781472684085,brightness_down,pathmnist,0.4754054010080428,2825,random,9,7180,1791,3.739515748556053,0.02,0.9932735426008968,1.0,0.49852507374631266,0.04574132492113565,0.001932367149758454,0.02364864864864865,0.0,0.0,0.49472830494728304,0.5139275766016713,5744,43,204d01a514928dcbaa13156a62eea1df969190a812d88c7ee1e5fffdf206b14f,2,42,0.0
0.32367688022284125,0,0.4750880904757874,0.27632481600376474,1.221814011479623,199,/mnt/prj01/hgrp-1502-5TB/xuxiaoyu/reliability_medmnistc_ab/formal_runs/cross_path_random_grapha2_sel42_43_train42_43_20260917/runs/pathmnist/random/ratio_0.02/selection_seed_43/train_seed_42/aug_0/final.pt,a78d971d26f4493f4eb671268875ceaee29838316a29e2e562aa90ff63b87240,0.5571338248923088,0.4251781472684085,brightness_down,pathmnist,0.5835398564556182,3750,random,9,7180,1791,4.742342466851057,0.02,0.8505231689088192,1.0,0.49852507374631266,0.0,0.0,0.0,0.0,0.0,0.137875101378751,0.6342270194986073,5744,43,204d01a514928dcbaa13156a62eea1df969190a812d88c7ee1e5fffdf206b14f,3,42,0.0
0.20543175487465182,0,0.5742840254211095,0.20503661182302024,1.4355410754288294,199,/mnt/prj01/hgrp-1502-5TB/xuxiaoyu/reliability_medmnistc_ab/formal_runs/cross_path_random_grapha2_sel42_43_train42_43_20260917/runs/pathmnist/random/ratio_0.02/selection_seed_43/train_seed_42/aug_0/final.pt,a78d971d26f4493f4eb671268875ceaee29838316a29e2e562aa90ff63b87240,0.6284220290730533,0.4251781472684085,brightness_down,pathmnist,0.7101140577190435,4637,random,9,7180,1791,5.570847322937317,0.02,0.29895366218236175,1.0,0.49852507374631266,0.0,0.0,0.0,0.0,0.0,0.047850770478507706,0.7762883008356546,5744,43,204d01a514928dcbaa13156a62eea1df969190a812d88c7ee1e5fffdf206b14f,4,42,0.0
0.15877437325905291,0,0.5939788733052335,0.17711123628218203,1.582366947707208,199,/mnt/prj01/hgrp-1502-5TB/xuxiaoyu/reliability_medmnistc_ab/formal_runs/cross_path_random_grapha2_sel42_43_train42_43_20260917/runs/pathmnist/random/ratio_0.02/selection_seed_43/train_seed_42/aug_0/final.pt,a78d971d26f4493f4eb671268875ceaee29838316a29e2e562aa90ff63b87240,0.6563474046138915,0.4251781472684085,brightness_down,pathmnist,0.7856182629974108,5362,random,9,7180,1791,6.290746386781802,0.02,0.059790732436472344,1.0,0.49852507374631266,0.0,0.0,0.0,0.0,0.0,0.035685320356853206,0.8225974930362117,5744,43,204d01a514928dcbaa13156a62eea1df969190a812d88c7ee1e5fffdf206b14f,5,42,0.0
0.5286908077994429,0,0.30052400785641104,0.5125033589081455,0.7629253452340122,199,/mnt/prj01/hgrp-1502-5TB/xuxiaoyu/reliability_medmnistc_ab/formal_runs/cross_path_random_grapha2_sel42_43_train42_43_20260917/runs/pathmnist/random/ratio_0.02/selection_seed_43/train_seed_42/aug_0/final.pt,a78d971d26f4493f4eb671268875ceaee29838316a29e2e562aa90ff63b87240,0.3209552819879281,0.28503562945368166,brightness_up,pathmnist,0.31405854844241754,1996,random,9,7180,1791,1.9069241337368312,0.02,0.45067264573991034,1.0,0.20058997050147492,0.8233438485804416,0.30241545893719807,0.8834459459459459,0.28475033738191635,0.14014251781472684,0.527169505271695,0.4333217270194986,5744,43,204d01a514928dcbaa13156a62eea1df969190a812d88c7ee1e5fffdf206b14f,1,42,0.14014251781472684
0.28565459610027855,0,0.4846438577202154,0.31252661231110035,1.2297565597644473,199,/mnt/prj01/hgrp-1502-5TB/xuxiaoyu/reliability_medmnistc_ab/formal_runs/cross_path_random_grapha2_sel42_43_train42_43_20260917/runs/pathmnist/random/ratio_0.02/selection_seed_43/train_seed_42/aug_0/final.pt,a78d971d26f4493f4eb671268875ceaee29838316a29e2e562aa90ff63b87240,0.5209320285849732,0.4242119636935293,brightness_up,pathmnist,0.5889109206544157,3654,random,9,7180,1791,3.587648464917919,0.02,0.10089686098654709,1.0,0.10914454277286136,0.5047318611987381,0.000966183574879227,0.9037162162162162,0.0796221322537112,0.028503562945368172,0.0851581508515815,0.6850626740947076,5744,43,204d01a514928dcbaa13156a62eea1df969190a812d88c7ee1e5fffdf206b14f,2,42,0.000966183574879227
0.24303621169916434,0,0.5494469539598652,0.2670380509792665,1.3756711440089162,199,/mnt/prj01/hgrp-1502-5TB/xuxiaoyu/reliability_medmnistc_ab/formal_runs/cross_path_random_grapha2_sel42_43_train42_43_20260917/runs/pathmnist/random/ratio_0.02/selection_seed_43/train_seed_42/aug_0/final.pt,a78d971d26f4493f4eb671268875ceaee29838316a29e2e562aa90ff63b87240,0.5664205899168071,0.4251781472684085,brightness_up,pathmnist,0.6665389672212281,4391,random,9,7180,1791,4.7266823130192215,0.02,0.09790732436472346,1.0,0.08259587020648967,0.3028391167192429,0.0,0.9070945945945946,0.008097165991902834,0.0023752969121140144,0.0024330900243309003,0.7341573816155988,5744,43,204d01a514928dcbaa13156a62eea1df969190a812d88c7ee1e5fffdf206b14f,3,42,0.0
0.23036211699164347,0,0.5628231788889074,0.25377763411664195,1.4148037861126532,199,/mnt/prj01/hgrp-1502-5TB/xuxiaoyu/reliability_medmnistc_ab/formal_runs/cross_path_random_grapha2_sel42_43_train42_43_20260917/runs/pathmnist/random/ratio_0.02/selection_seed_43/train_seed_42/aug_0/final.pt,a78d971d26f4493f4eb671268875ceaee29838316a29e2e562aa90ff63b87240,0.5796810067794316,0.4251781472684085,brightness_up,pathmnist,0.6899090537412254,4637,random,9,7180,1791,5.068283989991384,0.02,0.07623318385650224,1.0,0.07669616519174041,0.22397476340694006,0.0,0.9070945945945946,0.0,0.0,0.0,0.7487813370473537,5744,43,204d01a514928dcbaa13156a62eea1df969190a812d88c7ee1e5fffdf206b14f,4,42,0.0
0.20612813370473537,0,0.5952343001733047,0.2305397405917221,1.4683522254976344,199,/mnt/prj01/hgrp-1502-5TB/xuxiaoyu/reliability_medmnistc_ab/formal_runs/cross_path_random_grapha2_sel42_43_train42_43_20260917/runs/pathmnist/random/ratio_0.02/selection_seed_43/train_seed_42/aug_0/final.pt,a78d971d26f4493f4eb671268875ceaee29838316a29e2e562aa90ff63b87240,0.6029189003043515,0.4251781472684085,brightness_up,pathmnist,0.7284034157571354,4936,random,9,7180,1791,5.49477601668001,0.02,0.014947683109118086,1.0,0.07079646017699115,0.08201892744479496,0.0,0.9070945945945946,0.0,0.0,0.0,0.7560933147632312,5744,43,204d01a514928dcbaa13156a62eea1df969190a812d88c7ee1e5fffdf206b14f,5,42,0.0
0.870891364902507,0,0.03349125711503837,0.8296359214546272,0.20645074450255646,199,/mnt/prj01/hgrp-1502-5TB/xuxiaoyu/reliability_medmnistc_ab/formal_runs/cross_path_random_grapha2_sel42_43_train42_43_20260917/runs/pathmnist/random/ratio_0.02/selection_seed_43/train_seed_42/aug_0/final.pt,a78d971d26f4493f4eb671268875ceaee29838316a29e2e562aa90ff63b87240,0.0038227194414464094,-0.02850356294536821,bubble,pathmnist,0.06342832994411249,485,random,9,7180,1791,0.5022810313496867,0.02,0.9177877428998505,1.0,0.7846607669616519,0.9921135646687698,0.9314009661835749,0.5861486486486487,0.893387314439946,0.45368171021377673,0.9075425790754258,0.060584958217270196,5744,43,204d01a514928dcbaa13156a62eea1df969190a812d88c7ee1e5fffdf206b14f,1,42,0.45368171021377673
0.8667130919220055,0,0.034679616274324705,0.825750700749184,0.21093182603606908,199,/mnt/prj01/hgrp-1502-5TB/xuxiaoyu/reliability_medmnistc_ab/formal_runs/cross_path_random_grapha2_sel42_43_train42_43_20260917/runs/pathmnist/random/ratio_0.02/selection_seed_43/train_seed_42/aug_0/final.pt,a78d971d26f4493f4eb671268875ceaee29838316a29e2e562aa90ff63b87240,0.00770794014688958,-0.03562945368171022,bubble,pathmnist,0.06502689276731112,494,random,9,7180,1791,0.5116148210407901,0.02,0.922272047832586,1.0,0.7817109144542773,0.9905362776025236,0.9333333333333333,0.5675675675675675,0.8866396761133604,0.46080760095011875,0.8888888888888888,0.06389275766016714,5744,43,204d01a514928dcbaa13156a62eea1df969190a812d88c7ee1e5fffdf206b14f,2,42,0.46080760095011875
0.8682451253481894,0,0.035924268716547414,0.8273520079973294,0.2117444848724848,199,/mnt/prj01/hgrp-1502-5TB/xuxiaoyu/reliability_medmnistc_ab/formal_runs/cross_path_random_grapha2_sel42_43_train42_43_20260917/runs/pathmnist/random/ratio_0.02/selection_seed_43/train_seed_42/aug_0/final.pt,a78d971d26f4493f4eb671268875ceaee29838316a29e2e562aa90ff63b87240,0.006106632898744135,-0.0332541567695962,bubble,pathmnist,0.06244065322832807,509,random,9,7180,1791,0.5118028414591307,0.02,0.9200298953662183,1.0,0.7846607669616519,0.9889589905362776,0.9410628019323671,0.5726351351351351,0.8906882591093117,0.4584323040380047,0.8896999188969992,0.06580779944289694,5744,43,204d01a514928dcbaa13156a62eea1df969190a812d88c7ee1e5fffdf206b14f,3,42,0.4584323040380047
0.8550139275766017,0,0.04232184917841913,0.8142591771522278,0.23046911329925449,199,/mnt/prj01/hgrp-1502-5TB/xuxiaoyu/reliability_medmnistc_ab/formal_runs/cross_path_random_grapha2_sel42_43_train42_43_20260917/runs/pathmnist/random/ratio_0.02/selection_seed_43/train_seed_42/aug_0/final.pt,a78d971d26f4493f4eb671268875ceaee29838316a29e2e562aa90ff63b87240,0.019199463743845735,-0.030878859857482233,bubble,pathmnist,0.06794659584802176,541,random,9,7180,1791,0.5475275889279687,0.02,0.9147982062780269,1.0,0.7522123893805309,0.9858044164037855,0.9497584541062802,0.543918918918919,0.8879892037786775,0.45605700712589076,0.83779399837794,0.07538300835654596,5744,43,204d01a514928dcbaa13156a62eea1df969190a812d88c7ee1e5fffdf206b14f,4,42,0.45605700712589076
0.8366295264623955,0,0.04908627813490057,0.7985671229472289,0.25186377284283085,199,/mnt/prj01/hgrp-1502-5TB/xuxiaoyu/reliability_medmnistc_ab/formal_runs/cross_path_random_grapha2_sel42_43_train42_43_20260917/runs/pathmnist/random/ratio_0.02/selection_seed_43/train_seed_42/aug_0/final.pt,a78d971d26f4493f4eb671268875ceaee29838316a29e2e562aa90ff63b87240,0.03489151794884471,-0.0332541567695962,bubble,pathmnist,0.07673859643985967,578,random,9,7180,1791,0.5849115396964111,0.02,0.9080717488789237,1.0,0.7522123893805309,0.9858044164037855,0.9526570048309179,0.49493243243243246,0.8596491228070176,0.4584323040380047,0.7753446877534469,0.08826601671309192,5744,43,204d01a514928dcbaa13156a62eea1df969190a812d88c7ee1e5fffdf206b14f,5,42,0.4584323040380047
0.6586350974930362,0,0.19191344791381998,0.5838921864009077,0.5691272222200215,199,/mnt/prj01/hgrp-1502-5TB/xuxiaoyu/reliability_medmnistc_ab/formal_runs/cross_path_random_grapha2_sel42_43_train42_43_20260917/runs/pathmnist/random/ratio_0.02/selection_seed_43/train_seed_42/aug_0/final.pt,a78d971d26f4493f4eb671268875ceaee29838316a29e2e562aa90ff63b87240,0.2495664544951659,0.29691211401425177,contrast_down,pathmnist,0.24171209954825285,1589,random,9,7180,1791,1.6838138197313897,0.02,0.898355754857997,1.0,0.5103244837758112,0.7239747634069401,0.553623188405797,0.43074324324324326,0.16059379217273953,0.12826603325415678,0.8491484184914841,0.27768105849582175,5744,43,204d01a514928dcbaa13156a62eea1df969190a812d88c7ee1e5fffdf206b14f,1,42,0.12826603325415678
0.4750696378830084,0,0.3609314398037264,0.4010967311087297,0.9351173003019148,199,/mnt/prj01/hgrp-1502-5TB/xuxiaoyu/reliability_medmnistc_ab/formal_runs/cross_path_random_grapha2_sel42_43_train42_43_20260917/runs/pathmnist/random/ratio_0.02/selection_seed_43/train_seed_42/aug_0/final.pt,a78d971d26f4493f4eb671268875ceaee29838316a29e2e562aa90ff63b87240,0.4323619097873439,0.4251781472684085,contrast_down,pathmnist,0.4328471586606296,2885,random,9,7180,1791,3.2631353878419254,0.02,0.9357249626307922,1.0,0.49852507374631266,0.2807570977917981,0.15555555555555556,0.15878378378378377,0.0,0.007125890736342043,0.5733982157339822,0.4925139275766017,5744,43,204d01a514928dcbaa13156a62eea1df969190a812d88c7ee1e5fffdf206b14f,2,42,0.0
0.34735376044568245,0,0.4125076933241432,0.2912181907953109,1.1773181028725639,199,/mnt/prj01/hgrp-1502-5TB/xuxiaoyu/reliability_medmnistc_ab/formal_runs/cross_path_random_grapha2_sel42_43_train42_43_20260917/runs/pathmnist/random/ratio_0.02/selection_seed_43/train_seed_42/aug_0/final.pt,a78d971d26f4493f4eb671268875ceaee29838316a29e2e562aa90ff63b87240,0.5422404501007627,0.4251781472684085,contrast_down,pathmnist,0.5694356567555816,3653,random,9,7180,1791,4.466610378660177,0.02,0.9626307922272048,1.0,0.49852507374631266,0.00473186119873817,0.021256038647342997,0.0,0.0,0.0,0.13381995133819952,0.5995821727019499,5744,43,204d01a514928dcbaa13156a62eea1df969190a812d88c7ee1e5fffdf206b14f,3,42,0.0
0.32688022284122564,0,0.4033045881972009,0.2771207074281352,1.24292438817317,199,/mnt/prj01/hgrp-1502-5TB/xuxiaoyu/reliability_medmnistc_ab/formal_runs/cross_path_random_grapha2_sel42_43_train42_43_20260917/runs/pathmnist/random/ratio_0.02/selection_seed_43/train_seed_42/aug_0/final.pt,a78d971d26f4493f4eb671268875ceaee29838316a29e2e562aa90ff63b87240,0.5563379334679384,0.4251781472684085,contrast_down,pathmnist,0.604837651339082,3942,random,9,7180,1791,4.976153614883312,0.02,0.9730941704035875,1.0,0.49557522123893805,0.0,0.00676328502415459,0.0,0.0,0.0,0.0186536901865369,0.6081128133704735,5744,43,204d01a514928dcbaa13156a62eea1df969190a812d88c7ee1e5fffdf206b14f,4,42,0.0
0.32367688022284125,0,0.40319913717366207,0.2747131840544136,1.2679850061694338,199,/mnt/prj01/hgrp-1502-5TB/xuxiaoyu/reliability_medmnistc_ab/formal_runs/cross_path_random_grapha2_sel42_43_train42_43_20260917/runs/pathmnist/random/ratio_0.02/selection_seed_43/train_seed_42/aug_0/final.pt,a78d971d26f4493f4eb671268875ceaee29838316a29e2e562aa90ff63b87240,0.55874545684166,0.4251781472684085,contrast_down,pathmnist,0.6165223326357626,4058,random,9,7180,1791,5.3896501755830855,0.02,0.976083707025411,1.0,0.49262536873156343,0.0,0.002898550724637681,0.0,0.0,0.0,0.0008110300081103001,0.6115947075208914,5744,43,204d01a514928dcbaa13156a62eea1df969190a812d88c7ee1e5fffdf206b14f,5,42,0.0
0.8155988857938719,0,0.059128456202692796,0.7751899605159304,0.2864232005300832,199,/mnt/prj01/hgrp-1502-5TB/xuxiaoyu/reliability_medmnistc_ab/formal_runs/cross_path_random_grapha2_sel42_43_train42_43_20260917/runs/pathmnist/random/ratio_0.02/selection_seed_43/train_seed_42/aug_0/final.pt,a78d971d26f4493f4eb671268875ceaee29838316a29e2e562aa90ff63b87240,0.05826868038014321,0.035629453681710166,contrast_up,pathmnist,0.08970419249826818,648,random,9,7180,1791,0.6761173019991059,0.02,0.9439461883408071,1.0,0.528023598820059,0.9574132492113565,0.7227053140096619,0.839527027027027,0.8461538461538461,0.38954869358669836,0.7493917274939172,0.10950557103064067,5744,43,204d01a514928dcbaa13156a62eea1df969190a812d88c7ee1e5fffdf206b14f,1,42,0.38954869358669836
0.6178272980501393,0,0.19585853094924427,0.5823078555643942,0.6096852077418214,199,/mnt/prj01/hgrp-1502-5TB/xuxiaoyu/reliability_medmnistc_ab/formal_runs/cross_path_random_grapha2_sel42_43_train42_43_20260917/runs/pathmnist/random/ratio_0.02/selection_seed_43/train_seed_42/aug_0/final.pt,a78d971d26f4493f4eb671268875ceaee29838316a29e2e562aa90ff63b87240,0.25115078533167934,0.2541567695961995,contrast_up,pathmnist,0.2529458793217425,1542,random,9,7180,1791,1.5549224495414404,0.02,0.953662182361734,1.0,0.2536873156342183,0.692429022082019,0.3652173913043478,0.8952702702702703,0.6369770580296896,0.171021377672209,0.2725060827250608,0.31162952646239556,5744,43,204d01a514928dcbaa13156a62eea1df969190a812d88c7ee1e5fffdf206b14f,2,42,0.171021377672209
0.49303621169916434,0,0.3600833015746101,0.46366884850365125,0.8556815305111031,199,/mnt/prj01/hgrp-1502-5TB/xuxiaoyu/reliability_medmnistc_ab/formal_runs/cross_path_random_grapha2_sel42_43_train42_43_20260917/runs/pathmnist/random/ratio_0.02/selection_seed_43/train_seed_42/aug_0/final.pt,a78d971d26f4493f4eb671268875ceaee29838316a29e2e562aa90ff63b87240,0.3697897923924223,0.4122016671386437,contrast_up,pathmnist,0.38001907854068573,2316,random,9,7180,1791,2.6011104162947793,0.02,0.9170403587443946,1.0,0.1415929203539823,0.5662460567823344,0.1855072463768116,0.9037162162162162,0.4008097165991903,0.04513064133016627,0.012976480129764802,0.44307103064066855,5744,43,204d01a514928dcbaa13156a62eea1df969190a812d88c7ee1e5fffdf206b14f,3,42,0.012976480129764802
0.4331476323119777,0,0.5133978803035593,0.40640846982795087,0.9968061636749526,199,/mnt/prj01/hgrp-1502-5TB/xuxiaoyu/reliability_medmnistc_ab/formal_runs/cross_path_random_grapha2_sel42_43_train42_43_20260917/runs/pathmnist/random/ratio_0.02/selection_seed_43/train_seed_42/aug_0/final.pt,a78d971d26f4493f4eb671268875ceaee29838316a29e2e562aa90ff63b87240,0.4270501710681227,0.4251781472684085,contrast_up,pathmnist,0.4473578606869683,2931,random,9,7180,1791,3.295875653220129,0.02,0.8647234678624813,0.974025974025974,0.11799410029498525,0.47791798107255523,0.06280193236714976,0.9070945945945946,0.2388663967611336,0.014251781472684086,0.0,0.525591922005571,5744,43,204d01a514928dcbaa13156a62eea1df969190a812d88c7ee1e5fffdf206b14f,4,42,0.0
0.2532033426183844,0,0.7358635333442071,0.23872725999744693,1.3390483093496273,199,/mnt/prj01/hgrp-1502-5TB/xuxiaoyu/reliability_medmnistc_ab/formal_runs/cross_path_random_grapha2_sel42_43_train42_43_20260917/runs/pathmnist/random/ratio_0.02/selection_seed_43/train_seed_42/aug_0/final.pt,a78d971d26f4493f4eb671268875ceaee29838316a29e2e562aa90ff63b87240,0.5947313808986266,0.4251781472684085,contrast_up,pathmnist,0.6353533191310662,4159,random,9,7180,1791,4.519392205299885,0.02,0.7346786248131539,0.0035419126328217238,0.11209439528023599,0.3280757097791798,0.007729468599033816,0.9070945945945946,0.0553306342780027,0.0,0.0,0.7383356545961003,5744,43,204d01a514928dcbaa13156a62eea1df969190a812d88c7ee1e5fffdf206b14f,5,42,0.0
0.6821727019498607,0,0.1277469475026098,0.6637509587474255,0.5189740374587188,199,/mnt/prj01/hgrp-1502-5TB/xuxiaoyu/reliability_medmnistc_ab/formal_runs/cross_path_random_grapha2_sel42_43_train42_43_20260917/runs/pathmnist/random/ratio_0.02/selection_seed_43/train_seed_42/aug_0/final.pt,a78d971d26f4493f4eb671268875ceaee29838316a29e2e562aa90ff63b87240,0.16970768214864806,0.16240442464067129,defocus_blur,pathmnist,0.22344794179569707,1439,random,9,7180,1791,1.3174053517130573,0.02,0.9790732436472347,1.0,0.5663716814159292,0.998422712933754,0.6164251207729469,0.28378378378378377,0.7894736842105263,0.47743467933491684,0.26277372262773724,0.24477715877437325,5744,43,204d01a514928dcbaa13156a62eea1df969190a812d88c7ee1e5fffdf206b14f,1,42,0.26277372262773724
0.6266016713091922,0,0.18779998814083312,0.6196529336083213,0.622640239985906,199,/mnt/prj01/hgrp-1502-5TB/xuxiaoyu/reliability_medmnistc_ab/formal_runs/cross_path_random_grapha2_sel42_43_train42_43_20260917/runs/pathmnist/random/ratio_0.02/selection_seed_43/train_seed_42/aug_0/final.pt,a78d971d26f4493f4eb671268875ceaee29838316a29e2e562aa90ff63b87240,0.21380570728775228,0.2297199153138262,defocus_blur,pathmnist,0.2639294811381769,1734,random,9,7180,1791,1.7177415237819988,0.02,0.9805680119581465,1.0,0.5162241887905604,0.9826498422712934,0.2792270531400966,0.3293918918918919,0.8515519568151148,0.4418052256532066,0.1954582319545823,0.314066852367688,5744,43,204d01a514928dcbaa13156a62eea1df969190a812d88c7ee1e5fffdf206b14f,2,42,0.1954582319545823
0.5162952646239555,0,0.31963436438520426,0.49975729124268425,0.8123658484718841,199,/mnt/prj01/hgrp-1502-5TB/xuxiaoyu/reliability_medmnistc_ab/formal_runs/cross_path_random_grapha2_sel42_43_train42_43_20260917/runs/pathmnist/random/ratio_0.02/selection_seed_43/train_seed_42/aug_0/final.pt,a78d971d26f4493f4eb671268875ceaee29838316a29e2e562aa90ff63b87240,0.3337013496533893,0.3961926400220317,defocus_blur,pathmnist,0.3595967383852908,2215,random,9,7180,1791,2.4887169757251604,0.02,0.976083707025411,1.0,0.46607669616519176,0.3217665615141956,0.028985507246376812,0.3547297297297297,0.8920377867746289,0.33729216152019004,0.12084347120843471,0.42618384401114207,5744,43,204d01a514928dcbaa13156a62eea1df969190a812d88c7ee1e5fffdf206b14f,3,42,0.028985507246376812
0.44317548746518104,0,0.43350904046955796,0.41416757540452415,0.9448168095977209,199,/mnt/prj01/hgrp-1502-5TB/xuxiaoyu/reliability_medmnistc_ab/formal_runs/cross_path_random_grapha2_sel42_43_train42_43_20260917/runs/pathmnist/random/ratio_0.02/selection_seed_43/train_seed_42/aug_0/final.pt,a78d971d26f4493f4eb671268875ceaee29838316a29e2e562aa90ff63b87240,0.41929106549154943,0.42202357313591643,defocus_blur,pathmnist,0.428464780202068,2550,random,9,7180,1791,3.313691802272852,0.02,0.9633781763826607,1.0,0.46017699115044247,0.0031545741324921135,0.005797101449275362,0.2989864864864865,0.7260458839406208,0.2042755344418052,0.06569343065693431,0.49669220055710306,5744,43,204d01a514928dcbaa13156a62eea1df969190a812d88c7ee1e5fffdf206b14f,4,42,0.0031545741324921135
0.39094707520891364,0,0.48179225390474706,0.3595299111406371,1.03861390093222,199,/mnt/prj01/hgrp-1502-5TB/xuxiaoyu/reliability_medmnistc_ab/formal_runs/cross_path_random_grapha2_sel42_43_train42_43_20260917/runs/pathmnist/random/ratio_0.02/selection_seed_43/train_seed_42/aug_0/final.pt,a78d971d26f4493f4eb671268875ceaee29838316a29e2e562aa90ff63b87240,0.4739287297554365,0.4251781472684085,defocus_blur,pathmnist,0.47503320927158366,2823,random,9,7180,1791,3.7570378879204958,0.02,0.9551569506726457,1.0,0.5368731563421829,0.0,0.0,0.21114864864864866,0.3765182186234818,0.1187648456057007,0.0373073803730738,0.5586699164345403,5744,43,204d01a514928dcbaa13156a62eea1df969190a812d88c7ee1e5fffdf206b14f,5,42,0.0
0.8569637883008356,0,0.03770707610905466,0.801737821386062,0.22452507853196788,199,/mnt/prj01/hgrp-1502-5TB/xuxiaoyu/reliability_medmnistc_ab/formal_runs/cross_path_random_grapha2_sel42_43_train42_43_20260917/runs/pathmnist/random/ratio_0.02/selection_seed_43/train_seed_42/aug_0/final.pt,a78d971d26f4493f4eb671268875ceaee29838316a29e2e562aa90ff63b87240,0.0317208195100116,0.0023752969121139667,jpeg_compression,pathmnist,0.07050036823268055,518,random,9,7180,1791,0.5372987237760818,0.02,0.9319880418535127,1.0,0.6548672566371682,0.9621451104100947,0.9323671497584541,0.5456081081081081,0.8461538461538461,0.42280285035629456,0.9197080291970803,0.06928969359331476,5744,43,204d01a514928dcbaa13156a62eea1df969190a812d88c7ee1e5fffdf206b14f,1,42,0.42280285035629456
0.8605849582172702,0,0.03461458834422057,0.7983487222437958,0.2187856656320558,199,/mnt/prj01/hgrp-1502-5TB/xuxiaoyu/reliability_medmnistc_ab/formal_runs/cross_path_random_grapha2_sel42_43_train42_43_20260917/runs/pathmnist/random/ratio_0.02/selection_seed_43/train_seed_42/aug_0/final.pt,a78d971d26f4493f4eb671268875ceaee29838316a29e2e562aa90ff63b87240,0.03510991865227775,0.004750593824227989,jpeg_compression,pathmnist,0.07076379383257839,516,random,9,7180,1791,0.5266824758574197,0.02,0.976831091180867,1.0,0.6106194690265486,0.9637223974763407,0.9333333333333333,0.527027027027027,0.8326585695006747,0.42042755344418054,0.9205190592051906,0.06493732590529248,5744,43,204d01a514928dcbaa13156a62eea1df969190a812d88c7ee1e5fffdf206b14f,2,42,0.42042755344418054
0.7891364902506964,0,0.06513903609766554,0.7426198160912407,0.32628209221536514,199,/mnt/prj01/hgrp-1502-5TB/xuxiaoyu/reliability_medmnistc_ab/formal_runs/cross_path_random_grapha2_sel42_43_train42_43_20260917/runs/pathmnist/random/ratio_0.02/selection_seed_43/train_seed_42/aug_0/final.pt,a78d971d26f4493f4eb671268875ceaee29838316a29e2e562aa90ff63b87240,0.09083882480483285,0.02137767220902609,jpeg_compression,pathmnist,0.11568558060857248,775,random,9,7180,1791,0.7687677023594497,0.02,0.6846038863976084,1.0,0.5398230088495575,0.973186119873817,0.9497584541062802,0.4847972972972973,0.7489878542510121,0.40380047505938244,0.8986212489862125,0.1288300835654596,5744,43,204d01a514928dcbaa13156a62eea1df969190a812d88c7ee1e5fffdf206b14f,3,42,0.40380047505938244
0.7154596100278552,0,0.1056137419247855,0.6687306622362467,0.4343341614443274,199,/mnt/prj01/hgrp-1502-5TB/xuxiaoyu/reliability_medmnistc_ab/formal_runs/cross_path_random_grapha2_sel42_43_train42_43_20260917/runs/pathmnist/random/ratio_0.02/selection_seed_43/train_seed_42/aug_0/final.pt,a78d971d26f4493f4eb671268875ceaee29838316a29e2e562aa90ff63b87240,0.1647279786598269,0.12351543942992871,jpeg_compression,pathmnist,0.16116822398887704,999,random,9,7180,1791,0.994964793788861,0.02,0.6210762331838565,1.0,0.46607669616519176,0.9132492113564669,0.8280193236714976,0.4375,0.6302294197031039,0.3016627078384798,0.8207623682076237,0.20665041782729804,5744,43,204d01a514928dcbaa13156a62eea1df969190a812d88c7ee1e5fffdf206b14f,4,42,0.3016627078384798
0.7040389972144847,0,0.12488795619517123,0.6505081035797121,0.46997241398427675,199,/mnt/prj01/hgrp-1502-5TB/xuxiaoyu/reliability_medmnistc_ab/formal_runs/cross_path_random_grapha2_sel42_43_train42_43_20260917/runs/pathmnist/random/ratio_0.02/selection_seed_43/train_seed_42/aug_0/final.pt,a78d971d26f4493f4eb671268875ceaee29838316a29e2e562aa90ff63b87240,0.18295053731636146,0.22078625537651664,jpeg_compression,pathmnist,0.17415000071598627,1162,random,9,7180,1791,1.1466571518641917,0.02,0.5956651718983558,1.0,0.43952802359882004,0.8186119873817035,0.8821256038647343,0.20439189189189189,0.6180836707152496,0.42755344418052255,0.8686131386861314,0.22841225626740946,5744,43,204d01a514928dcbaa13156a62eea1df969190a812d88c7ee1e5fffdf206b14f,5,42,0.20439189189189189
0.7207520891364902,0,0.11641634853123849,0.6939214042960254,0.45377696483043756,199,/mnt/prj01/hgrp-1502-5TB/xuxiaoyu/reliability_medmnistc_ab/formal_runs/cross_path_random_grapha2_sel42_43_train42_43_20260917/runs/pathmnist/random/ratio_0.02/selection_seed_43/train_seed_42/aug_0/final.pt,a78d971d26f4493f4eb671268875ceaee29838316a29e2e562aa90ff63b87240,0.13953723660004813,0.04173220132246258,motion_blur,pathmnist,0.18013690407893784,1195,random,9,7180,1791,1.1338655998911737,0.02,0.9708520179372198,1.0,0.5339233038348082,0.9747634069400631,0.5603864734299517,0.38344594594594594,0.8974358974358975,0.47030878859857483,0.45417680454176806,0.21431058495821728,5744,43,204d01a514928dcbaa13156a62eea1df969190a812d88c7ee1e5fffdf206b14f,1,42,0.38344594594594594
0.7093314763231198,0,0.12823701002701074,0.6861015146865117,0.4753185964932984,199,/mnt/prj01/hgrp-1502-5TB/xuxiaoyu/reliability_medmnistc_ab/formal_runs/cross_path_random_grapha2_sel42_43_train42_43_20260917/runs/pathmnist/random/ratio_0.02/selection_seed_43/train_seed_42/aug_0/final.pt,a78d971d26f4493f4eb671268875ceaee29838316a29e2e562aa90ff63b87240,0.14735712620956187,0.051867336457597724,motion_blur,pathmnist,0.19031979736345395,1270,random,9,7180,1791,1.2034670800158032,0.02,0.9708520179372198,1.0,0.5486725663716814,0.973186119873817,0.5072463768115942,0.3733108108108108,0.8974358974358975,0.47030878859857483,0.43390105433901055,0.22423398328690808,5744,43,204d01a514928dcbaa13156a62eea1df969190a812d88c7ee1e5fffdf206b14f,2,42,0.3733108108108108
0.7103064066852368,0,0.12576065058007113,0.6866403279427226,0.47176694049725815,199,/mnt/prj01/hgrp-1502-5TB/xuxiaoyu/reliability_medmnistc_ab/formal_runs/cross_path_random_grapha2_sel42_43_train42_43_20260917/runs/pathmnist/random/ratio_0.02/selection_seed_43/train_seed_42/aug_0/final.pt,a78d971d26f4493f4eb671268875ceaee29838316a29e2e562aa90ff63b87240,0.14681831295335102,0.051867336457597724,motion_blur,pathmnist,0.18900322861824195,1265,random,9,7180,1791,1.1874956965229768,0.02,0.9671150971599403,1.0,0.5457227138643068,0.973186119873817,0.5207729468599034,0.3733108108108108,0.8866396761133604,0.4750593824228028,0.43795620437956206,0.22510445682451252,5744,43,204d01a514928dcbaa13156a62eea1df969190a812d88c7ee1e5fffdf206b14f,3,42,0.3733108108108108
0.5596100278551532,0,0.26266221478469837,0.5376684522375803,0.7208901766308118,199,/mnt/prj01/hgrp-1502-5TB/xuxiaoyu/reliability_medmnistc_ab/formal_runs/cross_path_random_grapha2_sel42_43_train42_43_20260917/runs/pathmnist/random/ratio_0.02/selection_seed_43/train_seed_42/aug_0/final.pt,a78d971d26f4493f4eb671268875ceaee29838316a29e2e562aa90ff63b87240,0.29579018865849327,0.2174486786693747,motion_blur,pathmnist,0.31462065322859034,1960,random,9,7180,1791,1.9938398096800658,0.02,0.9618834080717489,1.0,0.49852507374631266,0.42586750788643535,0.20772946859903382,0.3158783783783784,0.8461538461538461,0.37292161520190026,0.21005677210056772,0.3786559888579387,5744,43,204d01a514928dcbaa13156a62eea1df969190a812d88c7ee1e5fffdf206b14f,4,42,0.20772946859903382
0.4165738161559889,0,0.41094182827596887,0.38559017950468266,0.9841302139596145,199,/mnt/prj01/hgrp-1502-5TB/xuxiaoyu/reliability_medmnistc_ab/formal_runs/cross_path_random_grapha2_sel42_43_train42_43_20260917/runs/pathmnist/random/ratio_0.02/selection_seed_43/train_seed_42/aug_0/final.pt,a78d971d26f4493f4eb671268875ceaee29838316a29e2e562aa90ff63b87240,0.4478684613913909,0.3999415542084716,motion_blur,pathmnist,0.4492203879323178,2681,random,9,7180,1791,3.1717440147189477,0.02,0.9514200298953662,1.0,0.528023598820059,0.025236593059936908,0.07729468599033816,0.1875,0.44129554655870445,0.1995249406175772,0.06001622060016221,0.5325557103064067,5744,43,204d01a514928dcbaa13156a62eea1df969190a812d88c7ee1e5fffdf206b14f,5,42,0.025236593059936908
0.871866295264624,0,0.031158799620214422,0.8317790531740868,0.20210776296487043,199,/mnt/prj01/hgrp-1502-5TB/xuxiaoyu/reliability_medmnistc_ab/formal_runs/cross_path_random_grapha2_sel42_43_train42_43_20260917/runs/pathmnist/random/ratio_0.02/selection_seed_43/train_seed_42/aug_0/final.pt,a78d971d26f4493f4eb671268875ceaee29838316a29e2e562aa90ff63b87240,0.0016795877219867306,-0.021377672209026144,pixelate,pathmnist,0.06379956742930216,481,random,9,7180,1791,0.4919129902847751,0.02,0.9357249626307922,1.0,0.8141592920353983,0.9952681388012619,0.927536231884058,0.597972972972973,0.8717948717948718,0.44655581947743467,0.8969991889699919,0.05605849582172702,5744,43,204d01a514928dcbaa13156a62eea1df969190a812d88c7ee1e5fffdf206b14f,1,42,0.44655581947743467
0.866016713091922,0,0.034560003187812924,0.8272313032620144,0.21471585592680476,199,/mnt/prj01/hgrp-1502-5TB/xuxiaoyu/reliability_medmnistc_ab/formal_runs/cross_path_random_grapha2_sel42_43_train42_43_20260917/runs/pathmnist/random/ratio_0.02/selection_seed_43/train_seed_42/aug_0/final.pt,a78d971d26f4493f4eb671268875ceaee29838316a29e2e562aa90ff63b87240,0.006227337634059138,-0.04750593824228033,pixelate,pathmnist,0.06787827103333886,522,random,9,7180,1791,0.5233668076308667,0.02,0.9439461883408071,1.0,0.8230088495575221,0.998422712933754,0.9304347826086956,0.5523648648648649,0.8515519568151148,0.47268408551068886,0.8726682887266829,0.06424094707520892,5744,43,204d01a514928dcbaa13156a62eea1df969190a812d88c7ee1e5fffdf206b14f,2,42,0.47268408551068886
0.8426183844011143,0,0.043363288275250295,0.8022288092147769,0.25128153511901635,199,/mnt/prj01/hgrp-1502-5TB/xuxiaoyu/reliability_medmnistc_ab/formal_runs/cross_path_random_grapha2_sel42_43_train42_43_20260917/runs/pathmnist/random/ratio_0.02/selection_seed_43/train_seed_42/aug_0/final.pt,a78d971d26f4493f4eb671268875ceaee29838316a29e2e562aa90ff63b87240,0.03122983168129667,-0.015700231109969875,pixelate,pathmnist,0.08401737183664507,602,random,9,7180,1791,0.6073948225739556,0.02,0.952914798206278,1.0,0.7905604719764012,0.998422712933754,0.9062801932367149,0.4408783783783784,0.8488529014844804,0.47030878859857483,0.8118410381184104,0.08426183844011143,5744,43,204d01a514928dcbaa13156a62eea1df969190a812d88c7ee1e5fffdf206b14f,3,42,0.4408783783783784
0.8285515320334261,0,0.04810602790358633,0.7824700285040372,0.26469054713470086,199,/mnt/prj01/hgrp-1502-5TB/xuxiaoyu/reliability_medmnistc_ab/formal_runs/cross_path_random_grapha2_sel42_43_train42_43_20260917/runs/pathmnist/random/ratio_0.02/selection_seed_43/train_seed_42/aug_0/final.pt,a78d971d26f4493f4eb671268875ceaee29838316a29e2e562aa90ff63b87240,0.05098861239203634,0.04173220132246258,pixelate,pathmnist,0.09405412254102712,616,random,9,7180,1791,0.6310264437618572,0.02,0.9379671150971599,1.0,0.7079646017699115,0.9921135646687698,0.8347826086956521,0.38344594594594594,0.8744939271255061,0.4655581947743468,0.845904298459043,0.08809192200557103,5744,43,204d01a514928dcbaa13156a62eea1df969190a812d88c7ee1e5fffdf206b14f,4,42,0.38344594594594594
0.7809192200557104,0,0.0842255088024958,0.7250302359206583,0.34749525264588066,199,/mnt/prj01/hgrp-1502-5TB/xuxiaoyu/reliability_medmnistc_ab/formal_runs/cross_path_random_grapha2_sel42_43_train42_43_20260917/runs/pathmnist/random/ratio_0.02/selection_seed_43/train_seed_42/aug_0/final.pt,a78d971d26f4493f4eb671268875ceaee29838316a29e2e562aa90ff63b87240,0.10842840497541528,0.04511057970084098,pixelate,pathmnist,0.1292137243081932,904,random,9,7180,1791,0.8429288390035937,0.02,0.9035874439461884,1.0,0.616519174041298,0.7949526813880127,0.702415458937198,0.38006756756756754,0.8286099865047234,0.40617577197149646,0.8929440389294404,0.14623955431754876,5744,43,204d01a514928dcbaa13156a62eea1df969190a812d88c7ee1e5fffdf206b14f,5,42,0.38006756756756754
0.7746518105849582,0,0.07943241973504221,0.7618184216430556,0.35517347217336226,199,/mnt/prj01/hgrp-1502-5TB/xuxiaoyu/reliability_medmnistc_ab/formal_runs/cross_path_random_grapha2_sel42_43_train42_43_20260917/runs/pathmnist/random/ratio_0.02/selection_seed_43/train_seed_42/aug_0/final.pt,a78d971d26f4493f4eb671268875ceaee29838316a29e2e562aa90ff63b87240,0.071640219253018,0.0251781472684085,saturate,pathmnist,0.1265978904757493,828,random,9,7180,1791,0.8519834414111467,0.02,0.9521674140508222,1.0,0.7669616519174042,0.8722397476340694,0.4,0.8344594594594594,0.902834008097166,0.4180522565320665,0.7096512570965126,0.14293175487465182,5744,43,204d01a514928dcbaa13156a62eea1df969190a812d88c7ee1e5fffdf206b14f,1,42,0.4
0.5011142061281337,0,0.38129467185974825,0.5190672213039087,0.8251007387431386,199,/mnt/prj01/hgrp-1502-5TB/xuxiaoyu/reliability_medmnistc_ab/formal_runs/cross_path_random_grapha2_sel42_43_train42_43_20260917/runs/pathmnist/random/ratio_0.02/selection_seed_43/train_seed_42/aug_0/final.pt,a78d971d26f4493f4eb671268875ceaee29838316a29e2e562aa90ff63b87240,0.3143914195921649,0.4116515772200993,saturate,pathmnist,0.3399387323320908,2125,random,9,7180,1791,2.4088721154781245,0.02,0.7683109118086696,1.0,0.6342182890855457,0.4921135646687697,0.01352657004830918,0.8918918918918919,0.5452091767881242,0.1876484560570071,0.1386861313868613,0.45525766016713093,5744,43,204d01a514928dcbaa13156a62eea1df969190a812d88c7ee1e5fffdf206b14f,2,42,0.01352657004830918
0.282033426183844,0,0.5997461890195643,0.33699461034442985,1.2058062562406584,199,/mnt/prj01/hgrp-1502-5TB/xuxiaoyu/reliability_medmnistc_ab/formal_runs/cross_path_random_grapha2_sel42_43_train42_43_20260917/runs/pathmnist/random/ratio_0.02/selection_seed_43/train_seed_42/aug_0/final.pt,a78d971d26f4493f4eb671268875ceaee29838316a29e2e562aa90ff63b87240,0.49646403055164373,0.4251781472684085,saturate,pathmnist,0.5592907038135947,3204,random,9,7180,1791,3.786266325424662,0.02,0.11061285500747384,1.0,0.5427728613569321,0.3659305993690852,0.002898550724637681,0.8952702702702703,0.10121457489878542,0.014251781472684086,0.0,0.6786211699164345,5744,43,204d01a514928dcbaa13156a62eea1df969190a812d88c7ee1e5fffdf206b14f,3,42,0.0
0.1774373259052925,0,0.718844527202236,0.23152484094344686,1.4334660450426284,199,/mnt/prj01/hgrp-1502-5TB/xuxiaoyu/reliability_medmnistc_ab/formal_runs/cross_path_random_grapha2_sel42_43_train42_43_20260917/runs/pathmnist/random/ratio_0.02/selection_seed_43/train_seed_42/aug_0/final.pt,a78d971d26f4493f4eb671268875ceaee29838316a29e2e562aa90ff63b87240,0.6019337999526267,0.4251781472684085,saturate,pathmnist,0.6777478656044079,4099,random,9,7180,1791,4.788910579268209,0.02,0.0014947683109118087,0.6564344746162928,0.5132743362831859,0.012618296529968454,0.001932367149758454,0.8952702702702703,0.002699055330634278,0.0,0.0,0.8025766016713092,5744,43,204d01a514928dcbaa13156a62eea1df969190a812d88c7ee1e5fffdf206b14f,4,42,0.0
0.1075208913649025,0,0.7841888129864182,0.16601506716148715,1.6431478862445126,199,/mnt/prj01/hgrp-1502-5TB/xuxiaoyu/reliability_medmnistc_ab/formal_runs/cross_path_random_grapha2_sel42_43_train42_43_20260917/runs/pathmnist/random/ratio_0.02/selection_seed_43/train_seed_42/aug_0/final.pt,a78d971d26f4493f4eb671268875ceaee29838316a29e2e562aa90ff63b87240,0.6674435737345864,0.4251781472684085,saturate,pathmnist,0.8128185252064948,5323,random,9,7180,1791,6.044490167003122,0.02,0.0,0.07674144037780402,0.5221238938053098,0.0,0.0,0.8952702702702703,0.0,0.0,0.0,0.8793523676880223,5744,43,204d01a514928dcbaa13156a62eea1df969190a812d88c7ee1e5fffdf206b14f,5,42,0.0
0.8721448467966574,0,0.02981110227568668,0.8313001437388637,0.20011286810957665,199,/mnt/prj01/hgrp-1502-5TB/xuxiaoyu/reliability_medmnistc_ab/formal_runs/cross_path_random_grapha2_sel42_43_train42_43_20260917/runs/pathmnist/random/ratio_0.02/selection_seed_43/train_seed_42/aug_0/final.pt,a78d971d26f4493f4eb671268875ceaee29838316a29e2e562aa90ff63b87240,0.0021584971572098377,-0.004750593824228044,stain_deposit,pathmnist,0.0580270459496709,441,random,9,7180,1791,0.47481798392401275,0.02,0.9103139013452914,1.0,0.7817109144542773,0.9826498422712934,0.9265700483091788,0.6452702702702703,0.8920377867746289,0.42992874109263657,0.9132197891321979,0.05362116991643454,5744,43,204d01a514928dcbaa13156a62eea1df969190a812d88c7ee1e5fffdf206b14f,1,42,0.42992874109263657
0.8675487465181059,0,0.030399470742386813,0.8268385568464107,0.20382641211099342,199,/mnt/prj01/hgrp-1502-5TB/xuxiaoyu/reliability_medmnistc_ab/formal_runs/cross_path_random_grapha2_sel42_43_train42_43_20260917/runs/pathmnist/random/ratio_0.02/selection_seed_43/train_seed_42/aug_0/final.pt,a78d971d26f4493f4eb671268875ceaee29838316a29e2e562aa90ff63b87240,0.0066200840496628555,0.011876484560570055,stain_deposit,pathmnist,0.05803166648430082,435,random,9,7180,1791,0.472867749154967,0.02,0.9005979073243647,1.0,0.7817109144542773,0.9716088328075709,0.9265700483091788,0.6503378378378378,0.8906882591093117,0.41330166270783847,0.9067315490673155,0.05588440111420613,5744,43,204d01a514928dcbaa13156a62eea1df969190a812d88c7ee1e5fffdf206b14f,2,42,0.41330166270783847
0.864066852367688,0,0.031880609530677305,0.8237123496042615,0.2094776715273452,199,/mnt/prj01/hgrp-1502-5TB/xuxiaoyu/reliability_medmnistc_ab/formal_runs/cross_path_random_grapha2_sel42_43_train42_43_20260917/runs/pathmnist/random/ratio_0.02/selection_seed_43/train_seed_42/aug_0/final.pt,a78d971d26f4493f4eb671268875ceaee29838316a29e2e562aa90ff63b87240,0.009746291291812037,-0.014251781472684133,stain_deposit,pathmnist,0.05657523688250597,436,random,9,7180,1791,0.4805996594845557,0.02,0.8901345291479821,1.0,0.7581120943952803,0.9621451104100947,0.9265700483091788,0.6452702702702703,0.8866396761133604,0.43942992874109266,0.9051094890510949,0.059192200557103065,5744,43,204d01a514928dcbaa13156a62eea1df969190a812d88c7ee1e5fffdf206b14f,3,42,0.43942992874109266
0.8618384401114206,0,0.0342518227376785,0.8207057538575757,0.21349806205584004,199,/mnt/prj01/hgrp-1502-5TB/xuxiaoyu/reliability_medmnistc_ab/formal_runs/cross_path_random_grapha2_sel42_43_train42_43_20260917/runs/pathmnist/random/ratio_0.02/selection_seed_43/train_seed_42/aug_0/final.pt,a78d971d26f4493f4eb671268875ceaee29838316a29e2e562aa90ff63b87240,0.012752887038497862,-0.002375296912114022,stain_deposit,pathmnist,0.05117594476446799,439,random,9,7180,1791,0.4878271023814401,0.02,0.8931240657698056,1.0,0.7522123893805309,0.9463722397476341,0.9294685990338164,0.6537162162162162,0.8893387314439946,0.42755344418052255,0.894566098945661,0.06354456824512535,5744,43,204d01a514928dcbaa13156a62eea1df969190a812d88c7ee1e5fffdf206b14f,4,42,0.42755344418052255
0.8403899721448468,0,0.04330994353117872,0.7997530336296106,0.2444104579185577,199,/mnt/prj01/hgrp-1502-5TB/xuxiaoyu/reliability_medmnistc_ab/formal_runs/cross_path_random_grapha2_sel42_43_train42_43_20260917/runs/pathmnist/random/ratio_0.02/selection_seed_43/train_seed_42/aug_0/final.pt,a78d971d26f4493f4eb671268875ceaee29838316a29e2e562aa90ff63b87240,0.03370560726646299,0.02137767220902609,stain_deposit,pathmnist,0.05762571475798038,473,random,9,7180,1791,0.5446911120352266,0.02,0.8363228699551569,1.0,0.7551622418879056,0.9022082018927445,0.9478260869565217,0.643581081081081,0.8110661268556005,0.40380047505938244,0.8978102189781022,0.08217270194986072,5744,43,204d01a514928dcbaa13156a62eea1df969190a812d88c7ee1e5fffdf206b14f,5,42,0.40380047505938244
0.8795264623955432,0,0.03196479153445018,0.8412355197340906,0.19489764555110692,199,/mnt/prj01/hgrp-1502-5TB/xuxiaoyu/reliability_medmnistc_ab/formal_runs/cross_path_random_grapha2_sel42_43_train42_43_20260917/runs/pathmnist/random/ratio_0.02/selection_seed_43/train_seed_43/aug_0/final.pt,51c47decea83711bc6da0aea875201b7fd07aecd6c7f3f1e65cc88e642a97f1e,,,clean,pathmnist,0.05951481378095064,472,random,9,7180,1791,0.5095046543786989,0.02,0.9573991031390134,1.0,0.9026548672566371,0.9826498422712934,0.8801932367149758,0.6790540540540541,0.8987854251012146,0.35391923990498814,0.916463909164639,0.05692896935933148,5744,43,204d01a514928dcbaa13156a62eea1df969190a812d88c7ee1e5fffdf206b14f,0,43,0.35391923990498814
0.4193593314763231,0,0.33471345625114757,0.37698874743094285,0.9954105061882419,199,/mnt/prj01/hgrp-1502-5TB/xuxiaoyu/reliability_medmnistc_ab/formal_runs/cross_path_random_grapha2_sel42_43_train42_43_20260917/runs/pathmnist/random/ratio_0.02/selection_seed_43/train_seed_43/aug_0/final.pt,51c47decea83711bc6da0aea875201b7fd07aecd6c7f3f1e65cc88e642a97f1e,0.46424677230314776,0.33729216152019004,brightness_down,pathmnist,0.46827409668387143,2814,random,9,7180,1791,3.496886355042809,0.02,0.9970104633781763,1.0,0.49852507374631266,0.6356466876971609,0.028985507246376812,0.02533783783783784,0.059379217273954114,0.0166270783847981,0.13138686131386862,0.5201949860724234,5744,43,204d01a514928dcbaa13156a62eea1df969190a812d88c7ee1e5fffdf206b14f,1,43,0.0166270783847981
0.32367688022284125,0,0.4866527960098961,0.2775482155319484,1.2496980583839894,199,/mnt/prj01/hgrp-1502-5TB/xuxiaoyu/reliability_medmnistc_ab/formal_runs/cross_path_random_grapha2_sel42_43_train42_43_20260917/runs/pathmnist/random/ratio_0.02/selection_seed_43/train_seed_43/aug_0/final.pt,51c47decea83711bc6da0aea875201b7fd07aecd6c7f3f1e65cc88e642a97f1e,0.5636873042021422,0.35391923990498814,brightness_down,pathmnist,0.6113103157215465,4018,random,9,7180,1791,5.001026343647942,0.02,0.9573991031390134,1.0,0.49852507374631266,0.015772870662460567,0.000966183574879227,0.02364864864864865,0.0,0.0,0.0016220600162206002,0.6136838440111421,5744,43,204d01a514928dcbaa13156a62eea1df969190a812d88c7ee1e5fffdf206b14f,2,43,0.0
0.3032033426183844,0,0.6731107804051372,0.26291534202562417,1.3516604316977798,199,/mnt/prj01/hgrp-1502-5TB/xuxiaoyu/reliability_medmnistc_ab/formal_runs/cross_path_random_grapha2_sel42_43_train42_43_20260917/runs/pathmnist/random/ratio_0.02/selection_seed_43/train_seed_43/aug_0/final.pt,51c47decea83711bc6da0aea875201b7fd07aecd6c7f3f1e65cc88e642a97f1e,0.5783201777084664,0.35391923990498814,brightness_down,pathmnist,0.6640908886919777,4671,random,9,7180,1791,6.410062508437587,0.02,0.8677130044843049,1.0,0.49852507374631266,0.0,0.0,0.0,0.0,0.0,0.0,0.6894150417827298,5744,43,204d01a514928dcbaa13156a62eea1df969190a812d88c7ee1e5fffdf206b14f,3,43,0.0
0.28607242339832867,0,0.7445569973908487,0.25270109190106016,1.400411456482752,199,/mnt/prj01/hgrp-1502-5TB/xuxiaoyu/reliability_medmnistc_ab/formal_runs/cross_path_random_grapha2_sel42_43_train42_43_20260917/runs/pathmnist/random/ratio_0.02/selection_seed_43/train_seed_43/aug_0/final.pt,51c47decea83711bc6da0aea875201b7fd07aecd6c7f3f1e65cc88e642a97f1e,0.5885344278330304,0.35391923990498814,brightness_down,pathmnist,0.6813639970044904,4895,random,9,7180,1791,7.139568547339736,0.02,0.7757847533632287,1.0,0.49852507374631266,0.0,0.0,0.0,0.0,0.0,0.0,0.7759401114206128,5744,43,204d01a514928dcbaa13156a62eea1df969190a812d88c7ee1e5fffdf206b14f,4,43,0.0
0.2488857938718663,0,0.7793293184705593,0.23052869528920164,1.4568985957055143,199,/mnt/prj01/hgrp-1502-5TB/xuxiaoyu/reliability_medmnistc_ab/formal_runs/cross_path_random_grapha2_sel42_43_train42_43_20260917/runs/pathmnist/random/ratio_0.02/selection_seed_43/train_seed_43/aug_0/final.pt,51c47decea83711bc6da0aea875201b7fd07aecd6c7f3f1e65cc88e642a97f1e,0.610706824444889,0.35391923990498814,brightness_down,pathmnist,0.7124290461493734,5088,random,9,7180,1791,7.596447299534493,0.02,0.5762331838565022,1.0,0.49852507374631266,0.0,0.0,0.0,0.0,0.0,0.0,0.8119777158774373,5744,43,204d01a514928dcbaa13156a62eea1df969190a812d88c7ee1e5fffdf206b14f,5,43,0.0
0.4051532033426184,0,0.3984156382375048,0.43356048681789705,1.0046853669806763,199,/mnt/prj01/hgrp-1502-5TB/xuxiaoyu/reliability_medmnistc_ab/formal_runs/cross_path_random_grapha2_sel42_43_train42_43_20260917/runs/pathmnist/random/ratio_0.02/selection_seed_43/train_seed_43/aug_0/final.pt,51c47decea83711bc6da0aea875201b7fd07aecd6c7f3f1e65cc88e642a97f1e,0.40767503291619356,0.28889681838032444,brightness_up,pathmnist,0.4593786326582053,2950,random,9,7180,1791,2.761097541629444,0.02,0.06502242152466367,1.0,0.5811209439528023,0.42586750788643535,0.2792270531400966,0.7601351351351351,0.17543859649122806,0.14726840855106887,0.46796431467964317,0.5699860724233984,5744,43,204d01a514928dcbaa13156a62eea1df969190a812d88c7ee1e5fffdf206b14f,1,43,0.06502242152466367
0.2572423398328691,0,0.5590064211352618,0.3095747121466301,1.2992486606069376,199,/mnt/prj01/hgrp-1502-5TB/xuxiaoyu/reliability_medmnistc_ab/formal_runs/cross_path_random_grapha2_sel42_43_train42_43_20260917/runs/pathmnist/random/ratio_0.02/selection_seed_43/train_seed_43/aug_0/final.pt,51c47decea83711bc6da0aea875201b7fd07aecd6c7f3f1e65cc88e642a97f1e,0.5316608075874605,0.35317185574953225,brightness_up,pathmnist,0.620954606758851,3827,random,9,7180,1791,4.1811812109086866,0.02,0.0007473841554559044,1.0,0.5162241887905604,0.22397476340694006,0.00966183574879227,0.8530405405405406,0.012145748987854251,0.06413301662707839,0.10624493106244931,0.713266016713092,5744,43,204d01a514928dcbaa13156a62eea1df969190a812d88c7ee1e5fffdf206b14f,2,43,0.0007473841554559044
0.21866295264623956,0,0.5982950814882685,0.27165884359526277,1.412022590890945,199,/mnt/prj01/hgrp-1502-5TB/xuxiaoyu/reliability_medmnistc_ab/formal_runs/cross_path_random_grapha2_sel42_43_train42_43_20260917/runs/pathmnist/random/ratio_0.02/selection_seed_43/train_seed_43/aug_0/final.pt,51c47decea83711bc6da0aea875201b7fd07aecd6c7f3f1e65cc88e642a97f1e,0.5695766761388279,0.35391923990498814,brightness_up,pathmnist,0.687131357068471,4310,random,9,7180,1791,5.130464557507292,0.02,0.0,1.0,0.5191740412979351,0.011041009463722398,0.0,0.902027027027027,0.0,0.011876484560570071,0.0008110300081103001,0.7325905292479109,5744,43,204d01a514928dcbaa13156a62eea1df969190a812d88c7ee1e5fffdf206b14f,3,43,0.0
0.21768802228412257,0,0.6112765446169987,0.2705172433274508,1.433160145590565,199,/mnt/prj01/hgrp-1502-5TB/xuxiaoyu/reliability_medmnistc_ab/formal_runs/cross_path_random_grapha2_sel42_43_train42_43_20260917/runs/pathmnist/random/ratio_0.02/selection_seed_43/train_seed_43/aug_0/final.pt,51c47decea83711bc6da0aea875201b7fd07aecd6c7f3f1e65cc88e642a97f1e,0.5707182764066399,0.35391923990498814,brightness_up,pathmnist,0.6987295419226782,4469,random,9,7180,1791,5.416874346521842,0.02,0.0,1.0,0.5221238938053098,0.0,0.0,0.9054054054054054,0.0,0.007125890736342043,0.0,0.7310236768802229,5744,43,204d01a514928dcbaa13156a62eea1df969190a812d88c7ee1e5fffdf206b14f,4,43,0.0
0.2182451253481894,0,0.6455454692104315,0.2721598811200581,1.4480381245388587,199,/mnt/prj01/hgrp-1502-5TB/xuxiaoyu/reliability_medmnistc_ab/formal_runs/cross_path_random_grapha2_sel42_43_train42_43_20260917/runs/pathmnist/random/ratio_0.02/selection_seed_43/train_seed_43/aug_0/final.pt,51c47decea83711bc6da0aea875201b7fd07aecd6c7f3f1e65cc88e642a97f1e,0.5690756386140325,0.35391923990498814,brightness_up,pathmnist,0.7074552343167303,4589,random,9,7180,1791,5.764709530687312,0.02,0.0,1.0,0.5457227138643068,0.0,0.0,0.9037162162162162,0.0,0.0,0.0,0.7301532033426184,5744,43,204d01a514928dcbaa13156a62eea1df969190a812d88c7ee1e5fffdf206b14f,5,43,0.0
0.8767409470752089,0,0.03362535182492207,0.8387552925035008,0.20175948318160433,199,/mnt/prj01/hgrp-1502-5TB/xuxiaoyu/reliability_medmnistc_ab/formal_runs/cross_path_random_grapha2_sel42_43_train42_43_20260917/runs/pathmnist/random/ratio_0.02/selection_seed_43/train_seed_43/aug_0/final.pt,51c47decea83711bc6da0aea875201b7fd07aecd6c7f3f1e65cc88e642a97f1e,0.0024802272305898265,-0.02137767220902609,bubble,pathmnist,0.059306422735157086,495,random,9,7180,1791,0.5144129694799521,0.02,0.952914798206278,1.0,0.8938053097345132,0.9826498422712934,0.8995169082125604,0.6334459459459459,0.9149797570850202,0.3752969121140142,0.8961881589618816,0.06371866295264624,5744,43,204d01a514928dcbaa13156a62eea1df969190a812d88c7ee1e5fffdf206b14f,1,43,0.3752969121140142
0.86991643454039,0,0.03400833074219824,0.8334957403814629,0.20916887780844506,199,/mnt/prj01/hgrp-1502-5TB/xuxiaoyu/reliability_medmnistc_ab/formal_runs/cross_path_random_grapha2_sel42_43_train42_43_20260917/runs/pathmnist/random/ratio_0.02/selection_seed_43/train_seed_43/aug_0/final.pt,51c47decea83711bc6da0aea875201b7fd07aecd6c7f3f1e65cc88e642a97f1e,0.007739779352627707,-0.02375296912114011,bubble,pathmnist,0.06284728099210676,508,random,9,7180,1791,0.5199738521769198,0.02,0.9476831091180867,1.0,0.8908554572271387,0.9794952681388013,0.9004830917874396,0.6165540540540541,0.921727395411606,0.37767220902612825,0.8669910786699108,0.06511142061281337,5744,43,204d01a514928dcbaa13156a62eea1df969190a812d88c7ee1e5fffdf206b14f,2,43,0.37767220902612825
0.8683844011142061,0,0.03418027501741866,0.8323908845912839,0.2083077935680941,199,/mnt/prj01/hgrp-1502-5TB/xuxiaoyu/reliability_medmnistc_ab/formal_runs/cross_path_random_grapha2_sel42_43_train42_43_20260917/runs/pathmnist/random/ratio_0.02/selection_seed_43/train_seed_43/aug_0/final.pt,51c47decea83711bc6da0aea875201b7fd07aecd6c7f3f1e65cc88e642a97f1e,0.008844635142806756,-0.030878859857482177,bubble,pathmnist,0.062288087913584894,504,random,9,7180,1791,0.515133131046,0.02,0.945440956651719,1.0,0.8997050147492626,0.973186119873817,0.9091787439613527,0.606418918918919,0.9082321187584346,0.3847980997624703,0.8645579886455799,0.06528551532033426,5744,43,204d01a514928dcbaa13156a62eea1df969190a812d88c7ee1e5fffdf206b14f,3,43,0.3847980997624703
0.8540389972144847,0,0.04046957967745415,0.8177505417660864,0.2290610461762223,199,/mnt/prj01/hgrp-1502-5TB/xuxiaoyu/reliability_medmnistc_ab/formal_runs/cross_path_random_grapha2_sel42_43_train42_43_20260917/runs/pathmnist/random/ratio_0.02/selection_seed_43/train_seed_43/aug_0/final.pt,51c47decea83711bc6da0aea875201b7fd07aecd6c7f3f1e65cc88e642a97f1e,0.023484977968004195,-0.02137767220902609,bubble,pathmnist,0.07098151873745293,545,random,9,7180,1791,0.5539691073358173,0.02,0.9387144992526159,1.0,0.8731563421828908,0.9716088328075709,0.9169082125603865,0.5658783783783784,0.9014844804318488,0.3752969121140142,0.8167072181670721,0.07555710306406685,5744,43,204d01a514928dcbaa13156a62eea1df969190a812d88c7ee1e5fffdf206b14f,4,43,0.3752969121140142
0.8383008356545961,0,0.04773165672980413,0.8057466838124225,0.25217422062042494,199,/mnt/prj01/hgrp-1502-5TB/xuxiaoyu/reliability_medmnistc_ab/formal_runs/cross_path_random_grapha2_sel42_43_train42_43_20260917/runs/pathmnist/random/ratio_0.02/selection_seed_43/train_seed_43/aug_0/final.pt,51c47decea83711bc6da0aea875201b7fd07aecd6c7f3f1e65cc88e642a97f1e,0.03548883592166807,-0.0498812351543943,bubble,pathmnist,0.07725733854395436,581,random,9,7180,1791,0.5972176474765968,0.02,0.9312406576980568,1.0,0.8790560471976401,0.9605678233438486,0.9265700483091788,0.5033783783783784,0.8920377867746289,0.40380047505938244,0.7550689375506894,0.09035515320334261,5744,43,204d01a514928dcbaa13156a62eea1df969190a812d88c7ee1e5fffdf206b14f,5,43,0.40380047505938244
0.6337047353760445,0,0.18124600085459905,0.5771729754357627,0.5942771690901859,199,/mnt/prj01/hgrp-1502-5TB/xuxiaoyu/reliability_medmnistc_ab/formal_runs/cross_path_random_grapha2_sel42_43_train42_43_20260917/runs/pathmnist/random/ratio_0.02/selection_seed_43/train_seed_43/aug_0/final.pt,51c47decea83711bc6da0aea875201b7fd07aecd6c7f3f1e65cc88e642a97f1e,0.2640625442983279,0.19851383449958274,contrast_down,pathmnist,0.24936135153501482,1552,random,9,7180,1791,1.6999241521344333,0.02,0.9992526158445441,1.0,0.5191740412979351,0.9558359621451105,0.5797101449275363,0.1554054054054054,0.3697705802968961,0.17339667458432304,0.4420113544201135,0.30118384401114207,5744,43,204d01a514928dcbaa13156a62eea1df969190a812d88c7ee1e5fffdf206b14f,1,43,0.1554054054054054
0.4373259052924791,0,0.35885255772948027,0.39925261974907333,0.9990435665016505,199,/mnt/prj01/hgrp-1502-5TB/xuxiaoyu/reliability_medmnistc_ab/formal_runs/cross_path_random_grapha2_sel42_43_train42_43_20260917/runs/pathmnist/random/ratio_0.02/selection_seed_43/train_seed_43/aug_0/final.pt,51c47decea83711bc6da0aea875201b7fd07aecd6c7f3f1e65cc88e642a97f1e,0.4419828999850173,0.35391923990498814,contrast_down,pathmnist,0.4735703637548476,3004,random,9,7180,1791,3.671382900129904,0.02,0.9992526158445441,1.0,0.49852507374631266,0.7113564668769716,0.22415458937198068,0.13513513513513514,0.01349527665317139,0.0,0.0113544201135442,0.49930362116991645,5744,43,204d01a514928dcbaa13156a62eea1df969190a812d88c7ee1e5fffdf206b14f,2,43,0.0
0.3434540389972145,0,0.4933092118742322,0.29477213594676704,1.250557597604051,199,/mnt/prj01/hgrp-1502-5TB/xuxiaoyu/reliability_medmnistc_ab/formal_runs/cross_path_random_grapha2_sel42_43_train42_43_20260917/runs/pathmnist/random/ratio_0.02/selection_seed_43/train_seed_43/aug_0/final.pt,51c47decea83711bc6da0aea875201b7fd07aecd6c7f3f1e65cc88e642a97f1e,0.5464633837873236,0.35391923990498814,contrast_down,pathmnist,0.6148305730940904,4198,random,9,7180,1791,5.642727525947652,0.02,0.9992526158445441,1.0,0.4896755162241888,0.13406940063091483,0.02995169082125604,0.0,0.0,0.0,0.0,0.5999303621169917,5744,43,204d01a514928dcbaa13156a62eea1df969190a812d88c7ee1e5fffdf206b14f,3,43,0.0
0.3284122562674095,0,0.5396719043396729,0.27547392503425333,1.3040450112656636,199,/mnt/prj01/hgrp-1502-5TB/xuxiaoyu/reliability_medmnistc_ab/formal_runs/cross_path_random_grapha2_sel42_43_train42_43_20260917/runs/pathmnist/random/ratio_0.02/selection_seed_43/train_seed_43/aug_0/final.pt,51c47decea83711bc6da0aea875201b7fd07aecd6c7f3f1e65cc88e642a97f1e,0.5657615946998373,0.35391923990498814,contrast_down,pathmnist,0.6421733106369759,4494,random,9,7180,1791,6.490181066729508,0.02,0.9992526158445441,1.0,0.46017699115044247,0.006309148264984227,0.01352657004830918,0.0,0.0,0.0,0.0,0.6173398328690808,5744,43,204d01a514928dcbaa13156a62eea1df969190a812d88c7ee1e5fffdf206b14f,4,43,0.0
0.3084958217270195,0,0.5822379527814598,0.23185896730090746,1.3527194126605144,199,/mnt/prj01/hgrp-1502-5TB/xuxiaoyu/reliability_medmnistc_ab/formal_runs/cross_path_random_grapha2_sel42_43_train42_43_20260917/runs/pathmnist/random/ratio_0.02/selection_seed_43/train_seed_43/aug_0/final.pt,51c47decea83711bc6da0aea875201b7fd07aecd6c7f3f1e65cc88e642a97f1e,0.6093765524331831,0.35391923990498814,contrast_down,pathmnist,0.67207948727362,4714,random,9,7180,1791,7.192989263837296,0.02,0.9992526158445441,1.0,0.0855457227138643,0.0,0.001932367149758454,0.0,0.0,0.0,0.0,0.6253481894150418,5744,43,204d01a514928dcbaa13156a62eea1df969190a812d88c7ee1e5fffdf206b14f,5,43,0.0
0.7630919220055711,0,0.0887095896742259,0.7305552811896787,0.36903752797688094,199,/mnt/prj01/hgrp-1502-5TB/xuxiaoyu/reliability_medmnistc_ab/formal_runs/cross_path_random_grapha2_sel42_43_train42_43_20260917/runs/pathmnist/random/ratio_0.02/selection_seed_43/train_seed_43/aug_0/final.pt,51c47decea83711bc6da0aea875201b7fd07aecd6c7f3f1e65cc88e642a97f1e,0.11068023854441189,0.014251781472684077,contrast_up,pathmnist,0.12943166104199827,872,random,9,7180,1791,0.8850470520326598,0.02,0.890881913303438,1.0,0.7227138643067846,0.6813880126182965,0.6502415458937199,0.8125,0.7233468286099866,0.33966745843230406,0.754257907542579,0.1633008356545961,5744,43,204d01a514928dcbaa13156a62eea1df969190a812d88c7ee1e5fffdf206b14f,1,43,0.33966745843230406
0.5518105849582172,0,0.2786663968600403,0.5319669678231105,0.7410568222882007,199,/mnt/prj01/hgrp-1502-5TB/xuxiaoyu/reliability_medmnistc_ab/formal_runs/cross_path_random_grapha2_sel42_43_train42_43_20260917/runs/pathmnist/random/ratio_0.02/selection_seed_43/train_seed_43/aug_0/final.pt,51c47decea83711bc6da0aea875201b7fd07aecd6c7f3f1e65cc88e642a97f1e,0.3092685519109801,0.21615201900237532,contrast_up,pathmnist,0.31974668413981755,2040,random,9,7180,1791,2.020779189422382,0.02,0.7922272047832586,1.0,0.5457227138643068,0.39589905362776023,0.3314009661835749,0.8766891891891891,0.3535762483130904,0.1377672209026128,0.3544201135442011,0.3991991643454039,5744,43,204d01a514928dcbaa13156a62eea1df969190a812d88c7ee1e5fffdf206b14f,2,43,0.1377672209026128
0.41323119777158773,0,0.45629743724571414,0.41267568462200344,0.9845948240844942,199,/mnt/prj01/hgrp-1502-5TB/xuxiaoyu/reliability_medmnistc_ab/formal_runs/cross_path_random_grapha2_sel42_43_train42_43_20260917/runs/pathmnist/random/ratio_0.02/selection_seed_43/train_seed_43/aug_0/final.pt,51c47decea83711bc6da0aea875201b7fd07aecd6c7f3f1e65cc88e642a97f1e,0.4285598351120872,0.31353919239904987,contrast_up,pathmnist,0.45252666261285796,2740,random,9,7180,1791,2.957138320145641,0.02,0.6778774289985052,1.0,0.5221238938053098,0.2082018927444795,0.1855072463768116,0.902027027027027,0.11875843454790823,0.040380047505938245,0.059205190592051905,0.5477019498607242,5744,43,204d01a514928dcbaa13156a62eea1df969190a812d88c7ee1e5fffdf206b14f,3,43,0.040380047505938245
0.3479108635097493,0,0.5803667432388533,0.35439813255581704,1.1199076489081348,199,/mnt/prj01/hgrp-1502-5TB/xuxiaoyu/reliability_medmnistc_ab/formal_runs/cross_path_random_grapha2_sel42_43_train42_43_20260917/runs/pathmnist/random/ratio_0.02/selection_seed_43/train_seed_43/aug_0/final.pt,51c47decea83711bc6da0aea875201b7fd07aecd6c7f3f1e65cc88e642a97f1e,0.4868373871782736,0.3515439429928741,contrast_up,pathmnist,0.5262332255669291,3175,random,9,7180,1791,3.5560235331196575,0.02,0.5852017937219731,1.0,0.5191740412979351,0.055205047318611984,0.09468599033816426,0.9054054054054054,0.024291497975708502,0.0023752969121140144,0.0032441200324412004,0.6093314763231198,5744,43,204d01a514928dcbaa13156a62eea1df969190a812d88c7ee1e5fffdf206b14f,4,43,0.0023752969121140144
0.21323119777158775,0,0.7578677415721673,0.23749702422398,1.3410315829851442,199,/mnt/prj01/hgrp-1502-5TB/xuxiaoyu/reliability_medmnistc_ab/formal_runs/cross_path_random_grapha2_sel42_43_train42_43_20260917/runs/pathmnist/random/ratio_0.02/selection_seed_43/train_seed_43/aug_0/final.pt,51c47decea83711bc6da0aea875201b7fd07aecd6c7f3f1e65cc88e642a97f1e,0.6037384955101106,0.35391923990498814,contrast_up,pathmnist,0.6300134984397623,3807,random,9,7180,1791,4.189805034124455,0.02,0.4155455904334828,0.36481700118063753,0.5634218289085545,0.0,0.011594202898550725,0.7820945945945946,0.0,0.0,0.0,0.7790738161559888,5744,43,204d01a514928dcbaa13156a62eea1df969190a812d88c7ee1e5fffdf206b14f,5,43,0.0
0.6682451253481894,0,0.15773788134216776,0.6604703579292313,0.576538150910795,199,/mnt/prj01/hgrp-1502-5TB/xuxiaoyu/reliability_medmnistc_ab/formal_runs/cross_path_random_grapha2_sel42_43_train42_43_20260917/runs/pathmnist/random/ratio_0.02/selection_seed_43/train_seed_43/aug_0/final.pt,51c47decea83711bc6da0aea875201b7fd07aecd6c7f3f1e65cc88e642a97f1e,0.18076516180485935,0.21202734801309625,defocus_blur,pathmnist,0.2626922384485561,1781,random,9,7180,1791,1.6823493446215465,0.02,0.9955156950672646,1.0,0.7610619469026548,0.9085173501577287,0.6164251207729469,0.14189189189189189,0.9176788124156545,0.44418052256532065,0.15896188158961883,0.2642757660167131,5744,43,204d01a514928dcbaa13156a62eea1df969190a812d88c7ee1e5fffdf206b14f,1,43,0.14189189189189189
0.5838440111420613,0,0.2340024916078574,0.5915240090108358,0.7375381089027022,199,/mnt/prj01/hgrp-1502-5TB/xuxiaoyu/reliability_medmnistc_ab/formal_runs/cross_path_random_grapha2_sel42_43_train42_43_20260917/runs/pathmnist/random/ratio_0.02/selection_seed_43/train_seed_43/aug_0/final.pt,51c47decea83711bc6da0aea875201b7fd07aecd6c7f3f1e65cc88e642a97f1e,0.24971151072325481,0.2687610890534066,defocus_blur,pathmnist,0.34530663190611893,2332,random,9,7180,1791,2.3139372955550095,0.02,0.9970104633781763,1.0,0.7787610619469026,0.7381703470031545,0.19130434782608696,0.19763513513513514,0.9271255060728745,0.4085510688836104,0.0851581508515815,0.3553272980501393,5744,43,204d01a514928dcbaa13156a62eea1df969190a812d88c7ee1e5fffdf206b14f,2,43,0.0851581508515815
0.48746518105849584,0,0.33557651831368757,0.4870197833974916,0.9098958951120669,199,/mnt/prj01/hgrp-1502-5TB/xuxiaoyu/reliability_medmnistc_ab/formal_runs/cross_path_random_grapha2_sel42_43_train42_43_20260917/runs/pathmnist/random/ratio_0.02/selection_seed_43/train_seed_43/aug_0/final.pt,51c47decea83711bc6da0aea875201b7fd07aecd6c7f3f1e65cc88e642a97f1e,0.35421573633659903,0.3374941191320413,defocus_blur,pathmnist,0.43102402409388163,2827,random,9,7180,1791,3.145296823810167,0.02,0.9985052316890882,1.0,0.8200589970501475,0.06624605678233439,0.01642512077294686,0.2685810810810811,0.8663967611336032,0.30641330166270786,0.040551500405515,0.45125348189415043,5744,43,204d01a514928dcbaa13156a62eea1df969190a812d88c7ee1e5fffdf206b14f,3,43,0.01642512077294686
0.45933147632311977,0,0.37333319408332055,0.457761729664995,0.9466901193821858,199,/mnt/prj01/hgrp-1502-5TB/xuxiaoyu/reliability_medmnistc_ab/formal_runs/cross_path_random_grapha2_sel42_43_train42_43_20260917/runs/pathmnist/random/ratio_0.02/selection_seed_43/train_seed_43/aug_0/final.pt,51c47decea83711bc6da0aea875201b7fd07aecd6c7f3f1e65cc88e642a97f1e,0.3834737900690956,0.35391923990498814,defocus_blur,pathmnist,0.44022945538993336,2730,random,9,7180,1791,3.621352130463277,0.02,0.9992526158445441,1.0,0.8849557522123894,0.0,0.0,0.28547297297297297,0.7017543859649122,0.22327790973871733,0.025141930251419302,0.477541782729805,5744,43,204d01a514928dcbaa13156a62eea1df969190a812d88c7ee1e5fffdf206b14f,4,43,0.0
0.41754874651810586,0,0.3659581459249787,0.4111580221296441,0.9946277563994729,199,/mnt/prj01/hgrp-1502-5TB/xuxiaoyu/reliability_medmnistc_ab/formal_runs/cross_path_random_grapha2_sel42_43_train42_43_20260917/runs/pathmnist/random/ratio_0.02/selection_seed_43/train_seed_43/aug_0/final.pt,51c47decea83711bc6da0aea875201b7fd07aecd6c7f3f1e65cc88e642a97f1e,0.4300774976044465,0.35391923990498814,defocus_blur,pathmnist,0.46018509259213974,2652,random,9,7180,1791,3.7376433696498284,0.02,0.9992526158445441,1.0,0.9292035398230089,0.0,0.0,0.25506756756756754,0.3724696356275304,0.13064133016627077,0.013787510137875101,0.5154944289693594,5744,43,204d01a514928dcbaa13156a62eea1df969190a812d88c7ee1e5fffdf206b14f,5,43,0.0
0.8653203342618384,0,0.03817931201597317,0.8199708489021182,0.218123208235877,199,/mnt/prj01/hgrp-1502-5TB/xuxiaoyu/reliability_medmnistc_ab/formal_runs/cross_path_random_grapha2_sel42_43_train42_43_20260917/runs/pathmnist/random/ratio_0.02/selection_seed_43/train_seed_43/aug_0/final.pt,51c47decea83711bc6da0aea875201b7fd07aecd6c7f3f1e65cc88e642a97f1e,0.021264670831972365,-0.002375296912114022,jpeg_compression,pathmnist,0.06749360046263858,543,random,9,7180,1791,0.5575060147453292,0.02,0.9626307922272048,1.0,0.8761061946902655,0.9842271293375394,0.8753623188405797,0.5422297297297297,0.8502024291497976,0.35629453681710216,0.9326845093268451,0.06894150417827298,5744,43,204d01a514928dcbaa13156a62eea1df969190a812d88c7ee1e5fffdf206b14f,1,43,0.35629453681710216
0.8577994428969359,0,0.03900091833829042,0.812198781897775,0.22677956305445354,199,/mnt/prj01/hgrp-1502-5TB/xuxiaoyu/reliability_medmnistc_ab/formal_runs/cross_path_random_grapha2_sel42_43_train42_43_20260917/runs/pathmnist/random/ratio_0.02/selection_seed_43/train_seed_43/aug_0/final.pt,51c47decea83711bc6da0aea875201b7fd07aecd6c7f3f1e65cc88e642a97f1e,0.029036737836315663,-0.004750593824227989,jpeg_compression,pathmnist,0.0703488223441464,545,random,9,7180,1791,0.5689182258887574,0.02,0.9573991031390134,1.0,0.8908554572271387,0.9873817034700315,0.8763285024154589,0.49324324324324326,0.8124156545209177,0.3586698337292161,0.9334955393349554,0.07364206128133705,5744,43,204d01a514928dcbaa13156a62eea1df969190a812d88c7ee1e5fffdf206b14f,2,43,0.3586698337292161
0.8520891364902506,0,0.040885556026767154,0.7997284898800684,0.23986977109116692,199,/mnt/prj01/hgrp-1502-5TB/xuxiaoyu/reliability_medmnistc_ab/formal_runs/cross_path_random_grapha2_sel42_43_train42_43_20260917/runs/pathmnist/random/ratio_0.02/selection_seed_43/train_seed_43/aug_0/final.pt,51c47decea83711bc6da0aea875201b7fd07aecd6c7f3f1e65cc88e642a97f1e,0.041507029854022215,-0.0166270783847981,jpeg_compression,pathmnist,0.07681179198547985,576,random,9,7180,1791,0.6193182659882076,0.02,0.9813153961136024,1.0,0.8643067846607669,0.9936908517350158,0.9159420289855073,0.40709459459459457,0.7368421052631579,0.37054631828978624,0.9278183292781833,0.07747214484679665,5744,43,204d01a514928dcbaa13156a62eea1df969190a812d88c7ee1e5fffdf206b14f,3,43,0.37054631828978624
0.7927576601671309,0,0.0599392196693731,0.7272508588507643,0.32412954547613726,199,/mnt/prj01/hgrp-1502-5TB/xuxiaoyu/reliability_medmnistc_ab/formal_runs/cross_path_random_grapha2_sel42_43_train42_43_20260917/runs/pathmnist/random/ratio_0.02/selection_seed_43/train_seed_43/aug_0/final.pt,51c47decea83711bc6da0aea875201b7fd07aecd6c7f3f1e65cc88e642a97f1e,0.11398466088332626,0.07838479809976251,jpeg_compression,pathmnist,0.11884067474467506,775,random,9,7180,1791,0.8141498370765495,0.02,0.9745889387144993,1.0,0.7168141592920354,0.8974763406940063,0.8473429951690822,0.3327702702702703,0.6329284750337382,0.2755344418052256,0.8678021086780211,0.12395543175487465,5744,43,204d01a514928dcbaa13156a62eea1df969190a812d88c7ee1e5fffdf206b14f,4,43,0.2755344418052256
0.7972144846796657,0,0.06493630879204416,0.7287113378569958,0.32657709553385866,199,/mnt/prj01/hgrp-1502-5TB/xuxiaoyu/reliability_medmnistc_ab/formal_runs/cross_path_random_grapha2_sel42_43_train42_43_20260917/runs/pathmnist/random/ratio_0.02/selection_seed_43/train_seed_43/aug_0/final.pt,51c47decea83711bc6da0aea875201b7fd07aecd6c7f3f1e65cc88e642a97f1e,0.11252418187709479,0.25932464531039356,jpeg_compression,pathmnist,0.11527209026235727,785,random,9,7180,1791,0.8797500262925716,0.02,0.976831091180867,1.0,0.7168141592920354,0.9747634069400631,0.8714975845410629,0.0945945945945946,0.5843454790823212,0.41092636579572445,0.9286293592862936,0.12012534818941505,5744,43,204d01a514928dcbaa13156a62eea1df969190a812d88c7ee1e5fffdf206b14f,5,43,0.0945945945945946
0.6955431754874651,0,0.1315401081470853,0.6800372516074505,0.51317939088597,199,/mnt/prj01/hgrp-1502-5TB/xuxiaoyu/reliability_medmnistc_ab/formal_runs/cross_path_random_grapha2_sel42_43_train42_43_20260917/runs/pathmnist/random/ratio_0.02/selection_seed_43/train_seed_43/aug_0/final.pt,51c47decea83711bc6da0aea875201b7fd07aecd6c7f3f1e65cc88e642a97f1e,0.16119826812664007,0.0971624831482314,motion_blur,pathmnist,0.22569072630495082,1526,random,9,7180,1791,1.3615094629835633,0.02,0.9932735426008968,1.0,0.7463126843657817,0.8217665615141956,0.6318840579710145,0.25675675675675674,0.9406207827260459,0.4418052256532066,0.28791565287915655,0.23642061281337048,5744,43,204d01a514928dcbaa13156a62eea1df969190a812d88c7ee1e5fffdf206b14f,1,43,0.25675675675675674
0.6786908077994429,0,0.1456775950515015,0.6644147670115008,0.5431601482781314,199,/mnt/prj01/hgrp-1502-5TB/xuxiaoyu/reliability_medmnistc_ab/formal_runs/cross_path_random_grapha2_sel42_43_train42_43_20260917/runs/pathmnist/random/ratio_0.02/selection_seed_43/train_seed_43/aug_0/final.pt,51c47decea83711bc6da0aea875201b7fd07aecd6c7f3f1e65cc88e642a97f1e,0.1768207527225898,0.08790139724480972,motion_blur,pathmnist,0.2418776379176999,1630,random,9,7180,1791,1.4577657991793056,0.02,0.9917787742899851,1.0,0.7492625368731564,0.7839116719242902,0.578743961352657,0.2668918918918919,0.9298245614035088,0.41330166270783847,0.2660178426601784,0.2541782729805014,5744,43,204d01a514928dcbaa13156a62eea1df969190a812d88c7ee1e5fffdf206b14f,2,43,0.2660178426601784
0.6831476323119777,0,0.14332842220182118,0.6703973208092261,0.5352430631720632,199,/mnt/prj01/hgrp-1502-5TB/xuxiaoyu/reliability_medmnistc_ab/formal_runs/cross_path_random_grapha2_sel42_43_train42_43_20260917/runs/pathmnist/random/ratio_0.02/selection_seed_43/train_seed_43/aug_0/final.pt,51c47decea83711bc6da0aea875201b7fd07aecd6c7f3f1e65cc88e642a97f1e,0.17083819892486451,0.09195654728536123,motion_blur,pathmnist,0.2372955915821628,1602,random,9,7180,1791,1.4348366197795381,0.02,0.9932735426008968,1.0,0.7610619469026548,0.7728706624605678,0.5961352657004831,0.28209459459459457,0.9338731443994602,0.4323040380047506,0.2619626926196269,0.2503481894150418,5744,43,204d01a514928dcbaa13156a62eea1df969190a812d88c7ee1e5fffdf206b14f,3,43,0.2619626926196269
0.5534818941504178,0,0.2662649979442598,0.5426469665986882,0.7668982218483282,199,/mnt/prj01/hgrp-1502-5TB/xuxiaoyu/reliability_medmnistc_ab/formal_runs/cross_path_random_grapha2_sel42_43_train42_43_20260917/runs/pathmnist/random/ratio_0.02/selection_seed_43/train_seed_43/aug_0/final.pt,51c47decea83711bc6da0aea875201b7fd07aecd6c7f3f1e65cc88e642a97f1e,0.29858855313540245,0.21198898848568562,motion_blur,pathmnist,0.3514644106429765,2293,random,9,7180,1791,2.3379779073985474,0.02,0.9947683109118086,1.0,0.8053097345132744,0.277602523659306,0.2599033816425121,0.23986486486486486,0.8461538461538461,0.3182897862232779,0.14193025141930252,0.38753481894150416,5744,43,204d01a514928dcbaa13156a62eea1df969190a812d88c7ee1e5fffdf206b14f,4,43,0.14193025141930252
0.4473537604456824,0,0.36445578495078645,0.4357505915867643,0.9507070548215435,199,/mnt/prj01/hgrp-1502-5TB/xuxiaoyu/reliability_medmnistc_ab/formal_runs/cross_path_random_grapha2_sel42_43_train42_43_20260917/runs/pathmnist/random/ratio_0.02/selection_seed_43/train_seed_43/aug_0/final.pt,51c47decea83711bc6da0aea875201b7fd07aecd6c7f3f1e65cc88e642a97f1e,0.4054849281473263,0.34603280457375785,motion_blur,pathmnist,0.4390590571780224,2707,random,9,7180,1791,3.2706081985124364,0.02,0.9970104633781763,1.0,0.8643067846607669,0.007886435331230283,0.0966183574879227,0.16554054054054054,0.4817813765182186,0.2494061757719715,0.059205190592051905,0.49512534818941506,5744,43,204d01a514928dcbaa13156a62eea1df969190a812d88c7ee1e5fffdf206b14f,5,43,0.007886435331230283
0.8754874651810585,0,0.03347468752542289,0.8373423282752628,0.20203405187272314,199,/mnt/prj01/hgrp-1502-5TB/xuxiaoyu/reliability_medmnistc_ab/formal_runs/cross_path_random_grapha2_sel42_43_train42_43_20260917/runs/pathmnist/random/ratio_0.02/selection_seed_43/train_seed_43/aug_0/final.pt,51c47decea83711bc6da0aea875201b7fd07aecd6c7f3f1e65cc88e642a97f1e,0.003893191458827827,-0.0332541567695962,pixelate,pathmnist,0.06444218240076449,503,random,9,7180,1791,0.5271703889682061,0.02,0.9663677130044843,1.0,0.8997050147492626,0.9873817034700315,0.9014492753623189,0.597972972972973,0.9136302294197031,0.38717339667458434,0.8824006488240065,0.06093314763231198,5744,43,204d01a514928dcbaa13156a62eea1df969190a812d88c7ee1e5fffdf206b14f,1,43,0.38717339667458434
0.865041782729805,0,0.038066449772593165,0.8264519885851748,0.2220635074733945,199,/mnt/prj01/hgrp-1502-5TB/xuxiaoyu/reliability_medmnistc_ab/formal_runs/cross_path_random_grapha2_sel42_43_train42_43_20260917/runs/pathmnist/random/ratio_0.02/selection_seed_43/train_seed_43/aug_0/final.pt,51c47decea83711bc6da0aea875201b7fd07aecd6c7f3f1e65cc88e642a97f1e,0.01478353114891584,-0.07125890736342039,pixelate,pathmnist,0.07523927909002995,567,random,9,7180,1791,0.5709236519181667,0.02,0.9738415545590433,1.0,0.8761061946902655,0.9936908517350158,0.8995169082125604,0.5050675675675675,0.9163292847503374,0.4251781472684085,0.8483373884833739,0.07172701949860724,5744,43,204d01a514928dcbaa13156a62eea1df969190a812d88c7ee1e5fffdf206b14f,2,43,0.4251781472684085
0.8410863509749303,0,0.04670665799215133,0.7999913334702634,0.2603476583515818,199,/mnt/prj01/hgrp-1502-5TB/xuxiaoyu/reliability_medmnistc_ab/formal_runs/cross_path_random_grapha2_sel42_43_train42_43_20260917/runs/pathmnist/random/ratio_0.02/selection_seed_43/train_seed_43/aug_0/final.pt,51c47decea83711bc6da0aea875201b7fd07aecd6c7f3f1e65cc88e642a97f1e,0.0412441862638272,-0.01601319252744432,pixelate,pathmnist,0.09684631196486251,700,random,9,7180,1791,0.6664125345107794,0.02,0.9835575485799701,1.0,0.8466076696165191,0.9936908517350158,0.8801932367149758,0.36993243243243246,0.9203778677462888,0.4180522565320665,0.7875101378751014,0.08896239554317549,5744,43,204d01a514928dcbaa13156a62eea1df969190a812d88c7ee1e5fffdf206b14f,3,43,0.36993243243243246
0.8270194986072423,0,0.05934015178149587,0.7795501838707071,0.28672896725834784,199,/mnt/prj01/hgrp-1502-5TB/xuxiaoyu/reliability_medmnistc_ab/formal_runs/cross_path_random_grapha2_sel42_43_train42_43_20260917/runs/pathmnist/random/ratio_0.02/selection_seed_43/train_seed_43/aug_0/final.pt,51c47decea83711bc6da0aea875201b7fd07aecd6c7f3f1e65cc88e642a97f1e,0.06168533586338354,0.03804086152660974,pixelate,pathmnist,0.1089291768402774,792,random,9,7180,1791,0.7551949506755472,0.02,0.9850523168908819,1.0,0.7876106194690266,0.9826498422712934,0.8280193236714976,0.3158783783783784,0.9122807017543859,0.39667458432304037,0.8077858880778589,0.10550139275766017,5744,43,204d01a514928dcbaa13156a62eea1df969190a812d88c7ee1e5fffdf206b14f,4,43,0.3158783783783784
0.7740947075208914,0,0.09620587286028948,0.7297090747533292,0.3711585365804371,199,/mnt/prj01/hgrp-1502-5TB/xuxiaoyu/reliability_medmnistc_ab/formal_runs/cross_path_random_grapha2_sel42_43_train42_43_20260917/runs/pathmnist/random/ratio_0.02/selection_seed_43/train_seed_43/aug_0/final.pt,51c47decea83711bc6da0aea875201b7fd07aecd6c7f3f1e65cc88e642a97f1e,0.11152644498076136,0.05155437504012328,pixelate,pathmnist,0.1464975921307434,1015,random,9,7180,1791,0.9778237894820977,0.02,0.9895366218236173,1.0,0.7315634218289085,0.889589905362776,0.6231884057971014,0.30236486486486486,0.9001349527665317,0.3824228028503563,0.748580697485807,0.1568593314763231,5744,43,204d01a514928dcbaa13156a62eea1df969190a812d88c7ee1e5fffdf206b14f,5,43,0.30236486486486486
0.7389972144846797,0,0.10353709795564173,0.7175056729330644,0.41828324926035954,199,/mnt/prj01/hgrp-1502-5TB/xuxiaoyu/reliability_medmnistc_ab/formal_runs/cross_path_random_grapha2_sel42_43_train42_43_20260917/runs/pathmnist/random/ratio_0.02/selection_seed_43/train_seed_43/aug_0/final.pt,51c47decea83711bc6da0aea875201b7fd07aecd6c7f3f1e65cc88e642a97f1e,0.12372984680102617,-0.03545274077134036,saturate,pathmnist,0.15437533282635937,1014,random,9,7180,1791,1.074446824720038,0.02,0.968609865470852,1.0,0.7846607669616519,0.5867507886435331,0.3893719806763285,0.7753378378378378,0.8043184885290149,0.42992874109263657,0.7185725871857259,0.1855849582172702,5744,43,204d01a514928dcbaa13156a62eea1df969190a812d88c7ee1e5fffdf206b14f,1,43,0.3893719806763285
0.5012534818941504,0,0.4292216059962976,0.5031953381748596,0.8423785659201724,199,/mnt/prj01/hgrp-1502-5TB/xuxiaoyu/reliability_medmnistc_ab/formal_runs/cross_path_random_grapha2_sel42_43_train42_43_20260917/runs/pathmnist/random/ratio_0.02/selection_seed_43/train_seed_43/aug_0/final.pt,51c47decea83711bc6da0aea875201b7fd07aecd6c7f3f1e65cc88e642a97f1e,0.338040181559231,0.3432912205813166,saturate,pathmnist,0.3565318395085322,2285,random,9,7180,1791,2.6695575499578665,0.02,0.8968609865470852,1.0,0.672566371681416,0.3107255520504732,0.010628019323671498,0.8496621621621622,0.34547908232118757,0.2327790973871734,0.21005677210056772,0.4610027855153203,5744,43,204d01a514928dcbaa13156a62eea1df969190a812d88c7ee1e5fffdf206b14f,2,43,0.010628019323671498
0.367966573816156,0,0.5656312988156214,0.3667295273036012,1.0696209177996645,199,/mnt/prj01/hgrp-1502-5TB/xuxiaoyu/reliability_medmnistc_ab/formal_runs/cross_path_random_grapha2_sel42_43_train42_43_20260917/runs/pathmnist/random/ratio_0.02/selection_seed_43/train_seed_43/aug_0/final.pt,51c47decea83711bc6da0aea875201b7fd07aecd6c7f3f1e65cc88e642a97f1e,0.4745059924304894,0.35391923990498814,saturate,pathmnist,0.4800414799543974,2846,random,9,7180,1791,3.5570739094886736,0.02,0.7406576980568012,1.0,0.5427728613569321,0.0,0.005797101449275362,0.8716216216216216,0.1039136302294197,0.028503562945368172,0.0072992700729927005,0.5903551532033426,5744,43,204d01a514928dcbaa13156a62eea1df969190a812d88c7ee1e5fffdf206b14f,3,43,0.0
0.23050139275766016,0,0.6095115593996161,0.27708875539539524,1.344844557545396,199,/mnt/prj01/hgrp-1502-5TB/xuxiaoyu/reliability_medmnistc_ab/formal_runs/cross_path_random_grapha2_sel42_43_train42_43_20260917/runs/pathmnist/random/ratio_0.02/selection_seed_43/train_seed_43/aug_0/final.pt,51c47decea83711bc6da0aea875201b7fd07aecd6c7f3f1e65cc88e642a97f1e,0.5641467643386954,0.35391923990498814,saturate,pathmnist,0.6480547776336789,3998,random,9,7180,1791,4.216931438718389,0.02,0.07100149476831091,1.0,0.5250737463126843,0.0,0.004830917874396135,0.8834459459459459,0.009446693657219974,0.0,0.0,0.7284122562674095,5744,43,204d01a514928dcbaa13156a62eea1df969190a812d88c7ee1e5fffdf206b14f,4,43,0.0
0.21211699164345404,0,0.6964288645685757,0.2643023440861288,1.4620763154918597,199,/mnt/prj01/hgrp-1502-5TB/xuxiaoyu/reliability_medmnistc_ab/formal_runs/cross_path_random_grapha2_sel42_43_train42_43_20260917/runs/pathmnist/random/ratio_0.02/selection_seed_43/train_seed_43/aug_0/final.pt,51c47decea83711bc6da0aea875201b7fd07aecd6c7f3f1e65cc88e642a97f1e,0.5769331756479619,0.35391923990498814,saturate,pathmnist,0.6956962592796032,4702,random,9,7180,1791,5.037939561681019,0.02,0.002242152466367713,0.9645808736717828,0.5250737463126843,0.0,0.0,0.8868243243243243,0.0,0.0,0.0,0.786908077994429,5744,43,204d01a514928dcbaa13156a62eea1df969190a812d88c7ee1e5fffdf206b14f,5,43,0.0
0.8821727019498607,0,0.03065013877899897,0.841654787671359,0.19142898219929874,199,/mnt/prj01/hgrp-1502-5TB/xuxiaoyu/reliability_medmnistc_ab/formal_runs/cross_path_random_grapha2_sel42_43_train42_43_20260917/runs/pathmnist/random/ratio_0.02/selection_seed_43/train_seed_43/aug_0/final.pt,51c47decea83711bc6da0aea875201b7fd07aecd6c7f3f1e65cc88e642a97f1e,-0.0004192679372684305,-0.009501187648456033,stain_deposit,pathmnist,0.05400583345577905,451,random,9,7180,1791,0.4906038308653463,0.02,0.9753363228699552,1.0,0.8702064896755162,0.973186119873817,0.8966183574879227,0.6976351351351351,0.8974358974358975,0.36342042755344417,0.9010543390105434,0.05379526462395543,5744,43,204d01a514928dcbaa13156a62eea1df969190a812d88c7ee1e5fffdf206b14f,1,43,0.36342042755344417
0.8813370473537604,0,0.031090129089109096,0.8400389113798247,0.18910549284948988,199,/mnt/prj01/hgrp-1502-5TB/xuxiaoyu/reliability_medmnistc_ab/formal_runs/cross_path_random_grapha2_sel42_43_train42_43_20260917/runs/pathmnist/random/ratio_0.02/selection_seed_43/train_seed_43/aug_0/final.pt,51c47decea83711bc6da0aea875201b7fd07aecd6c7f3f1e65cc88e642a97f1e,0.0011966083542659378,0.002375296912114022,stain_deposit,pathmnist,0.050898610383355206,429,random,9,7180,1791,0.48282321364230546,0.02,0.9730941704035875,1.0,0.8613569321533924,0.9526813880126183,0.9004830917874396,0.722972972972973,0.8987854251012146,0.3515439429928741,0.8994322789943228,0.05327298050139276,5744,43,204d01a514928dcbaa13156a62eea1df969190a812d88c7ee1e5fffdf206b14f,2,43,0.3515439429928741
0.8777158774373259,0,0.03221176171736923,0.835641925726888,0.19629605169218914,199,/mnt/prj01/hgrp-1502-5TB/xuxiaoyu/reliability_medmnistc_ab/formal_runs/cross_path_random_grapha2_sel42_43_train42_43_20260917/runs/pathmnist/random/ratio_0.02/selection_seed_43/train_seed_43/aug_0/final.pt,51c47decea83711bc6da0aea875201b7fd07aecd6c7f3f1e65cc88e642a97f1e,0.005593594007202607,-0.002375296912114022,stain_deposit,pathmnist,0.05039877514238146,439,random,9,7180,1791,0.4947316413628042,0.02,0.9798206278026906,1.0,0.8525073746312685,0.944794952681388,0.8966183574879227,0.7179054054054054,0.8798920377867746,0.35629453681710216,0.8929440389294404,0.05727715877437326,5744,43,204d01a514928dcbaa13156a62eea1df969190a812d88c7ee1e5fffdf206b14f,3,43,0.35629453681710216
0.8727019498607242,0,0.034217852240254934,0.8299395977622765,0.2010306836408722,199,/mnt/prj01/hgrp-1502-5TB/xuxiaoyu/reliability_medmnistc_ab/formal_runs/cross_path_random_grapha2_sel42_43_train42_43_20260917/runs/pathmnist/random/ratio_0.02/selection_seed_43/train_seed_43/aug_0/final.pt,51c47decea83711bc6da0aea875201b7fd07aecd6c7f3f1e65cc88e642a97f1e,0.01129592197181406,-0.011876484560570055,stain_deposit,pathmnist,0.04860178783411438,422,random,9,7180,1791,0.5008603381034529,0.02,0.9857997010463379,1.0,0.8348082595870207,0.917981072555205,0.8927536231884058,0.7297297297297297,0.8609986504723347,0.3657957244655582,0.8815896188158961,0.05971448467966574,5744,43,204d01a514928dcbaa13156a62eea1df969190a812d88c7ee1e5fffdf206b14f,4,43,0.3657957244655582
0.8605849582172702,0,0.03767174804880253,0.8144637740905618,0.2160045550051813,199,/mnt/prj01/hgrp-1502-5TB/xuxiaoyu/reliability_medmnistc_ab/formal_runs/cross_path_random_grapha2_sel42_43_train42_43_20260917/runs/pathmnist/random/ratio_0.02/selection_seed_43/train_seed_43/aug_0/final.pt,51c47decea83711bc6da0aea875201b7fd07aecd6c7f3f1e65cc88e642a97f1e,0.0267717456435288,0.023752969121140166,stain_deposit,pathmnist,0.044965887455721054,416,random,9,7180,1791,0.5290086250991777,0.02,0.9820627802690582,1.0,0.8171091445427728,0.8738170347003155,0.8985507246376812,0.7466216216216216,0.8083670715249662,0.33016627078384797,0.8734793187347932,0.06876740947075209,5744,43,204d01a514928dcbaa13156a62eea1df969190a812d88c7ee1e5fffdf206b14f,5,43,0.33016627078384797
0.8986072423398329,0,0.01781050549867284,0.8714295961488143,0.15241785018547097,499,/mnt/prj01/hgrp-1502-5TB/xuxiaoyu/reliability_medmnistc_ab/formal_runs/cross_path_random_grapha2_sel42_43_train42_43_20260917/runs/pathmnist/random/ratio_0.05/selection_seed_42/train_seed_42/aug_0/final.pt,bd1dd34ce22e5109ef26d2a669402fad185e79405b247f2cc11313f4b7b72a4b,,,clean,pathmnist,0.03025501119932754,286,random,9,7180,4491,0.34914892851272483,0.05,0.8886397608370703,1.0,0.967551622418879,0.9873817034700315,0.9623188405797102,0.7618243243243243,0.9554655870445344,0.39429928741092635,0.9253852392538524,0.02663649025069638,5744,42,8e82b8d02b5daa8cde32bb701668b76db23b29ea6b80c063641c11014dbcf4e4,0,42,0.39429928741092635
0.6810584958217271,0,0.14386335319033522,0.6042253914762014,0.5071335027005519,499,/mnt/prj01/hgrp-1502-5TB/xuxiaoyu/reliability_medmnistc_ab/formal_runs/cross_path_random_grapha2_sel42_43_train42_43_20260917/runs/pathmnist/random/ratio_0.05/selection_seed_42/train_seed_42/aug_0/final.pt,bd1dd34ce22e5109ef26d2a669402fad185e79405b247f2cc11313f4b7b72a4b,0.26720420467261297,0.3385560441676831,brightness_down,pathmnist,0.18284888623235615,1162,random,9,7180,4491,1.3441327995600074,0.05,0.9985052316890882,1.0,0.5162241887905604,0.9716088328075709,0.4444444444444444,0.05574324324324324,0.5924426450742241,0.09263657957244656,0.7664233576642335,0.24077298050139276,5744,42,8e82b8d02b5daa8cde32bb701668b76db23b29ea6b80c063641c11014dbcf4e4,1,42,0.05574324324324324
0.5664345403899721,0,0.2412028444386755,0.4977932576398712,0.6864623241278295,499,/mnt/prj01/hgrp-1502-5TB/xuxiaoyu/reliability_medmnistc_ab/formal_runs/cross_path_random_grapha2_sel42_43_train42_43_20260917/runs/pathmnist/random/ratio_0.05/selection_seed_42/train_seed_42/aug_0/final.pt,bd1dd34ce22e5109ef26d2a669402fad185e79405b247f2cc11313f4b7b72a4b,0.3736363385089431,0.3824228028503563,brightness_down,pathmnist,0.26150854293225867,1532,random,9,7180,4491,1.923797791914221,0.05,0.992526158445441,1.0,0.49852507374631266,0.9148264984227129,0.21159420289855072,0.02364864864864865,0.23346828609986506,0.011876484560570071,0.5936739659367397,0.36768802228412256,5744,42,8e82b8d02b5daa8cde32bb701668b76db23b29ea6b80c063641c11014dbcf4e4,2,42,0.011876484560570071
0.4419220055710306,0,0.35733096966205385,0.391360163331189,0.876206014369079,499,/mnt/prj01/hgrp-1502-5TB/xuxiaoyu/reliability_medmnistc_ab/formal_runs/cross_path_random_grapha2_sel42_43_train42_43_20260917/runs/pathmnist/random/ratio_0.05/selection_seed_42/train_seed_42/aug_0/final.pt,bd1dd34ce22e5109ef26d2a669402fad185e79405b247f2cc11313f4b7b72a4b,0.4800694328176253,0.3919239904988123,brightness_down,pathmnist,0.35806578537630834,1828,random,9,7180,4491,2.541755912789652,0.05,0.9245142002989537,1.0,0.49852507374631266,0.6561514195583596,0.05893719806763285,0.02195945945945946,0.029689608636977057,0.0023752969121140144,0.33008921330089214,0.49686629526462395,5744,42,8e82b8d02b5daa8cde32bb701668b76db23b29ea6b80c063641c11014dbcf4e4,3,42,0.0023752969121140144
0.36504178272980503,0,0.44958122608941103,0.33134589281434124,1.0228021861528962,499,/mnt/prj01/hgrp-1502-5TB/xuxiaoyu/reliability_medmnistc_ab/formal_runs/cross_path_random_grapha2_sel42_43_train42_43_20260917/runs/pathmnist/random/ratio_0.05/selection_seed_42/train_seed_42/aug_0/final.pt,bd1dd34ce22e5109ef26d2a669402fad185e79405b247f2cc11313f4b7b72a4b,0.5400837033344731,0.39429928741092635,brightness_down,pathmnist,0.4353245238719047,2324,random,9,7180,4491,3.077311612798173,0.05,0.7899850523168909,1.0,0.49852507374631266,0.4810725552050473,0.025120772946859903,0.02195945945945946,0.0,0.0,0.1654501216545012,0.5877437325905293,5744,42,8e82b8d02b5daa8cde32bb701668b76db23b29ea6b80c063641c11014dbcf4e4,4,42,0.0
0.32493036211699167,0,0.4986515332455358,0.29542827882988626,1.1189226965125267,499,/mnt/prj01/hgrp-1502-5TB/xuxiaoyu/reliability_medmnistc_ab/formal_runs/cross_path_random_grapha2_sel42_43_train42_43_20260917/runs/pathmnist/random/ratio_0.05/selection_seed_42/train_seed_42/aug_0/final.pt,bd1dd34ce22e5109ef26d2a669402fad185e79405b247f2cc11313f4b7b72a4b,0.576001317318928,0.39429928741092635,brightness_down,pathmnist,0.4886943747821293,2773,random,9,7180,4491,3.5167678349165876,0.05,0.7406576980568012,1.0,0.49852507374631266,0.30441640378548895,0.007729468599033816,0.011824324324324325,0.0,0.0,0.09570154095701541,0.6389275766016713,5744,42,8e82b8d02b5daa8cde32bb701668b76db23b29ea6b80c063641c11014dbcf4e4,5,42,0.0
0.5532033426183844,0,0.2165095212853943,0.5645747640767064,0.6880943999167096,499,/mnt/prj01/hgrp-1502-5TB/xuxiaoyu/reliability_medmnistc_ab/formal_runs/cross_path_random_grapha2_sel42_43_train42_43_20260917/runs/pathmnist/random/ratio_0.05/selection_seed_42/train_seed_42/aug_0/final.pt,bd1dd34ce22e5109ef26d2a669402fad185e79405b247f2cc11313f4b7b72a4b,0.30685483207210795,0.3159144893111639,brightness_up,pathmnist,0.2847880140818593,1476,random,9,7180,4491,1.8124340219189052,0.05,0.1210762331838565,1.0,0.7315634218289085,0.43217665615141954,0.7565217391304347,0.8918918918918919,0.4507422402159244,0.07838479809976247,0.6188158961881589,0.3645543175487465,5744,42,8e82b8d02b5daa8cde32bb701668b76db23b29ea6b80c063641c11014dbcf4e4,1,42,0.07838479809976247
0.3571030640668524,0,0.44590394370093656,0.38557602946073394,1.0643235051239053,499,/mnt/prj01/hgrp-1502-5TB/xuxiaoyu/reliability_medmnistc_ab/formal_runs/cross_path_random_grapha2_sel42_43_train42_43_20260917/runs/pathmnist/random/ratio_0.05/selection_seed_42/train_seed_42/aug_0/final.pt,bd1dd34ce22e5109ef26d2a669402fad185e79405b247f2cc11313f4b7b72a4b,0.4858535666880804,0.3752969121140142,brightness_up,pathmnist,0.48005952088364645,2778,random,9,7180,4491,3.0027932773978745,0.05,0.06427503736920777,1.0,0.6519174041297935,0.07886435331230283,0.4473429951690821,0.8243243243243243,0.1484480431848853,0.019002375296912115,0.2360097323600973,0.6124651810584958,5744,42,8e82b8d02b5daa8cde32bb701668b76db23b29ea6b80c063641c11014dbcf4e4,2,42,0.019002375296912115
0.22242339832869082,0,0.5836783340346507,0.2685158308233239,1.3725913333703328,499,/mnt/prj01/hgrp-1502-5TB/xuxiaoyu/reliability_medmnistc_ab/formal_runs/cross_path_random_grapha2_sel42_43_train42_43_20260917/runs/pathmnist/random/ratio_0.05/selection_seed_42/train_seed_42/aug_0/final.pt,bd1dd34ce22e5109ef26d2a669402fad185e79405b247f2cc11313f4b7b72a4b,0.6029137653254903,0.39429928741092635,brightness_up,pathmnist,0.6633287884232726,4148,random,9,7180,4491,4.358352272078245,0.05,0.0,1.0,0.6106194690265486,0.0015772870662460567,0.07536231884057971,0.652027027027027,0.018893387314439947,0.009501187648456057,0.04866180048661801,0.7482590529247911,5744,42,8e82b8d02b5daa8cde32bb701668b76db23b29ea6b80c063641c11014dbcf4e4,3,42,0.0
0.20459610027855155,0,0.6184417289741238,0.250572180876298,1.4376701946405492,499,/mnt/prj01/hgrp-1502-5TB/xuxiaoyu/reliability_medmnistc_ab/formal_runs/cross_path_random_grapha2_sel42_43_train42_43_20260917/runs/pathmnist/random/ratio_0.05/selection_seed_42/train_seed_42/aug_0/final.pt,bd1dd34ce22e5109ef26d2a669402fad185e79405b247f2cc11313f4b7b72a4b,0.6208574152725164,0.39429928741092635,brightness_up,pathmnist,0.6990637117690695,4469,random,9,7180,4491,4.8131479708585125,0.05,0.0,1.0,0.6017699115044248,0.0,0.028019323671497585,0.5777027027027027,0.012145748987854251,0.007125890736342043,0.028386050283860504,0.7651462395543176,5744,42,8e82b8d02b5daa8cde32bb701668b76db23b29ea6b80c063641c11014dbcf4e4,4,42,0.0
0.18913649025069637,0,0.6789439675720139,0.23460316808409956,1.4957634344238548,499,/mnt/prj01/hgrp-1502-5TB/xuxiaoyu/reliability_medmnistc_ab/formal_runs/cross_path_random_grapha2_sel42_43_train42_43_20260917/runs/pathmnist/random/ratio_0.05/selection_seed_42/train_seed_42/aug_0/final.pt,bd1dd34ce22e5109ef26d2a669402fad185e79405b247f2cc11313f4b7b72a4b,0.6368264280647148,0.39429928741092635,brightness_up,pathmnist,0.7310778092250518,4828,random,9,7180,4491,5.362213834707506,0.05,0.0,1.0,0.6047197640117994,0.0,0.005797101449275362,0.4864864864864865,0.0,0.007125890736342043,0.0072992700729927005,0.780466573816156,5744,42,8e82b8d02b5daa8cde32bb701668b76db23b29ea6b80c063641c11014dbcf4e4,5,42,0.0
0.8823119777158774,0,0.021368124056013755,0.8624904090779381,0.17513027276122328,499,/mnt/prj01/hgrp-1502-5TB/xuxiaoyu/reliability_medmnistc_ab/formal_runs/cross_path_random_grapha2_sel42_43_train42_43_20260917/runs/pathmnist/random/ratio_0.05/selection_seed_42/train_seed_42/aug_0/final.pt,bd1dd34ce22e5109ef26d2a669402fad185e79405b247f2cc11313f4b7b72a4b,0.008939187070876264,-0.05225653206650832,bubble,pathmnist,0.03802004151440594,307,random,9,7180,4491,0.37679769889823195,0.05,0.8707025411061285,1.0,0.967551622418879,0.9873817034700315,0.9681159420289855,0.714527027027027,0.9608636977058029,0.44655581947743467,0.8467153284671532,0.039171309192200555,5744,42,8e82b8d02b5daa8cde32bb701668b76db23b29ea6b80c063641c11014dbcf4e4,1,42,0.44655581947743467
0.8710306406685236,0,0.024641806207838145,0.8520402029612293,0.18795114516169228,499,/mnt/prj01/hgrp-1502-5TB/xuxiaoyu/reliability_medmnistc_ab/formal_runs/cross_path_random_grapha2_sel42_43_train42_43_20260917/runs/pathmnist/random/ratio_0.05/selection_seed_42/train_seed_42/aug_0/final.pt,bd1dd34ce22e5109ef26d2a669402fad185e79405b247f2cc11313f4b7b72a4b,0.019389393187585036,-0.021377672209026144,bubble,pathmnist,0.0424552389132611,328,random,9,7180,4491,0.4030384301814263,0.05,0.8654708520179372,1.0,0.9616519174041298,0.9858044164037855,0.9623188405797102,0.7128378378378378,0.9568151147098516,0.4156769596199525,0.8077858880778589,0.04596100278551532,5744,42,8e82b8d02b5daa8cde32bb701668b76db23b29ea6b80c063641c11014dbcf4e4,2,42,0.4156769596199525
0.8672701949860724,0,0.026098087661014714,0.8510556491525982,0.1934117151036738,499,/mnt/prj01/hgrp-1502-5TB/xuxiaoyu/reliability_medmnistc_ab/formal_runs/cross_path_random_grapha2_sel42_43_train42_43_20260917/runs/pathmnist/random/ratio_0.05/selection_seed_42/train_seed_42/aug_0/final.pt,bd1dd34ce22e5109ef26d2a669402fad185e79405b247f2cc11313f4b7b72a4b,0.020373946996216086,-0.04513064133016631,bubble,pathmnist,0.04326352956484289,348,random,9,7180,4491,0.4101517637824084,0.05,0.8579970104633782,1.0,0.9646017699115044,0.9858044164037855,0.9642512077294686,0.6925675675675675,0.9689608636977058,0.43942992874109266,0.7858880778588808,0.05100974930362117,5744,42,8e82b8d02b5daa8cde32bb701668b76db23b29ea6b80c063641c11014dbcf4e4,3,42,0.43942992874109266
0.8538997214484679,0,0.03286830240774041,0.8385876963969694,0.217072887936354,499,/mnt/prj01/hgrp-1502-5TB/xuxiaoyu/reliability_medmnistc_ab/formal_runs/cross_path_random_grapha2_sel42_43_train42_43_20260917/runs/pathmnist/random/ratio_0.05/selection_seed_42/train_seed_42/aug_0/final.pt,bd1dd34ce22e5109ef26d2a669402fad185e79405b247f2cc11313f4b7b72a4b,0.03284189975184493,-0.014251781472684077,bubble,pathmnist,0.0517109015318345,420,random,9,7180,4491,0.4621875427030231,0.05,0.8482810164424515,1.0,0.9616519174041298,0.9842271293375394,0.961352657004831,0.6756756756756757,0.9622132253711201,0.4085510688836104,0.7453365774533658,0.06354456824512535,5744,42,8e82b8d02b5daa8cde32bb701668b76db23b29ea6b80c063641c11014dbcf4e4,4,42,0.4085510688836104
0.8413649025069638,0,0.038505444036077245,0.8279618365502255,0.23403043710465318,499,/mnt/prj01/hgrp-1502-5TB/xuxiaoyu/reliability_medmnistc_ab/formal_runs/cross_path_random_grapha2_sel42_43_train42_43_20260917/runs/pathmnist/random/ratio_0.05/selection_seed_42/train_seed_42/aug_0/final.pt,bd1dd34ce22e5109ef26d2a669402fad185e79405b247f2cc11313f4b7b72a4b,0.04346775959858884,0.0,bubble,pathmnist,0.05424745389179931,442,random,9,7180,4491,0.49619427965625107,0.05,0.8176382660687593,1.0,0.9528023598820059,0.9873817034700315,0.966183574879227,0.652027027027027,0.9635627530364372,0.39429928741092635,0.7177615571776156,0.07764623955431754,5744,42,8e82b8d02b5daa8cde32bb701668b76db23b29ea6b80c063641c11014dbcf4e4,5,42,0.39429928741092635
0.7559888579387186,0,0.08816271842517472,0.7236581241194285,0.38010076826841965,499,/mnt/prj01/hgrp-1502-5TB/xuxiaoyu/reliability_medmnistc_ab/formal_runs/cross_path_random_grapha2_sel42_43_train42_43_20260917/runs/pathmnist/random/ratio_0.05/selection_seed_42/train_seed_42/aug_0/final.pt,bd1dd34ce22e5109ef26d2a669402fad185e79405b247f2cc11313f4b7b72a4b,0.1477714720293858,0.16119117930281823,contrast_down,pathmnist,0.13229590656863616,896,random,9,7180,4491,0.8839323524718047,0.05,0.6382660687593423,1.0,0.7315634218289085,0.9905362776025236,0.8724637681159421,0.23310810810810811,0.9257759784075573,0.3182897862232779,0.8029197080291971,0.171483286908078,5744,42,8e82b8d02b5daa8cde32bb701668b76db23b29ea6b80c063641c11014dbcf4e4,1,42,0.23310810810810811
0.6073816155988858,0,0.19951357683438026,0.5786997212181672,0.6217370301493498,499,/mnt/prj01/hgrp-1502-5TB/xuxiaoyu/reliability_medmnistc_ab/formal_runs/cross_path_random_grapha2_sel42_43_train42_43_20260917/runs/pathmnist/random/ratio_0.05/selection_seed_42/train_seed_42/aug_0/final.pt,bd1dd34ce22e5109ef26d2a669402fad185e79405b247f2cc11313f4b7b72a4b,0.29272987493064717,0.3419344225460615,contrast_down,pathmnist,0.237821474532314,1488,random,9,7180,4491,1.5574116023894036,0.05,0.4147982062780269,1.0,0.49557522123893805,0.9873817034700315,0.7381642512077294,0.052364864864864864,0.8326585695006747,0.1163895486935867,0.5709651257096513,0.3366991643454039,5744,42,8e82b8d02b5daa8cde32bb701668b76db23b29ea6b80c063641c11014dbcf4e4,2,42,0.052364864864864864
0.43774373259052923,0,0.38019871754899814,0.43444799387478755,0.9135318108951482,499,/mnt/prj01/hgrp-1502-5TB/xuxiaoyu/reliability_medmnistc_ab/formal_runs/cross_path_random_grapha2_sel42_43_train42_43_20260917/runs/pathmnist/random/ratio_0.05/selection_seed_42/train_seed_42/aug_0/final.pt,bd1dd34ce22e5109ef26d2a669402fad185e79405b247f2cc11313f4b7b72a4b,0.43698160227402677,0.39429928741092635,contrast_down,pathmnist,0.38437212639200324,2338,random,9,7180,4491,2.480316904585562,0.05,0.26905829596412556,1.0,0.49557522123893805,0.8091482649842271,0.5265700483091788,0.0033783783783783786,0.581646423751687,0.0,0.22465531224655313,0.5276810584958217,5744,42,8e82b8d02b5daa8cde32bb701668b76db23b29ea6b80c063641c11014dbcf4e4,3,42,0.0
0.3394150417827298,0,0.4780149363694479,0.3423580249129341,1.0919027695026857,499,/mnt/prj01/hgrp-1502-5TB/xuxiaoyu/reliability_medmnistc_ab/formal_runs/cross_path_random_grapha2_sel42_43_train42_43_20260917/runs/pathmnist/random/ratio_0.05/selection_seed_42/train_seed_42/aug_0/final.pt,bd1dd34ce22e5109ef26d2a669402fad185e79405b247f2cc11313f4b7b72a4b,0.5290715712358802,0.39429928741092635,contrast_down,pathmnist,0.4904672905346146,2948,random,9,7180,4491,3.100851101589531,0.05,0.23019431988041852,1.0,0.4896755162241888,0.5347003154574133,0.3922705314009662,0.005067567567567568,0.32793522267206476,0.0,0.10137875101378752,0.6347493036211699,5744,42,8e82b8d02b5daa8cde32bb701668b76db23b29ea6b80c063641c11014dbcf4e4,4,42,0.0
0.2616991643454039,0,0.5542758436333808,0.258767193405008,1.2585188643738767,499,/mnt/prj01/hgrp-1502-5TB/xuxiaoyu/reliability_medmnistc_ab/formal_runs/cross_path_random_grapha2_sel42_43_train42_43_20260917/runs/pathmnist/random/ratio_0.05/selection_seed_42/train_seed_42/aug_0/final.pt,bd1dd34ce22e5109ef26d2a669402fad185e79405b247f2cc11313f4b7b72a4b,0.6126624027438063,0.39429928741092635,contrast_down,pathmnist,0.5856374993442992,3575,random,9,7180,4491,3.80172312777975,0.05,0.2077727952167414,1.0,0.3746312684365782,0.31230283911671924,0.27053140096618356,0.006756756756756757,0.09851551956815115,0.0,0.058394160583941604,0.724233983286908,5744,42,8e82b8d02b5daa8cde32bb701668b76db23b29ea6b80c063641c11014dbcf4e4,5,42,0.0
0.883008356545961,0,0.028090804919696753,0.849974181596442,0.17942974960960478,499,/mnt/prj01/hgrp-1502-5TB/xuxiaoyu/reliability_medmnistc_ab/formal_runs/cross_path_random_grapha2_sel42_43_train42_43_20260917/runs/pathmnist/random/ratio_0.05/selection_seed_42/train_seed_42/aug_0/final.pt,bd1dd34ce22e5109ef26d2a669402fad185e79405b247f2cc11313f4b7b72a4b,0.02145541455237232,0.07125890736342039,contrast_up,pathmnist,0.032315484251733625,324,random,9,7180,4491,0.4104244761571562,0.05,0.9162929745889388,1.0,0.8790560471976401,0.9211356466876972,0.9526570048309179,0.8834459459459459,0.9095816464237517,0.32304038004750596,0.8645579886455799,0.04648328690807799,5744,42,8e82b8d02b5daa8cde32bb701668b76db23b29ea6b80c063641c11014dbcf4e4,1,42,0.32304038004750596
0.7665738161559889,0,0.0864329931502257,0.7295945140608975,0.35537770068014624,499,/mnt/prj01/hgrp-1502-5TB/xuxiaoyu/reliability_medmnistc_ab/formal_runs/cross_path_random_grapha2_sel42_43_train42_43_20260917/runs/pathmnist/random/ratio_0.05/selection_seed_42/train_seed_42/aug_0/final.pt,bd1dd34ce22e5109ef26d2a669402fad185e79405b247f2cc11313f4b7b72a4b,0.14183508208791684,0.19239904988123513,contrast_up,pathmnist,0.10714614674822534,765,random,9,7180,4491,0.7889577680436919,0.05,0.9035874439461884,1.0,0.7197640117994101,0.610410094637224,0.8840579710144928,0.9037162162162162,0.7597840755735492,0.20190023752969122,0.5831305758313058,0.16208217270194986,5744,42,8e82b8d02b5daa8cde32bb701668b76db23b29ea6b80c063641c11014dbcf4e4,2,42,0.20190023752969122
0.6214484679665738,0,0.190442225981276,0.5986217856669832,0.5896710073247803,499,/mnt/prj01/hgrp-1502-5TB/xuxiaoyu/reliability_medmnistc_ab/formal_runs/cross_path_random_grapha2_sel42_43_train42_43_20260917/runs/pathmnist/random/ratio_0.05/selection_seed_42/train_seed_42/aug_0/final.pt,bd1dd34ce22e5109ef26d2a669402fad185e79405b247f2cc11313f4b7b72a4b,0.2728078104818311,0.2755344418052256,contrast_up,pathmnist,0.22825605440936708,1442,random,9,7180,4491,1.407054311950089,0.05,0.8714499252615845,1.0,0.6047197640117994,0.4842271293375394,0.6772946859903382,0.902027027027027,0.5020242914979757,0.1187648456057007,0.22708840227088403,0.3145891364902507,5744,42,8e82b8d02b5daa8cde32bb701668b76db23b29ea6b80c063641c11014dbcf4e4,3,42,0.1187648456057007
0.506824512534819,0,0.3099810407912568,0.49364362135832784,0.7908457727118208,499,/mnt/prj01/hgrp-1502-5TB/xuxiaoyu/reliability_medmnistc_ab/formal_runs/cross_path_random_grapha2_sel42_43_train42_43_20260917/runs/pathmnist/random/ratio_0.05/selection_seed_42/train_seed_42/aug_0/final.pt,bd1dd34ce22e5109ef26d2a669402fad185e79405b247f2cc11313f4b7b72a4b,0.3777859747904865,0.31968452666477876,contrast_up,pathmnist,0.3303301726812938,2002,random,9,7180,4491,2.0350855946092032,0.05,0.8064275037369207,1.0,0.49262536873156343,0.4116719242902208,0.4280193236714976,0.8969594594594594,0.24696356275303644,0.0855106888361045,0.0746147607461476,0.445508356545961,5744,42,8e82b8d02b5daa8cde32bb701668b76db23b29ea6b80c063641c11014dbcf4e4,4,42,0.0746147607461476
0.31323119777158775,0,0.612867916365094,0.3118490937652358,1.1002154579163108,499,/mnt/prj01/hgrp-1502-5TB/xuxiaoyu/reliability_medmnistc_ab/formal_runs/cross_path_random_grapha2_sel42_43_train42_43_20260917/runs/pathmnist/random/ratio_0.05/selection_seed_42/train_seed_42/aug_0/final.pt,bd1dd34ce22e5109ef26d2a669402fad185e79405b247f2cc11313f4b7b72a4b,0.5595805023835785,0.38537795732171304,contrast_up,pathmnist,0.48040108214596855,2663,random,9,7180,4491,3.0233223636549766,0.05,0.6524663677130045,0.5454545454545454,0.35693215339233036,0.24921135646687698,0.09178743961352658,0.8327702702702703,0.021592442645074223,0.047505938242280284,0.008921330089213302,0.6599930362116991,5744,42,8e82b8d02b5daa8cde32bb701668b76db23b29ea6b80c063641c11014dbcf4e4,5,42,0.008921330089213302
0.7389972144846797,0,0.10205778781735458,0.7121443455396498,0.41040332247663247,499,/mnt/prj01/hgrp-1502-5TB/xuxiaoyu/reliability_medmnistc_ab/formal_runs/cross_path_random_grapha2_sel42_43_train42_43_20260917/runs/pathmnist/random/ratio_0.05/selection_seed_42/train_seed_42/aug_0/final.pt,bd1dd34ce22e5109ef26d2a669402fad185e79405b247f2cc11313f4b7b72a4b,0.15928525060916454,0.11220469281633177,defocus_blur,pathmnist,0.1419659935830363,1028,random,9,7180,4491,0.9305059054138431,0.05,0.9521674140508222,1.0,0.5870206489675516,0.9968454258675079,0.5507246376811594,0.28209459459459457,0.9527665317139001,0.5296912114014252,0.5579886455798865,0.19568245125348188,5744,42,8e82b8d02b5daa8cde32bb701668b76db23b29ea6b80c063641c11014dbcf4e4,1,42,0.28209459459459457
0.6452646239554317,0,0.18385418123953565,0.6236939114619064,0.5718460621686684,499,/mnt/prj01/hgrp-1502-5TB/xuxiaoyu/reliability_medmnistc_ab/formal_runs/cross_path_random_grapha2_sel42_43_train42_43_20260917/runs/pathmnist/random/ratio_0.05/selection_seed_42/train_seed_42/aug_0/final.pt,bd1dd34ce22e5109ef26d2a669402fad185e79405b247f2cc11313f4b7b72a4b,0.24773568468690788,0.23777754828049155,defocus_blur,pathmnist,0.2223285605918232,1474,random,9,7180,4491,1.4471525247490717,0.05,0.9491778774289985,1.0,0.4336283185840708,0.9621451104100947,0.1565217391304348,0.2483108108108108,0.9662618083670715,0.4584323040380047,0.43876723438767234,0.29735376044568246,5744,42,8e82b8d02b5daa8cde32bb701668b76db23b29ea6b80c063641c11014dbcf4e4,2,42,0.1565217391304348
0.5566852367688022,0,0.28055786617113304,0.520149198467473,0.7262697082815057,499,/mnt/prj01/hgrp-1502-5TB/xuxiaoyu/reliability_medmnistc_ab/formal_runs/cross_path_random_grapha2_sel42_43_train42_43_20260917/runs/pathmnist/random/ratio_0.05/selection_seed_42/train_seed_42/aug_0/final.pt,bd1dd34ce22e5109ef26d2a669402fad185e79405b247f2cc11313f4b7b72a4b,0.35128039768134134,0.36917851446406647,defocus_blur,pathmnist,0.2961764516729166,1917,random,9,7180,4491,2.008132432803254,0.05,0.9499252615844545,1.0,0.2743362831858407,0.6451104100946372,0.025120772946859903,0.22466216216216217,0.9689608636977058,0.2850356294536817,0.308191403081914,0.3917130919220056,5744,42,8e82b8d02b5daa8cde32bb701668b76db23b29ea6b80c063641c11014dbcf4e4,3,42,0.025120772946859903
0.4618384401114206,0,0.361403497298906,0.4080728329840063,0.8910527792252091,499,/mnt/prj01/hgrp-1502-5TB/xuxiaoyu/reliability_medmnistc_ab/formal_runs/cross_path_random_grapha2_sel42_43_train42_43_20260917/runs/pathmnist/random/ratio_0.05/selection_seed_42/train_seed_42/aug_0/final.pt,bd1dd34ce22e5109ef26d2a669402fad185e79405b247f2cc11313f4b7b72a4b,0.463356763164808,0.39140073668628866,defocus_blur,pathmnist,0.3847725400789369,2417,random,9,7180,4491,2.558521242000095,0.05,0.9431988041853513,1.0,0.22418879056047197,0.03943217665615142,0.002898550724637681,0.17736486486486486,0.9149797570850202,0.16864608076009502,0.20194647201946472,0.4979108635097493,5744,42,8e82b8d02b5daa8cde32bb701668b76db23b29ea6b80c063641c11014dbcf4e4,4,42,0.002898550724637681
0.4123955431754875,0,0.42021522947797163,0.3525195195499674,0.9944753125922924,499,/mnt/prj01/hgrp-1502-5TB/xuxiaoyu/reliability_medmnistc_ab/formal_runs/cross_path_random_grapha2_sel42_43_train42_43_20260917/runs/pathmnist/random/ratio_0.05/selection_seed_42/train_seed_42/aug_0/final.pt,bd1dd34ce22e5109ef26d2a669402fad185e79405b247f2cc11313f4b7b72a4b,0.5189100765988469,0.39429928741092635,defocus_blur,pathmnist,0.4322384622352701,2686,random,9,7180,4491,3.099030785245523,0.05,0.9312406576980568,1.0,0.17699115044247787,0.0,0.0,0.1097972972972973,0.7489878542510121,0.08076009501187649,0.12489862124898621,0.552924791086351,5744,42,8e82b8d02b5daa8cde32bb701668b76db23b29ea6b80c063641c11014dbcf4e4,5,42,0.0
0.883008356545961,0,0.021575546257815978,0.8480816085930987,0.17156452116059762,499,/mnt/prj01/hgrp-1502-5TB/xuxiaoyu/reliability_medmnistc_ab/formal_runs/cross_path_random_grapha2_sel42_43_train42_43_20260917/runs/pathmnist/random/ratio_0.05/selection_seed_42/train_seed_42/aug_0/final.pt,bd1dd34ce22e5109ef26d2a669402fad185e79405b247f2cc11313f4b7b72a4b,0.023347987555715655,-0.07363420427553447,jpeg_compression,pathmnist,0.0336710400983152,303,random,9,7180,4491,0.3739783656554131,0.05,0.8677130044843049,1.0,0.8259587020648967,0.9716088328075709,0.9739130434782609,0.6587837837837838,0.9365721997300944,0.4679334916864608,0.9302514193025142,0.03899721448467967,5744,42,8e82b8d02b5daa8cde32bb701668b76db23b29ea6b80c063641c11014dbcf4e4,1,42,0.4679334916864608
0.8961002785515321,0,0.019587991497499204,0.848710003316238,0.16144803282571585,499,/mnt/prj01/hgrp-1502-5TB/xuxiaoyu/reliability_medmnistc_ab/formal_runs/cross_path_random_grapha2_sel42_43_train42_43_20260917/runs/pathmnist/random/ratio_0.05/selection_seed_42/train_seed_42/aug_0/final.pt,bd1dd34ce22e5109ef26d2a669402fad185e79405b247f2cc11313f4b7b72a4b,0.022719592832576296,-0.08788598574821854,jpeg_compression,pathmnist,0.03652080342505633,323,random,9,7180,4491,0.3613809912266755,0.05,0.9671150971599403,1.0,0.775811209439528,0.9763406940063092,0.978743961352657,0.5945945945945946,0.9244264507422402,0.4821852731591449,0.9391727493917275,0.03516713091922006,5744,42,8e82b8d02b5daa8cde32bb701668b76db23b29ea6b80c063641c11014dbcf4e4,2,42,0.4821852731591449
0.7552924791086351,0,0.0910645593652784,0.7370200714530448,0.3910586508510011,499,/mnt/prj01/hgrp-1502-5TB/xuxiaoyu/reliability_medmnistc_ab/formal_runs/cross_path_random_grapha2_sel42_43_train42_43_20260917/runs/pathmnist/random/ratio_0.05/selection_seed_42/train_seed_42/aug_0/final.pt,bd1dd34ce22e5109ef26d2a669402fad185e79405b247f2cc11313f4b7b72a4b,0.1344095246957695,0.010143831506591539,jpeg_compression,pathmnist,0.14017767473266646,974,random,9,7180,4491,0.903668028512547,0.05,0.3841554559043348,1.0,0.6548672566371682,0.9652996845425867,0.9758454106280193,0.46114864864864863,0.8380566801619433,0.4251781472684085,0.9286293592862936,0.1737465181058496,5744,42,8e82b8d02b5daa8cde32bb701668b76db23b29ea6b80c063641c11014dbcf4e4,3,42,0.3841554559043348
0.6682451253481894,0,0.1672681751164027,0.6508745816571977,0.5482272879612633,499,/mnt/prj01/hgrp-1502-5TB/xuxiaoyu/reliability_medmnistc_ab/formal_runs/cross_path_random_grapha2_sel42_43_train42_43_20260917/runs/pathmnist/random/ratio_0.05/selection_seed_42/train_seed_42/aug_0/final.pt,bd1dd34ce22e5109ef26d2a669402fad185e79405b247f2cc11313f4b7b72a4b,0.22055501449161663,0.2493067612524809,jpeg_compression,pathmnist,0.2096169143666132,1468,random,9,7180,4491,1.3834909644111433,0.05,0.14499252615844543,1.0,0.46607669616519176,0.9574132492113565,0.9768115942028985,0.3293918918918919,0.7597840755735492,0.3515439429928741,0.8718572587185726,0.27506963788300837,5744,42,8e82b8d02b5daa8cde32bb701668b76db23b29ea6b80c063641c11014dbcf4e4,4,42,0.14499252615844543
0.6033426183844011,0,0.21717521854744395,0.5818081906136744,0.6601602458310146,499,/mnt/prj01/hgrp-1502-5TB/xuxiaoyu/reliability_medmnistc_ab/formal_runs/cross_path_random_grapha2_sel42_43_train42_43_20260917/runs/pathmnist/random/ratio_0.05/selection_seed_42/train_seed_42/aug_0/final.pt,bd1dd34ce22e5109ef26d2a669402fad185e79405b247f2cc11313f4b7b72a4b,0.28962140553513993,0.2844338165589084,jpeg_compression,pathmnist,0.2661420308842134,1792,random,9,7180,4491,1.7679038031811731,0.05,0.10986547085201794,1.0,0.49557522123893805,0.7365930599369085,0.923671497584541,0.11993243243243243,0.631578947368421,0.36342042755344417,0.8556366585563666,0.3412256267409471,5744,42,8e82b8d02b5daa8cde32bb701668b76db23b29ea6b80c063641c11014dbcf4e4,5,42,0.10986547085201794
0.7720055710306407,0,0.08725132921830778,0.730758279256505,0.3583473179890599,499,/mnt/prj01/hgrp-1502-5TB/xuxiaoyu/reliability_medmnistc_ab/formal_runs/cross_path_random_grapha2_sel42_43_train42_43_20260917/runs/pathmnist/random/ratio_0.05/selection_seed_42/train_seed_42/aug_0/final.pt,bd1dd34ce22e5109ef26d2a669402fad185e79405b247f2cc11313f4b7b72a4b,0.14067131689230927,-0.048178588695268365,motion_blur,pathmnist,0.11674296817947231,861,random,9,7180,4491,0.8207267845213714,0.05,0.9327354260089686,1.0,0.4424778761061947,0.9826498422712934,0.6086956521739131,0.44425675675675674,0.9595141700404858,0.5130641330166271,0.6934306569343066,0.1594707520891365,5744,42,8e82b8d02b5daa8cde32bb701668b76db23b29ea6b80c063641c11014dbcf4e4,1,42,0.4424778761061947
0.7622562674094707,0,0.09597315495486922,0.7221372624977573,0.3748895578699382,499,/mnt/prj01/hgrp-1502-5TB/xuxiaoyu/reliability_medmnistc_ab/formal_runs/cross_path_random_grapha2_sel42_43_train42_43_20260917/runs/pathmnist/random/ratio_0.05/selection_seed_42/train_seed_42/aug_0/final.pt,bd1dd34ce22e5109ef26d2a669402fad185e79405b247f2cc11313f4b7b72a4b,0.14929233365105699,-0.0482682801566412,motion_blur,pathmnist,0.12209504212675654,900,random,9,7180,4491,0.8664426428554582,0.05,0.929745889387145,1.0,0.46607669616519176,0.9605678233438486,0.5439613526570048,0.44256756756756754,0.9581646423751687,0.48931116389548696,0.7088402270884022,0.17183147632311976,5744,42,8e82b8d02b5daa8cde32bb701668b76db23b29ea6b80c063641c11014dbcf4e4,2,42,0.44256756756756754
0.7646239554317549,0,0.0942221674341833,0.7228587223026142,0.3718964698507862,499,/mnt/prj01/hgrp-1502-5TB/xuxiaoyu/reliability_medmnistc_ab/formal_runs/cross_path_random_grapha2_sel42_43_train42_43_20260917/runs/pathmnist/random/ratio_0.05/selection_seed_42/train_seed_42/aug_0/final.pt,bd1dd34ce22e5109ef26d2a669402fad185e79405b247f2cc11313f4b7b72a4b,0.14857087384620016,-0.03137638826474931,motion_blur,pathmnist,0.12479562673063993,898,random,9,7180,4491,0.8550744530666106,0.05,0.9319880418535127,1.0,0.4277286135693215,0.9810725552050473,0.5681159420289855,0.42567567567567566,0.9581646423751687,0.5130641330166271,0.699918896999189,0.17009052924791088,5744,42,8e82b8d02b5daa8cde32bb701668b76db23b29ea6b80c063641c11014dbcf4e4,3,42,0.42567567567567566
0.6213091922005571,0,0.22598731546579903,0.5716401459907181,0.6046932348112897,499,/mnt/prj01/hgrp-1502-5TB/xuxiaoyu/reliability_medmnistc_ab/formal_runs/cross_path_random_grapha2_sel42_43_train42_43_20260917/runs/pathmnist/random/ratio_0.05/selection_seed_42/train_seed_42/aug_0/final.pt,bd1dd34ce22e5109ef26d2a669402fad185e79405b247f2cc11313f4b7b72a4b,0.2997894501580962,0.15468576084087804,motion_blur,pathmnist,0.2206600617773021,1493,random,9,7180,4491,1.5115372222518257,0.05,0.9312406576980568,1.0,0.27728613569321536,0.5315457413249212,0.2396135265700483,0.3581081081081081,0.9109311740890689,0.37292161520190026,0.5231143552311436,0.32973537604456826,5744,42,8e82b8d02b5daa8cde32bb701668b76db23b29ea6b80c063641c11014dbcf4e4,4,42,0.2396135265700483
0.45668523676880224,0,0.379467447192949,0.40343785493811635,0.876051463532401,499,/mnt/prj01/hgrp-1502-5TB/xuxiaoyu/reliability_medmnistc_ab/formal_runs/cross_path_random_grapha2_sel42_43_train42_43_20260917/runs/pathmnist/random/ratio_0.05/selection_seed_42/train_seed_42/aug_0/final.pt,bd1dd34ce22e5109ef26d2a669402fad185e79405b247f2cc11313f4b7b72a4b,0.467991741210698,0.3595989719535131,motion_blur,pathmnist,0.357600051197833,2168,random,9,7180,4491,2.503066311628184,0.05,0.9035874439461884,1.0,0.2743362831858407,0.03470031545741325,0.10048309178743961,0.2905405405405405,0.5384615384615384,0.20902612826603326,0.2798053527980535,0.5034818941504178,5744,42,8e82b8d02b5daa8cde32bb701668b76db23b29ea6b80c063641c11014dbcf4e4,5,42,0.03470031545741325
0.8981894150417827,0,0.017893357318929003,0.8739080644325463,0.15288691602283921,499,/mnt/prj01/hgrp-1502-5TB/xuxiaoyu/reliability_medmnistc_ab/formal_runs/cross_path_random_grapha2_sel42_43_train42_43_20260917/runs/pathmnist/random/ratio_0.05/selection_seed_42/train_seed_42/aug_0/final.pt,bd1dd34ce22e5109ef26d2a669402fad185e79405b247f2cc11313f4b7b72a4b,-0.002478468283731994,-0.06413301662707838,pixelate,pathmnist,0.030948436687749742,284,random,9,7180,4491,0.3492075620405591,0.05,0.8976083707025411,1.0,0.9616519174041298,0.9921135646687698,0.9545893719806763,0.7347972972972973,0.9568151147098516,0.4584323040380047,0.9091646390916464,0.028899721448467967,5744,42,8e82b8d02b5daa8cde32bb701668b76db23b29ea6b80c063641c11014dbcf4e4,1,42,0.4584323040380047
0.8955431754874652,0,0.019382424881032662,0.8707801727176506,0.15992665421071134,499,/mnt/prj01/hgrp-1502-5TB/xuxiaoyu/reliability_medmnistc_ab/formal_runs/cross_path_random_grapha2_sel42_43_train42_43_20260917/runs/pathmnist/random/ratio_0.05/selection_seed_42/train_seed_42/aug_0/final.pt,bd1dd34ce22e5109ef26d2a669402fad185e79405b247f2cc11313f4b7b72a4b,0.0006494234311636982,-0.08788598574821854,pixelate,pathmnist,0.03161651093232594,298,random,9,7180,4491,0.3627637760703231,0.05,0.9103139013452914,1.0,0.9469026548672567,0.9968454258675079,0.9516908212560387,0.6993243243243243,0.9568151147098516,0.4821852731591449,0.8929440389294404,0.032729805013927575,5744,42,8e82b8d02b5daa8cde32bb701668b76db23b29ea6b80c063641c11014dbcf4e4,2,42,0.4821852731591449
0.8788300835654597,0,0.025104783849246474,0.8518963924179515,0.18496705131672075,499,/mnt/prj01/hgrp-1502-5TB/xuxiaoyu/reliability_medmnistc_ab/formal_runs/cross_path_random_grapha2_sel42_43_train42_43_20260917/runs/pathmnist/random/ratio_0.05/selection_seed_42/train_seed_42/aug_0/final.pt,bd1dd34ce22e5109ef26d2a669402fad185e79405b247f2cc11313f4b7b72a4b,0.01953320373086287,-0.11876484560570078,pixelate,pathmnist,0.04061117488942771,361,random,9,7180,4491,0.41136952918037634,0.05,0.9088191330343797,1.0,0.8938053097345132,0.9968454258675079,0.9371980676328503,0.6081081081081081,0.9446693657219973,0.5130641330166271,0.8645579886455799,0.04979108635097493,5744,42,8e82b8d02b5daa8cde32bb701668b76db23b29ea6b80c063641c11014dbcf4e4,3,42,0.5130641330166271
0.8590529247910863,0,0.03262968453189864,0.828533491556615,0.21260750024154748,499,/mnt/prj01/hgrp-1502-5TB/xuxiaoyu/reliability_medmnistc_ab/formal_runs/cross_path_random_grapha2_sel42_43_train42_43_20260917/runs/pathmnist/random/ratio_0.05/selection_seed_42/train_seed_42/aug_0/final.pt,bd1dd34ce22e5109ef26d2a669402fad185e79405b247f2cc11313f4b7b72a4b,0.04289610459219928,-0.07125890736342044,pixelate,pathmnist,0.04598319925637633,411,random,9,7180,4491,0.47110792179648076,0.05,0.8901345291479821,1.0,0.8761061946902655,0.9952681388012619,0.8888888888888888,0.5202702702702703,0.9487179487179487,0.4655581947743468,0.8718572587185726,0.06528551532033426,5744,42,8e82b8d02b5daa8cde32bb701668b76db23b29ea6b80c063641c11014dbcf4e4,4,42,0.4655581947743468
0.7940111420612813,0,0.06729472261825127,0.7729597143059181,0.31018306382704325,499,/mnt/prj01/hgrp-1502-5TB/xuxiaoyu/reliability_medmnistc_ab/formal_runs/cross_path_random_grapha2_sel42_43_train42_43_20260917/runs/pathmnist/random/ratio_0.05/selection_seed_42/train_seed_42/aug_0/final.pt,bd1dd34ce22e5109ef26d2a669402fad185e79405b247f2cc11313f4b7b72a4b,0.09846988184289618,-0.05463182897862234,pixelate,pathmnist,0.07993454042417422,632,random,9,7180,4491,0.6809953137409108,0.05,0.8116591928251121,1.0,0.7876106194690266,0.9889589905362776,0.7227053140096619,0.4797297297297297,0.9433198380566802,0.4489311163895487,0.7737226277372263,0.12987465181058497,5744,42,8e82b8d02b5daa8cde32bb701668b76db23b29ea6b80c063641c11014dbcf4e4,5,42,0.4489311163895487
0.8860724233983287,0,0.028522449699796174,0.8652440646943744,0.17309208747439359,499,/mnt/prj01/hgrp-1502-5TB/xuxiaoyu/reliability_medmnistc_ab/formal_runs/cross_path_random_grapha2_sel42_43_train42_43_20260917/runs/pathmnist/random/ratio_0.05/selection_seed_42/train_seed_42/aug_0/final.pt,bd1dd34ce22e5109ef26d2a669402fad185e79405b247f2cc11313f4b7b72a4b,0.0061855314544398965,-0.019002375296912122,saturate,pathmnist,0.028113963529675143,300,random,9,7180,4491,0.398260864234099,0.05,0.9633781763826607,1.0,0.9587020648967551,0.9305993690851735,0.9091787439613527,0.8682432432432432,0.951417004048583,0.41330166270783847,0.7923763179237632,0.04091225626740947,5744,42,8e82b8d02b5daa8cde32bb701668b76db23b29ea6b80c063641c11014dbcf4e4,1,42,0.41330166270783847
0.708217270194986,0,0.13115612420941086,0.7136609655428764,0.4446874209706709,499,/mnt/prj01/hgrp-1502-5TB/xuxiaoyu/reliability_medmnistc_ab/formal_runs/cross_path_random_grapha2_sel42_43_train42_43_20260917/runs/pathmnist/random/ratio_0.05/selection_seed_42/train_seed_42/aug_0/final.pt,bd1dd34ce22e5109ef26d2a669402fad185e79405b247f2cc11313f4b7b72a4b,0.15776863060593793,0.045130641330166255,saturate,pathmnist,0.1466829561921547,962,random,9,7180,4491,0.9907068213735747,0.05,0.8609865470852018,1.0,0.8702064896755162,0.580441640378549,0.6096618357487923,0.893581081081081,0.8866396761133604,0.3491686460807601,0.3722627737226277,0.22458217270194986,5744,42,8e82b8d02b5daa8cde32bb701668b76db23b29ea6b80c063641c11014dbcf4e4,2,42,0.3491686460807601
0.5002785515320334,0,0.31508465296548926,0.5352228070223596,0.7969724223176982,499,/mnt/prj01/hgrp-1502-5TB/xuxiaoyu/reliability_medmnistc_ab/formal_runs/cross_path_random_grapha2_sel42_43_train42_43_20260917/runs/pathmnist/random/ratio_0.05/selection_seed_42/train_seed_42/aug_0/final.pt,bd1dd34ce22e5109ef26d2a669402fad185e79405b247f2cc11313f4b7b72a4b,0.33620678912645474,0.33347203680265386,saturate,pathmnist,0.32721643145909546,1962,random,9,7180,4491,2.0260492875823655,0.05,0.6696562032884903,1.0,0.7050147492625368,0.45425867507886436,0.09371980676328502,0.8952702702702703,0.7031039136302294,0.23515439429928742,0.06082725060827251,0.4474233983286908,5744,42,8e82b8d02b5daa8cde32bb701668b76db23b29ea6b80c063641c11014dbcf4e4,3,42,0.06082725060827251
0.3706128133704735,0,0.47155007325467596,0.412809307807114,1.0210867821806957,499,/mnt/prj01/hgrp-1502-5TB/xuxiaoyu/reliability_medmnistc_ab/formal_runs/cross_path_random_grapha2_sel42_43_train42_43_20260917/runs/pathmnist/random/ratio_0.05/selection_seed_42/train_seed_42/aug_0/final.pt,bd1dd34ce22e5109ef26d2a669402fad185e79405b247f2cc11313f4b7b72a4b,0.4586202883417003,0.39267722739470573,saturate,pathmnist,0.44408274132934783,2525,random,9,7180,4491,2.8645265121178674,0.05,0.4125560538116592,1.0,0.5398230088495575,0.4037854889589905,0.01352657004830918,0.8952702702702703,0.27530364372469635,0.17339667458432304,0.0016220600162206002,0.5936629526462396,5744,42,8e82b8d02b5daa8cde32bb701668b76db23b29ea6b80c063641c11014dbcf4e4,4,42,0.0016220600162206002
0.25055710306406687,0,0.6394598340186427,0.3008772263504944,1.2057340060393036,499,/mnt/prj01/hgrp-1502-5TB/xuxiaoyu/reliability_medmnistc_ab/formal_runs/cross_path_random_grapha2_sel42_43_train42_43_20260917/runs/pathmnist/random/ratio_0.05/selection_seed_42/train_seed_42/aug_0/final.pt,bd1dd34ce22e5109ef26d2a669402fad185e79405b247f2cc11313f4b7b72a4b,0.5705523697983199,0.39429928741092635,saturate,pathmnist,0.546100274710021,2982,random,9,7180,4491,3.451978910794989,0.05,0.19955156950672645,0.6469893742621016,0.49852507374631266,0.35646687697160884,0.007729468599033816,0.893581081081081,0.024291497975708502,0.08076009501187649,0.0,0.7170961002785515,5744,42,8e82b8d02b5daa8cde32bb701668b76db23b29ea6b80c063641c11014dbcf4e4,5,42,0.0
0.8938718662952646,0,0.01879127925184666,0.8670552053651542,0.15800764051038402,499,/mnt/prj01/hgrp-1502-5TB/xuxiaoyu/reliability_medmnistc_ab/formal_runs/cross_path_random_grapha2_sel42_43_train42_43_20260917/runs/pathmnist/random/ratio_0.05/selection_seed_42/train_seed_42/aug_0/final.pt,bd1dd34ce22e5109ef26d2a669402fad185e79405b247f2cc11313f4b7b72a4b,0.004374390783660087,0.002375296912114022,stain_deposit,pathmnist,0.025371050930122797,269,random,9,7180,4491,0.3595718251892222,0.05,0.8871449925261584,1.0,0.967551622418879,0.9858044164037855,0.961352657004831,0.7550675675675675,0.9406207827260459,0.3919239904988123,0.9140308191403081,0.03168523676880223,5744,42,8e82b8d02b5daa8cde32bb701668b76db23b29ea6b80c063641c11014dbcf4e4,1,42,0.3919239904988123
0.8910863509749304,0,0.0200980594312841,0.8636691613653276,0.16258869002534496,499,/mnt/prj01/hgrp-1502-5TB/xuxiaoyu/reliability_medmnistc_ab/formal_runs/cross_path_random_grapha2_sel42_43_train42_43_20260917/runs/pathmnist/random/ratio_0.05/selection_seed_42/train_seed_42/aug_0/final.pt,bd1dd34ce22e5109ef26d2a669402fad185e79405b247f2cc11313f4b7b72a4b,0.007760434783486758,0.026128266033254133,stain_deposit,pathmnist,0.022068448576422484,267,random,9,7180,4491,0.3695599343657902,0.05,0.890881913303438,1.0,0.9705014749262537,0.9889589905362776,0.9545893719806763,0.7533783783783784,0.9406207827260459,0.3681710213776722,0.9059205190592052,0.036211699164345405,5744,42,8e82b8d02b5daa8cde32bb701668b76db23b29ea6b80c063641c11014dbcf4e4,2,42,0.3681710213776722
0.887883008356546,0,0.020703942499238348,0.8627378837047363,0.1675148001421907,499,/mnt/prj01/hgrp-1502-5TB/xuxiaoyu/reliability_medmnistc_ab/formal_runs/cross_path_random_grapha2_sel42_43_train42_43_20260917/runs/pathmnist/random/ratio_0.05/selection_seed_42/train_seed_42/aug_0/final.pt,bd1dd34ce22e5109ef26d2a669402fad185e79405b247f2cc11313f4b7b72a4b,0.00869171244407807,-0.004750593824228044,stain_deposit,pathmnist,0.019546185307266956,261,random,9,7180,4491,0.37930259831388924,0.05,0.8863976083707026,1.0,0.9705014749262537,0.9858044164037855,0.957487922705314,0.7415540540540541,0.9325236167341431,0.3990498812351544,0.8913219789132197,0.03899721448467967,5744,42,8e82b8d02b5daa8cde32bb701668b76db23b29ea6b80c063641c11014dbcf4e4,3,42,0.3990498812351544
0.8827298050139276,0,0.023378777808011737,0.8551979786986728,0.17779782166481523,499,/mnt/prj01/hgrp-1502-5TB/xuxiaoyu/reliability_medmnistc_ab/formal_runs/cross_path_random_grapha2_sel42_43_train42_43_20260917/runs/pathmnist/random/ratio_0.05/selection_seed_42/train_seed_42/aug_0/final.pt,bd1dd34ce22e5109ef26d2a669402fad185e79405b247f2cc11313f4b7b72a4b,0.016231617450141567,0.02375296912114011,stain_deposit,pathmnist,0.021399626912014746,256,random,9,7180,4491,0.4041975124217647,0.05,0.8931240657698056,1.0,0.967551622418879,0.9810725552050473,0.9584541062801932,0.7297297297297297,0.9122807017543859,0.37054631828978624,0.884022708840227,0.04578690807799443,5744,42,8e82b8d02b5daa8cde32bb701668b76db23b29ea6b80c063641c11014dbcf4e4,4,42,0.37054631828978624
0.8686629526462396,0,0.027199882244399707,0.8423690546235201,0.19294786588970617,499,/mnt/prj01/hgrp-1502-5TB/xuxiaoyu/reliability_medmnistc_ab/formal_runs/cross_path_random_grapha2_sel42_43_train42_43_20260917/runs/pathmnist/random/ratio_0.05/selection_seed_42/train_seed_42/aug_0/final.pt,bd1dd34ce22e5109ef26d2a669402fad185e79405b247f2cc11313f4b7b72a4b,0.029060541525294248,0.0498812351543943,stain_deposit,pathmnist,0.016791556497470245,225,random,9,7180,4491,0.43991087151125063,0.05,0.8721973094170403,1.0,0.9734513274336283,0.9511041009463722,0.9632850241545894,0.7297297297297297,0.8906882591093117,0.34441805225653205,0.8564476885644768,0.051357938718662954,5744,42,8e82b8d02b5daa8cde32bb701668b76db23b29ea6b80c063641c11014dbcf4e4,5,42,0.34441805225653205
0.9110027855153203,0,0.016861546908309512,0.8821838254845408,0.13968947357306638,499,/mnt/prj01/hgrp-1502-5TB/xuxiaoyu/reliability_medmnistc_ab/formal_runs/cross_path_random_grapha2_sel42_43_train42_43_20260917/runs/pathmnist/random/ratio_0.05/selection_seed_42/train_seed_43/aug_0/final.pt,d3626ce451b88a36198b0e0e5ff9bdabe63990088411beaf41ec21cb3b2c4056,,,clean,pathmnist,0.027919004706038045,286,random,9,7180,4491,0.3327081936623554,0.05,0.9312406576980568,1.0,0.967551622418879,0.9826498422712934,0.9652173913043478,0.7584459459459459,0.9568151147098516,0.4418052256532066,0.9359286293592863,0.027158774373259052,5744,42,8e82b8d02b5daa8cde32bb701668b76db23b29ea6b80c063641c11014dbcf4e4,0,43,0.4418052256532066
0.6232590529247911,0,0.16195699286394477,0.5459160573585629,0.5816854332295022,499,/mnt/prj01/hgrp-1502-5TB/xuxiaoyu/reliability_medmnistc_ab/formal_runs/cross_path_random_grapha2_sel42_43_train42_43_20260917/runs/pathmnist/random/ratio_0.05/selection_seed_42/train_seed_43/aug_0/final.pt,d3626ce451b88a36198b0e0e5ff9bdabe63990088411beaf41ec21cb3b2c4056,0.3362677681259779,0.40971063105861205,brightness_down,pathmnist,0.21751850225799269,1235,random,9,7180,4491,1.5397965933871,0.05,0.9977578475336323,1.0,0.5014749262536873,0.6908517350157729,0.49082125603864735,0.03209459459459459,0.4817813765182186,0.10451306413301663,0.6139497161394971,0.2983983286908078,5744,42,8e82b8d02b5daa8cde32bb701668b76db23b29ea6b80c063641c11014dbcf4e4,1,43,0.03209459459459459
0.42298050139275767,0,0.28969703745309844,0.3534087511033215,0.9137063845548234,499,/mnt/prj01/hgrp-1502-5TB/xuxiaoyu/reliability_medmnistc_ab/formal_runs/cross_path_random_grapha2_sel42_43_train42_43_20260917/runs/pathmnist/random/ratio_0.05/selection_seed_42/train_seed_43/aug_0/final.pt,d3626ce451b88a36198b0e0e5ff9bdabe63990088411beaf41ec21cb3b2c4056,0.5287750743812193,0.4323040380047506,brightness_down,pathmnist,0.4047506563427721,2116,random,9,7180,4491,2.518763997916457,0.05,0.9342301943198804,1.0,0.49852507374631266,0.052050473186119876,0.20096618357487922,0.02195945945945946,0.11875843454790823,0.009501187648456057,0.3446877534468775,0.5194986072423399,5744,42,8e82b8d02b5daa8cde32bb701668b76db23b29ea6b80c063641c11014dbcf4e4,2,43,0.009501187648456057
0.313091922005571,0,0.4277059790435682,0.2724674601089631,1.1704021259187043,499,/mnt/prj01/hgrp-1502-5TB/xuxiaoyu/reliability_medmnistc_ab/formal_runs/cross_path_random_grapha2_sel42_43_train42_43_20260917/runs/pathmnist/random/ratio_0.05/selection_seed_42/train_seed_43/aug_0/final.pt,d3626ce451b88a36198b0e0e5ff9bdabe63990088411beaf41ec21cb3b2c4056,0.6097163653755777,0.4418052256532066,brightness_down,pathmnist,0.54604407725726,3092,random,9,7180,4491,3.6767212870093564,0.05,0.8213751868460388,1.0,0.49852507374631266,0.0,0.07439613526570048,0.02195945945945946,0.002699055330634278,0.0,0.0332522303325223,0.6274373259052924,5744,42,8e82b8d02b5daa8cde32bb701668b76db23b29ea6b80c063641c11014dbcf4e4,3,43,0.0
0.20821727019498606,0,0.5744638237082669,0.2067931821426467,1.4260940155258668,499,/mnt/prj01/hgrp-1502-5TB/xuxiaoyu/reliability_medmnistc_ab/formal_runs/cross_path_random_grapha2_sel42_43_train42_43_20260917/runs/pathmnist/random/ratio_0.05/selection_seed_42/train_seed_43/aug_0/final.pt,d3626ce451b88a36198b0e0e5ff9bdabe63990088411beaf41ec21cb3b2c4056,0.6753906433418941,0.4418052256532066,brightness_down,pathmnist,0.6911610059377875,4395,random,9,7180,4491,4.81364204996811,0.05,0.34080717488789236,1.0,0.49852507374631266,0.0,0.008695652173913044,0.0033783783783783786,0.0,0.0,0.009732360097323601,0.7639275766016713,5744,42,8e82b8d02b5daa8cde32bb701668b76db23b29ea6b80c063641c11014dbcf4e4,4,43,0.0
0.15125348189415042,0,0.6415010918912717,0.1723754437012135,1.6055389555664865,499,/mnt/prj01/hgrp-1502-5TB/xuxiaoyu/reliability_medmnistc_ab/formal_runs/cross_path_random_grapha2_sel42_43_train42_43_20260917/runs/pathmnist/random/ratio_0.05/selection_seed_42/train_seed_43/aug_0/final.pt,d3626ce451b88a36198b0e0e5ff9bdabe63990088411beaf41ec21cb3b2c4056,0.7098083817833273,0.4418052256532066,brightness_down,pathmnist,0.7953334207799607,5447,random,9,7180,4491,5.787581704119862,0.05,0.04783258594917788,1.0,0.49852507374631266,0.0,0.000966183574879227,0.0,0.0,0.0,0.0040551500405515,0.8225974930362117,5744,42,8e82b8d02b5daa8cde32bb701668b76db23b29ea6b80c063641c11014dbcf4e4,5,43,0.0
0.5341225626740947,0,0.24557565090780123,0.5634571531585972,0.6928864689643794,499,/mnt/prj01/hgrp-1502-5TB/xuxiaoyu/reliability_medmnistc_ab/formal_runs/cross_path_random_grapha2_sel42_43_train42_43_20260917/runs/pathmnist/random/ratio_0.05/selection_seed_42/train_seed_43/aug_0/final.pt,d3626ce451b88a36198b0e0e5ff9bdabe63990088411beaf41ec21cb3b2c4056,0.31872667232594354,0.3027917727384084,brightness_up,pathmnist,0.26443024023869244,1354,random,9,7180,4491,1.67625664078014,0.05,0.13901345291479822,1.0,0.8938053097345132,0.3864353312302839,0.5400966183574879,0.8412162162162162,0.32388663967611336,0.2589073634204275,0.6877534468775345,0.39223537604456826,5744,42,8e82b8d02b5daa8cde32bb701668b76db23b29ea6b80c063641c11014dbcf4e4,1,43,0.13901345291479822
0.2977715877437326,0,0.4916598673668569,0.35109601383516276,1.1396918851312101,499,/mnt/prj01/hgrp-1502-5TB/xuxiaoyu/reliability_medmnistc_ab/formal_runs/cross_path_random_grapha2_sel42_43_train42_43_20260917/runs/pathmnist/random/ratio_0.05/selection_seed_42/train_seed_43/aug_0/final.pt,d3626ce451b88a36198b0e0e5ff9bdabe63990088411beaf41ec21cb3b2c4056,0.531087811649378,0.4178889326786177,brightness_up,pathmnist,0.523165519784586,2940,random,9,7180,4491,3.086022345841245,0.05,0.02391629297458894,1.0,0.7522123893805309,0.08675078864353312,0.06086956521739131,0.7533783783783784,0.09986504723346828,0.13064133016627077,0.2522303325223033,0.6700905292479109,5744,42,8e82b8d02b5daa8cde32bb701668b76db23b29ea6b80c063641c11014dbcf4e4,2,43,0.02391629297458894
0.22395543175487465,0,0.5736330690986696,0.2751059643351171,1.3217776392928553,499,/mnt/prj01/hgrp-1502-5TB/xuxiaoyu/reliability_medmnistc_ab/formal_runs/cross_path_random_grapha2_sel42_43_train42_43_20260917/runs/pathmnist/random/ratio_0.05/selection_seed_42/train_seed_43/aug_0/final.pt,d3626ce451b88a36198b0e0e5ff9bdabe63990088411beaf41ec21cb3b2c4056,0.6070778611494236,0.43890667492856894,brightness_up,pathmnist,0.6207306731585672,3654,random,9,7180,4491,3.9380473272886722,0.05,0.008968609865470852,1.0,0.6342182890855457,0.014195583596214511,0.002898550724637681,0.6469594594594594,0.014844804318488529,0.07600950118764846,0.07785888077858881,0.7534818941504178,5744,42,8e82b8d02b5daa8cde32bb701668b76db23b29ea6b80c063641c11014dbcf4e4,3,43,0.002898550724637681
0.20766016713091923,0,0.5955478987667506,0.2572365516200301,1.363104758629885,499,/mnt/prj01/hgrp-1502-5TB/xuxiaoyu/reliability_medmnistc_ab/formal_runs/cross_path_random_grapha2_sel42_43_train42_43_20260917/runs/pathmnist/random/ratio_0.05/selection_seed_42/train_seed_43/aug_0/final.pt,d3626ce451b88a36198b0e0e5ff9bdabe63990088411beaf41ec21cb3b2c4056,0.6249472738645107,0.44105784149775074,brightness_up,pathmnist,0.6474011619920352,3850,random,9,7180,4491,4.164425831254707,0.05,0.0007473841554559044,1.0,0.5988200589970502,0.0031545741324921135,0.000966183574879227,0.5962837837837838,0.008097165991902834,0.0665083135391924,0.040551500405515,0.7674094707520891,5744,42,8e82b8d02b5daa8cde32bb701668b76db23b29ea6b80c063641c11014dbcf4e4,4,43,0.0007473841554559044
0.19428969359331477,0,0.626428219208203,0.239078812158927,1.4028430829879974,499,/mnt/prj01/hgrp-1502-5TB/xuxiaoyu/reliability_medmnistc_ab/formal_runs/cross_path_random_grapha2_sel42_43_train42_43_20260917/runs/pathmnist/random/ratio_0.05/selection_seed_42/train_seed_43/aug_0/final.pt,d3626ce451b88a36198b0e0e5ff9bdabe63990088411beaf41ec21cb3b2c4056,0.6431050133256138,0.4418052256532066,brightness_up,pathmnist,0.6685037552916073,4032,random,9,7180,4491,4.42200990551081,0.05,0.0,1.0,0.5575221238938053,0.0,0.0,0.5236486486486487,0.002699055330634278,0.04513064133016627,0.0227088402270884,0.7813370473537604,5744,42,8e82b8d02b5daa8cde32bb701668b76db23b29ea6b80c063641c11014dbcf4e4,5,43,0.0
0.9041782729805014,0,0.01841731361252874,0.8780661018078642,0.1492850208520027,499,/mnt/prj01/hgrp-1502-5TB/xuxiaoyu/reliability_medmnistc_ab/formal_runs/cross_path_random_grapha2_sel42_43_train42_43_20260917/runs/pathmnist/random/ratio_0.05/selection_seed_42/train_seed_43/aug_0/final.pt,d3626ce451b88a36198b0e0e5ff9bdabe63990088411beaf41ec21cb3b2c4056,0.004117723676676621,-0.03562945368171022,bubble,pathmnist,0.028938823228593,299,random,9,7180,4491,0.3457445471200364,0.05,0.922272047832586,1.0,0.967551622418879,0.9810725552050473,0.970048309178744,0.7128378378378378,0.9622132253711201,0.47743467933491684,0.9091646390916464,0.03307799442896936,5744,42,8e82b8d02b5daa8cde32bb701668b76db23b29ea6b80c063641c11014dbcf4e4,1,43,0.47743467933491684
0.8945682451253482,0,0.01973281695322473,0.8708953280021695,0.15780919015929742,499,/mnt/prj01/hgrp-1502-5TB/xuxiaoyu/reliability_medmnistc_ab/formal_runs/cross_path_random_grapha2_sel42_43_train42_43_20260917/runs/pathmnist/random/ratio_0.05/selection_seed_42/train_seed_43/aug_0/final.pt,d3626ce451b88a36198b0e0e5ff9bdabe63990088411beaf41ec21cb3b2c4056,0.011288497482371262,-0.03562945368171022,bubble,pathmnist,0.03192416823009927,300,random,9,7180,4491,0.35843506118053725,0.05,0.914050822122571,1.0,0.9646017699115044,0.9826498422712934,0.970048309178744,0.6976351351351351,0.9622132253711201,0.47743467933491684,0.8694241686942417,0.035515320334261836,5744,42,8e82b8d02b5daa8cde32bb701668b76db23b29ea6b80c063641c11014dbcf4e4,2,43,0.47743467933491684
0.8940111420612813,0,0.020355097188786246,0.8699401729583733,0.16180870801464622,499,/mnt/prj01/hgrp-1502-5TB/xuxiaoyu/reliability_medmnistc_ab/formal_runs/cross_path_random_grapha2_sel42_43_train42_43_20260917/runs/pathmnist/random/ratio_0.05/selection_seed_42/train_seed_43/aug_0/final.pt,d3626ce451b88a36198b0e0e5ff9bdabe63990088411beaf41ec21cb3b2c4056,0.012243652526167437,-0.009501187648456089,bubble,pathmnist,0.029333185512458365,303,random,9,7180,4491,0.36455956781498944,0.05,0.9155455904334828,1.0,0.967551622418879,0.9842271293375394,0.9748792270531401,0.7094594594594594,0.9676113360323887,0.4513064133016627,0.8588807785888077,0.03743036211699164,5744,42,8e82b8d02b5daa8cde32bb701668b76db23b29ea6b80c063641c11014dbcf4e4,3,43,0.4513064133016627
0.8855153203342618,0,0.02343161098341867,0.864354267847339,0.1738116125555513,499,/mnt/prj01/hgrp-1502-5TB/xuxiaoyu/reliability_medmnistc_ab/formal_runs/cross_path_random_grapha2_sel42_43_train42_43_20260917/runs/pathmnist/random/ratio_0.05/selection_seed_42/train_seed_43/aug_0/final.pt,d3626ce451b88a36198b0e0e5ff9bdabe63990088411beaf41ec21cb3b2c4056,0.01782955763720173,-0.057007125890736365,bubble,pathmnist,0.03121801661664728,304,random,9,7180,4491,0.3888391167690418,0.05,0.914050822122571,1.0,0.9616519174041298,0.9810725552050473,0.9748792270531401,0.6638513513513513,0.9608636977058029,0.498812351543943,0.8240064882400648,0.04247910863509749,5744,42,8e82b8d02b5daa8cde32bb701668b76db23b29ea6b80c063641c11014dbcf4e4,4,43,0.498812351543943
0.8722841225626741,0,0.02777950030359859,0.8510934190722735,0.1922371749025616,499,/mnt/prj01/hgrp-1502-5TB/xuxiaoyu/reliability_medmnistc_ab/formal_runs/cross_path_random_grapha2_sel42_43_train42_43_20260917/runs/pathmnist/random/ratio_0.05/selection_seed_42/train_seed_43/aug_0/final.pt,d3626ce451b88a36198b0e0e5ff9bdabe63990088411beaf41ec21cb3b2c4056,0.031090406412267235,-0.038004750593824244,bubble,pathmnist,0.03372844391006946,347,random,9,7180,4491,0.42137928868031765,0.05,0.8923766816143498,1.0,0.9410029498525073,0.9763406940063092,0.9729468599033816,0.6368243243243243,0.9608636977058029,0.47980997624703087,0.7996755879967559,0.05396935933147632,5744,42,8e82b8d02b5daa8cde32bb701668b76db23b29ea6b80c063641c11014dbcf4e4,5,43,0.47980997624703087
0.7853760445682452,0,0.07503998377648889,0.7185618928256918,0.33685161657538004,499,/mnt/prj01/hgrp-1502-5TB/xuxiaoyu/reliability_medmnistc_ab/formal_runs/cross_path_random_grapha2_sel42_43_train42_43_20260917/runs/pathmnist/random/ratio_0.05/selection_seed_42/train_seed_43/aug_0/final.pt,d3626ce451b88a36198b0e0e5ff9bdabe63990088411beaf41ec21cb3b2c4056,0.16362193265884895,0.2711971175450985,contrast_down,pathmnist,0.10500690295337634,731,random,9,7180,4491,0.857645789229388,0.05,0.7922272047832586,1.0,0.6047197640117994,0.9842271293375394,0.9178743961352657,0.17060810810810811,0.8259109311740891,0.2517814726840855,0.9197080291970803,0.1328342618384401,5744,42,8e82b8d02b5daa8cde32bb701668b76db23b29ea6b80c063641c11014dbcf4e4,1,43,0.17060810810810811
0.670891364902507,0,0.15456135480202227,0.5927291849465006,0.5209260579532595,499,/mnt/prj01/hgrp-1502-5TB/xuxiaoyu/reliability_medmnistc_ab/formal_runs/cross_path_random_grapha2_sel42_43_train42_43_20260917/runs/pathmnist/random/ratio_0.05/selection_seed_42/train_seed_43/aug_0/final.pt,d3626ce451b88a36198b0e0e5ff9bdabe63990088411beaf41ec21cb3b2c4056,0.28945464053804015,0.418156577004558,contrast_down,pathmnist,0.17748656568836035,1149,random,9,7180,4491,1.3721521664296246,0.05,0.7197309417040358,1.0,0.49852507374631266,0.9132492113564669,0.8251207729468599,0.02364864864864865,0.44129554655870445,0.07600950118764846,0.8369829683698297,0.2621866295264624,5744,42,8e82b8d02b5daa8cde32bb701668b76db23b29ea6b80c063641c11014dbcf4e4,2,43,0.02364864864864865
0.5182451253481895,0,0.280578252475432,0.4503763132275935,0.7535460470813334,499,/mnt/prj01/hgrp-1502-5TB/xuxiaoyu/reliability_medmnistc_ab/formal_runs/cross_path_random_grapha2_sel42_43_train42_43_20260917/runs/pathmnist/random/ratio_0.05/selection_seed_42/train_seed_43/aug_0/final.pt,d3626ce451b88a36198b0e0e5ff9bdabe63990088411beaf41ec21cb3b2c4056,0.43180751225694725,0.4418052256532066,contrast_down,pathmnist,0.30955387417403435,1779,random,9,7180,4491,2.0189998577373514,0.05,0.6674140508221226,1.0,0.45427728613569324,0.6214511041009464,0.6850241545893719,0.0016891891891891893,0.0931174089068826,0.0,0.5304136253041363,0.42409470752089135,5744,42,8e82b8d02b5daa8cde32bb701668b76db23b29ea6b80c063641c11014dbcf4e4,3,43,0.0
0.4541782729805014,0,0.3517020609312309,0.37287142988318,0.8810443878614311,499,/mnt/prj01/hgrp-1502-5TB/xuxiaoyu/reliability_medmnistc_ab/formal_runs/cross_path_random_grapha2_sel42_43_train42_43_20260917/runs/pathmnist/random/ratio_0.05/selection_seed_42/train_seed_43/aug_0/final.pt,d3626ce451b88a36198b0e0e5ff9bdabe63990088411beaf41ec21cb3b2c4056,0.5093123956013608,0.4418052256532066,contrast_down,pathmnist,0.37915838512911104,2224,random,9,7180,4491,2.422644224850338,0.05,0.6666666666666666,1.0,0.17404129793510326,0.4479495268138801,0.6106280193236715,0.0,0.032388663967611336,0.0,0.42416869424168696,0.5017409470752089,5744,42,8e82b8d02b5daa8cde32bb701668b76db23b29ea6b80c063641c11014dbcf4e4,4,43,0.0
0.38662952646239557,0,0.4206736997674292,0.3072256405396381,1.011546999248224,499,/mnt/prj01/hgrp-1502-5TB/xuxiaoyu/reliability_medmnistc_ab/formal_runs/cross_path_random_grapha2_sel42_43_train42_43_20260917/runs/pathmnist/random/ratio_0.05/selection_seed_42/train_seed_43/aug_0/final.pt,d3626ce451b88a36198b0e0e5ff9bdabe63990088411beaf41ec21cb3b2c4056,0.5749581849449027,0.4418052256532066,contrast_down,pathmnist,0.4594862245396818,2692,random,9,7180,4491,2.933432239772185,0.05,0.6524663677130045,1.0,0.04129793510324484,0.2807570977917981,0.518840579710145,0.0,0.016194331983805668,0.0,0.25547445255474455,0.570508356545961,5744,42,8e82b8d02b5daa8cde32bb701668b76db23b29ea6b80c063641c11014dbcf4e4,5,43,0.0
0.8841225626740947,0,0.03253490858034784,0.8604440185488983,0.18244603300454706,499,/mnt/prj01/hgrp-1502-5TB/xuxiaoyu/reliability_medmnistc_ab/formal_runs/cross_path_random_grapha2_sel42_43_train42_43_20260917/runs/pathmnist/random/ratio_0.05/selection_seed_42/train_seed_43/aug_0/final.pt,d3626ce451b88a36198b0e0e5ff9bdabe63990088411beaf41ec21cb3b2c4056,0.02173980693564248,0.028503562945368155,contrast_up,pathmnist,0.032016289553768465,355,random,9,7180,4491,0.43427095712654845,0.05,0.9409566517189836,1.0,0.9646017699115044,0.8801261829652997,0.9342995169082126,0.8800675675675675,0.8920377867746289,0.41330166270783847,0.8386050283860503,0.054491643454039,5744,42,8e82b8d02b5daa8cde32bb701668b76db23b29ea6b80c063641c11014dbcf4e4,1,43,0.41330166270783847
0.7126740947075209,0,0.14042061826637384,0.7092699209463176,0.45973093854497576,499,/mnt/prj01/hgrp-1502-5TB/xuxiaoyu/reliability_medmnistc_ab/formal_runs/cross_path_random_grapha2_sel42_43_train42_43_20260917/runs/pathmnist/random/ratio_0.05/selection_seed_42/train_seed_43/aug_0/final.pt,d3626ce451b88a36198b0e0e5ff9bdabe63990088411beaf41ec21cb3b2c4056,0.1729139045382232,0.08551068883610446,contrast_up,pathmnist,0.1574066962372294,1163,random,9,7180,4491,1.0878985418776144,0.05,0.9230194319880418,1.0,0.8731563421828908,0.6041009463722398,0.7314009661835749,0.8986486486486487,0.6342780026990553,0.35629453681710216,0.36253041362530414,0.23276462395543177,5744,42,8e82b8d02b5daa8cde32bb701668b76db23b29ea6b80c063641c11014dbcf4e4,2,43,0.35629453681710216
0.5533426183844011,0,0.29553081013624094,0.5612021314609081,0.7462512739758285,499,/mnt/prj01/hgrp-1502-5TB/xuxiaoyu/reliability_medmnistc_ab/formal_runs/cross_path_random_grapha2_sel42_43_train42_43_20260917/runs/pathmnist/random/ratio_0.05/selection_seed_42/train_seed_43/aug_0/final.pt,d3626ce451b88a36198b0e0e5ff9bdabe63990088411beaf41ec21cb3b2c4056,0.32098169402363264,0.3615132548502869,contrast_up,pathmnist,0.30529108226382295,2086,random,9,7180,4491,1.9944967530331628,0.05,0.882660687593423,1.0,0.6637168141592921,0.5299684542586751,0.36231884057971014,0.8986486486486487,0.3481781376518219,0.2850356294536817,0.08029197080291971,0.40947075208913647,5744,42,8e82b8d02b5daa8cde32bb701668b76db23b29ea6b80c063641c11014dbcf4e4,3,43,0.08029197080291971
0.46030640668523676,0,0.40076338426856284,0.4649718009441686,0.9077187024504682,499,/mnt/prj01/hgrp-1502-5TB/xuxiaoyu/reliability_medmnistc_ab/formal_runs/cross_path_random_grapha2_sel42_43_train42_43_20260917/runs/pathmnist/random/ratio_0.05/selection_seed_42/train_seed_43/aug_0/final.pt,d3626ce451b88a36198b0e0e5ff9bdabe63990088411beaf41ec21cb3b2c4056,0.41721202454037215,0.4126081453612358,contrast_up,pathmnist,0.3817436611378425,2477,random,9,7180,4491,2.5876332187959115,0.05,0.8131539611360239,1.0,0.4837758112094395,0.43375394321766564,0.1497584541062802,0.8851351351351351,0.16194331983805668,0.22802850356294538,0.029197080291970802,0.5053969359331476,5744,42,8e82b8d02b5daa8cde32bb701668b76db23b29ea6b80c063641c11014dbcf4e4,4,43,0.029197080291970802
0.3476323119777159,0,0.5266516593764228,0.34890058329301654,1.058384473965537,499,/mnt/prj01/hgrp-1502-5TB/xuxiaoyu/reliability_medmnistc_ab/formal_runs/cross_path_random_grapha2_sel42_43_train42_43_20260917/runs/pathmnist/random/ratio_0.05/selection_seed_42/train_seed_43/aug_0/final.pt,d3626ce451b88a36198b0e0e5ff9bdabe63990088411beaf41ec21cb3b2c4056,0.5332832421915242,0.42963977553155214,contrast_up,pathmnist,0.44920064439597573,2574,random,9,7180,4491,2.9966344380366334,0.05,0.6315396113602392,0.9822904368358913,0.3392330383480826,0.07097791798107256,0.03961352657004831,0.847972972972973,0.0310391363022942,0.18527315914489312,0.012165450121654502,0.6284818941504178,5744,42,8e82b8d02b5daa8cde32bb701668b76db23b29ea6b80c063641c11014dbcf4e4,5,43,0.012165450121654502
0.749025069637883,0,0.09347821195195939,0.7259052257603745,0.3993586967066404,499,/mnt/prj01/hgrp-1502-5TB/xuxiaoyu/reliability_medmnistc_ab/formal_runs/cross_path_random_grapha2_sel42_43_train42_43_20260917/runs/pathmnist/random/ratio_0.05/selection_seed_42/train_seed_43/aug_0/final.pt,d3626ce451b88a36198b0e0e5ff9bdabe63990088411beaf41ec21cb3b2c4056,0.15627859972416625,0.3387646851126661,defocus_blur,pathmnist,0.15089915808196852,1038,random,9,7180,4491,0.9512348697191353,0.05,0.9820627802690582,1.0,0.8053097345132744,0.9889589905362776,0.5710144927536231,0.10304054054054054,0.9730094466936572,0.5225653206650831,0.5871857258718572,0.1756615598885794,5744,42,8e82b8d02b5daa8cde32bb701668b76db23b29ea6b80c063641c11014dbcf4e4,1,43,0.10304054054054054
0.6718662952646239,0,0.1629592399822448,0.6535051580782376,0.5395176932874183,499,/mnt/prj01/hgrp-1502-5TB/xuxiaoyu/reliability_medmnistc_ab/formal_runs/cross_path_random_grapha2_sel42_43_train42_43_20260917/runs/pathmnist/random/ratio_0.05/selection_seed_42/train_seed_43/aug_0/final.pt,d3626ce451b88a36198b0e0e5ff9bdabe63990088411beaf41ec21cb3b2c4056,0.22867866740630316,0.3505890094369904,defocus_blur,pathmnist,0.21248727925018018,1441,random,9,7180,4491,1.3954403654958418,0.05,0.984304932735426,1.0,0.7374631268436578,0.8911671924290221,0.21835748792270532,0.09121621621621621,0.9838056680161943,0.4513064133016627,0.5239253852392538,0.26723537604456826,5744,42,8e82b8d02b5daa8cde32bb701668b76db23b29ea6b80c063641c11014dbcf4e4,2,43,0.09121621621621621
0.5884401114206128,0,0.25263608801652104,0.5578119376699787,0.6804070350783038,499,/mnt/prj01/hgrp-1502-5TB/xuxiaoyu/reliability_medmnistc_ab/formal_runs/cross_path_random_grapha2_sel42_43_train42_43_20260917/runs/pathmnist/random/ratio_0.05/selection_seed_42/train_seed_43/aug_0/final.pt,d3626ce451b88a36198b0e0e5ff9bdabe63990088411beaf41ec21cb3b2c4056,0.32437188781456205,0.39736078120876217,defocus_blur,pathmnist,0.2817691696242204,1837,random,9,7180,4491,1.9132599515266984,0.05,0.9857997010463379,1.0,0.6106194690265486,0.5646687697160884,0.044444444444444446,0.0945945945945946,0.9838056680161943,0.3016627078384798,0.43471208434712083,0.3527158774373259,5744,42,8e82b8d02b5daa8cde32bb701668b76db23b29ea6b80c063641c11014dbcf4e4,3,43,0.044444444444444446
0.518941504178273,0,0.3218134680081901,0.47771962745577096,0.7933614144825532,499,/mnt/prj01/hgrp-1502-5TB/xuxiaoyu/reliability_medmnistc_ab/formal_runs/cross_path_random_grapha2_sel42_43_train42_43_20260917/runs/pathmnist/random/ratio_0.05/selection_seed_42/train_seed_43/aug_0/final.pt,d3626ce451b88a36198b0e0e5ff9bdabe63990088411beaf41ec21cb3b2c4056,0.4044641980287698,0.43600812420393126,defocus_blur,pathmnist,0.3355148030979388,2066,random,9,7180,4491,2.318301414264631,0.05,0.9865470852017937,1.0,0.5368731563421829,0.18769716088328076,0.005797101449275362,0.09797297297297297,0.9487179487179487,0.20902612826603326,0.32684509326845096,0.4298398328690808,5744,42,8e82b8d02b5daa8cde32bb701668b76db23b29ea6b80c063641c11014dbcf4e4,4,43,0.005797101449275362
0.46852367688022284,0,0.372753785018334,0.4185356143983521,0.8899187204974496,499,/mnt/prj01/hgrp-1502-5TB/xuxiaoyu/reliability_medmnistc_ab/formal_runs/cross_path_random_grapha2_sel42_43_train42_43_20260917/runs/pathmnist/random/ratio_0.05/selection_seed_42/train_seed_43/aug_0/final.pt,d3626ce451b88a36198b0e0e5ff9bdabe63990088411beaf41ec21cb3b2c4056,0.4636482110861887,0.4418052256532066,defocus_blur,pathmnist,0.38503518475214416,2347,random,9,7180,4491,2.7306113822444007,0.05,0.9872944693572496,1.0,0.46607669616519176,0.0,0.0,0.08277027027027027,0.8623481781376519,0.12826603325415678,0.24006488240064883,0.4829387186629526,5744,42,8e82b8d02b5daa8cde32bb701668b76db23b29ea6b80c063641c11014dbcf4e4,5,43,0.0
0.8966573816155989,0,0.0246875503931455,0.8640932282931078,0.16352829505758645,499,/mnt/prj01/hgrp-1502-5TB/xuxiaoyu/reliability_medmnistc_ab/formal_runs/cross_path_random_grapha2_sel42_43_train42_43_20260917/runs/pathmnist/random/ratio_0.05/selection_seed_42/train_seed_43/aug_0/final.pt,d3626ce451b88a36198b0e0e5ff9bdabe63990088411beaf41ec21cb3b2c4056,0.018090597191433022,-0.03562945368171022,jpeg_compression,pathmnist,0.03188606813591499,348,random,9,7180,4491,0.39061345784329815,0.05,0.9252615844544095,1.0,0.9469026548672567,0.9479495268138801,0.9768115942028985,0.6216216216216216,0.951417004048583,0.47743467933491684,0.9294403892944039,0.04665738161559889,5744,42,8e82b8d02b5daa8cde32bb701668b76db23b29ea6b80c063641c11014dbcf4e4,1,43,0.47743467933491684
0.8969359331476323,0,0.02484472559089977,0.8564678086661227,0.1656375018405939,499,/mnt/prj01/hgrp-1502-5TB/xuxiaoyu/reliability_medmnistc_ab/formal_runs/cross_path_random_grapha2_sel42_43_train42_43_20260917/runs/pathmnist/random/ratio_0.05/selection_seed_42/train_seed_43/aug_0/final.pt,d3626ce451b88a36198b0e0e5ff9bdabe63990088411beaf41ec21cb3b2c4056,0.025716016818418064,-0.0332541567695962,jpeg_compression,pathmnist,0.03892787620425227,360,random,9,7180,4491,0.4003297207257061,0.05,0.9723467862481315,1.0,0.9203539823008849,0.9574132492113565,0.9710144927536232,0.535472972972973,0.9406207827260459,0.4750593824228028,0.9359286293592863,0.042827298050139274,5744,42,8e82b8d02b5daa8cde32bb701668b76db23b29ea6b80c063641c11014dbcf4e4,2,43,0.4750593824228028
0.8033426183844011,0,0.06330427957672513,0.7795721769746716,0.3075802677523902,499,/mnt/prj01/hgrp-1502-5TB/xuxiaoyu/reliability_medmnistc_ab/formal_runs/cross_path_random_grapha2_sel42_43_train42_43_20260917/runs/pathmnist/random/ratio_0.05/selection_seed_42/train_seed_43/aug_0/final.pt,d3626ce451b88a36198b0e0e5ff9bdabe63990088411beaf41ec21cb3b2c4056,0.10261164850986915,0.04991333376131474,jpeg_compression,pathmnist,0.09143731345248751,704,random,9,7180,4491,0.7103140635082322,0.05,0.5979073243647235,1.0,0.8436578171091446,0.9652996845425867,0.9739130434782609,0.3918918918918919,0.8744939271255061,0.4346793349168646,0.9343065693430657,0.12465181058495822,5744,42,8e82b8d02b5daa8cde32bb701668b76db23b29ea6b80c063641c11014dbcf4e4,3,43,0.3918918918918919
0.703899721448468,0,0.10976750513907133,0.6810695449792549,0.44804042160239793,499,/mnt/prj01/hgrp-1502-5TB/xuxiaoyu/reliability_medmnistc_ab/formal_runs/cross_path_random_grapha2_sel42_43_train42_43_20260917/runs/pathmnist/random/ratio_0.05/selection_seed_42/train_seed_43/aug_0/final.pt,d3626ce451b88a36198b0e0e5ff9bdabe63990088411beaf41ec21cb3b2c4056,0.2011142805052859,0.23741333376131474,jpeg_compression,pathmnist,0.16392716023666276,1012,random,9,7180,4491,1.0123021051349654,0.05,0.30792227204783257,1.0,0.6283185840707964,0.9605678233438486,0.957487922705314,0.20439189189189189,0.8272604588394062,0.3515439429928741,0.8921330089213301,0.2160515320334262,5744,42,8e82b8d02b5daa8cde32bb701668b76db23b29ea6b80c063641c11014dbcf4e4,4,43,0.20439189189189189
0.6263231197771588,0,0.1575630181740272,0.6043369837611996,0.5950219823527112,499,/mnt/prj01/hgrp-1502-5TB/xuxiaoyu/reliability_medmnistc_ab/formal_runs/cross_path_random_grapha2_sel42_43_train42_43_20260917/runs/pathmnist/random/ratio_0.05/selection_seed_42/train_seed_43/aug_0/final.pt,d3626ce451b88a36198b0e0e5ff9bdabe63990088411beaf41ec21cb3b2c4056,0.2778468417233412,0.3809944148423958,jpeg_compression,pathmnist,0.2510828383806522,1591,random,9,7180,4491,1.3713612017694037,0.05,0.19133034379671152,1.0,0.6991150442477876,0.637223974763407,0.9227053140096618,0.060810810810810814,0.6032388663967612,0.3919239904988123,0.9326845093268451,0.30797353760445684,5744,42,8e82b8d02b5daa8cde32bb701668b76db23b29ea6b80c063641c11014dbcf4e4,5,43,0.060810810810810814
0.7738161559888579,0,0.08822412332063717,0.7378688950267812,0.35661769809603105,499,/mnt/prj01/hgrp-1502-5TB/xuxiaoyu/reliability_medmnistc_ab/formal_runs/cross_path_random_grapha2_sel42_43_train42_43_20260917/runs/pathmnist/random/ratio_0.05/selection_seed_42/train_seed_43/aug_0/final.pt,d3626ce451b88a36198b0e0e5ff9bdabe63990088411beaf41ec21cb3b2c4056,0.14431493045775956,0.21545387430185528,motion_blur,pathmnist,0.12910552283224955,888,random,9,7180,4491,0.8671338935343998,0.05,0.976831091180867,1.0,0.7050147492625368,0.9100946372239748,0.6444444444444445,0.22635135135135134,0.979757085020243,0.5154394299287411,0.6828872668288727,0.14798050139275767,5744,42,8e82b8d02b5daa8cde32bb701668b76db23b29ea6b80c063641c11014dbcf4e4,1,43,0.22635135135135134
0.7649025069637883,0,0.09595344922096562,0.7280053963172504,0.37831255579626927,499,/mnt/prj01/hgrp-1502-5TB/xuxiaoyu/reliability_medmnistc_ab/formal_runs/cross_path_random_grapha2_sel42_43_train42_43_20260917/runs/pathmnist/random/ratio_0.05/selection_seed_42/train_seed_43/aug_0/final.pt,d3626ce451b88a36198b0e0e5ff9bdabe63990088411beaf41ec21cb3b2c4056,0.1541784291672904,0.20700792835590934,motion_blur,pathmnist,0.13526857958738184,964,random,9,7180,4491,0.9264963284198261,0.05,0.9790732436472347,1.0,0.6932153392330384,0.8769716088328076,0.6009661835748792,0.23479729729729729,0.9757085020242915,0.503562945368171,0.6877534468775345,0.16451949860724233,5744,42,8e82b8d02b5daa8cde32bb701668b76db23b29ea6b80c063641c11014dbcf4e4,2,43,0.23479729729729729
0.771309192200557,0,0.09332037712579111,0.7332019084187211,0.369097589927606,499,/mnt/prj01/hgrp-1502-5TB/xuxiaoyu/reliability_medmnistc_ab/formal_runs/cross_path_random_grapha2_sel42_43_train42_43_20260917/runs/pathmnist/random/ratio_0.05/selection_seed_42/train_seed_43/aug_0/final.pt,d3626ce451b88a36198b0e0e5ff9bdabe63990088411beaf41ec21cb3b2c4056,0.14898191706581965,0.20531873916672014,motion_blur,pathmnist,0.1314853750397568,949,random,9,7180,4491,0.9027090348426364,0.05,0.984304932735426,1.0,0.6814159292035398,0.889589905362776,0.6135265700483091,0.23648648648648649,0.979757085020243,0.5154394299287411,0.6982968369829684,0.15825208913649025,5744,42,8e82b8d02b5daa8cde32bb701668b76db23b29ea6b80c063641c11014dbcf4e4,3,43,0.23648648648648649
0.6440111420612813,0,0.20815128469251137,0.5948674993049715,0.5901232219697823,499,/mnt/prj01/hgrp-1502-5TB/xuxiaoyu/reliability_medmnistc_ab/formal_runs/cross_path_random_grapha2_sel42_43_train42_43_20260917/runs/pathmnist/random/ratio_0.05/selection_seed_42/train_seed_43/aug_0/final.pt,d3626ce451b88a36198b0e0e5ff9bdabe63990088411beaf41ec21cb3b2c4056,0.28731632617956926,0.26781873916672017,motion_blur,pathmnist,0.23323321838481845,1586,random,9,7180,4491,1.550159751153702,0.05,0.9805680119581465,1.0,0.616519174041298,0.30126182965299686,0.30241545893719807,0.17398648648648649,0.9730094466936572,0.3847980997624703,0.6212489862124899,0.30518802228412256,5744,42,8e82b8d02b5daa8cde32bb701668b76db23b29ea6b80c063641c11014dbcf4e4,4,43,0.17398648648648649
0.5344011142061281,0,0.34373556944463246,0.4850615589781765,0.7652815579876935,499,/mnt/prj01/hgrp-1502-5TB/xuxiaoyu/reliability_medmnistc_ab/formal_runs/cross_path_random_grapha2_sel42_43_train42_43_20260917/runs/pathmnist/random/ratio_0.05/selection_seed_42/train_seed_43/aug_0/final.pt,d3626ce451b88a36198b0e0e5ff9bdabe63990088411beaf41ec21cb3b2c4056,0.3971222665063643,0.36767273353964197,motion_blur,pathmnist,0.3100153810591087,1956,random,9,7180,4491,2.2215909170046677,0.05,0.9790732436472347,1.0,0.56047197640118,0.07413249211356467,0.1323671497584541,0.13851351351351351,0.8434547908232118,0.23040380047505937,0.4071370640713706,0.41730501392757663,5744,42,8e82b8d02b5daa8cde32bb701668b76db23b29ea6b80c063641c11014dbcf4e4,5,43,0.07413249211356467
0.9082172701949861,0,0.017246618829567052,0.8806988579465821,0.14153505511990147,499,/mnt/prj01/hgrp-1502-5TB/xuxiaoyu/reliability_medmnistc_ab/formal_runs/cross_path_random_grapha2_sel42_43_train42_43_20260917/runs/pathmnist/random/ratio_0.05/selection_seed_42/train_seed_43/aug_0/final.pt,d3626ce451b88a36198b0e0e5ff9bdabe63990088411beaf41ec21cb3b2c4056,0.0014849675379586813,-0.02612826603325419,pixelate,pathmnist,0.028706645504843857,295,random,9,7180,4491,0.3341167067431779,0.05,0.9357249626307922,1.0,0.967551622418879,0.9905362776025236,0.9603864734299516,0.7246621621621622,0.9581646423751687,0.4679334916864608,0.9213300892133008,0.02802924791086351,5744,42,8e82b8d02b5daa8cde32bb701668b76db23b29ea6b80c063641c11014dbcf4e4,1,43,0.4679334916864608
0.9034818941504178,0,0.018920878048502256,0.8768645520660128,0.14889418223065515,499,/mnt/prj01/hgrp-1502-5TB/xuxiaoyu/reliability_medmnistc_ab/formal_runs/cross_path_random_grapha2_sel42_43_train42_43_20260917/runs/pathmnist/random/ratio_0.05/selection_seed_42/train_seed_43/aug_0/final.pt,d3626ce451b88a36198b0e0e5ff9bdabe63990088411beaf41ec21cb3b2c4056,0.005319273418528003,-0.0712589073634205,pixelate,pathmnist,0.031229110572663504,292,random,9,7180,4491,0.34864760669807826,0.05,0.9491778774289985,1.0,0.9646017699115044,0.9968454258675079,0.9497584541062802,0.6537162162162162,0.9635627530364372,0.5130641330166271,0.9010543390105434,0.03238161559888579,5744,42,8e82b8d02b5daa8cde32bb701668b76db23b29ea6b80c063641c11014dbcf4e4,2,43,0.5130641330166271
0.8860724233983287,0,0.025017004987884353,0.8564667014888266,0.17650412934244183,499,/mnt/prj01/hgrp-1502-5TB/xuxiaoyu/reliability_medmnistc_ab/formal_runs/cross_path_random_grapha2_sel42_43_train42_43_20260917/runs/pathmnist/random/ratio_0.05/selection_seed_42/train_seed_43/aug_0/final.pt,d3626ce451b88a36198b0e0e5ff9bdabe63990088411beaf41ec21cb3b2c4056,0.02571712399571413,-0.046370450022469034,pixelate,pathmnist,0.03924183085104213,371,random,9,7180,4491,0.41191828310466005,0.05,0.9588938714499252,1.0,0.9498525073746312,0.998422712933754,0.927536231884058,0.48817567567567566,0.9581646423751687,0.5439429928741093,0.8832116788321168,0.04717966573816156,5744,42,8e82b8d02b5daa8cde32bb701668b76db23b29ea6b80c063641c11014dbcf4e4,3,43,0.48817567567567566
0.8767409470752089,0,0.02956588687553069,0.8429336392774798,0.1941526141343681,499,/mnt/prj01/hgrp-1502-5TB/xuxiaoyu/reliability_medmnistc_ab/formal_runs/cross_path_random_grapha2_sel42_43_train42_43_20260917/runs/pathmnist/random/ratio_0.05/selection_seed_42/train_seed_43/aug_0/final.pt,d3626ce451b88a36198b0e0e5ff9bdabe63990088411beaf41ec21cb3b2c4056,0.039250186207061,0.027953874301855253,pixelate,pathmnist,0.04603985218450551,404,random,9,7180,4491,0.45612521039639925,0.05,0.9648729446935725,1.0,0.9321533923303835,0.9936908517350158,0.8908212560386474,0.41385135135135137,0.9595141700404858,0.5320665083135392,0.8994322789943228,0.05379526462395543,5744,42,8e82b8d02b5daa8cde32bb701668b76db23b29ea6b80c063641c11014dbcf4e4,4,43,0.41385135135135137
0.8302228412256267,0,0.05063010408651624,0.7940827258714096,0.26512938823464477,499,/mnt/prj01/hgrp-1502-5TB/xuxiaoyu/reliability_medmnistc_ab/formal_runs/cross_path_random_grapha2_sel42_43_train42_43_20260917/runs/pathmnist/random/ratio_0.05/selection_seed_42/train_seed_43/aug_0/final.pt,d3626ce451b88a36198b0e0e5ff9bdabe63990088411beaf41ec21cb3b2c4056,0.08810109961313117,0.24754846889644988,pixelate,pathmnist,0.07624209230573731,578,random,9,7180,4491,0.617892100561903,0.05,0.9701046337817638,1.0,0.9085545722713865,0.9842271293375394,0.7410628019323672,0.19425675675675674,0.9541160593792173,0.5225653206650831,0.8718572587185726,0.09105153203342618,5744,42,8e82b8d02b5daa8cde32bb701668b76db23b29ea6b80c063641c11014dbcf4e4,5,43,0.19425675675675674
0.8562674094707521,0,0.045819033326037144,0.8412061894058043,0.22299173201371061,499,/mnt/prj01/hgrp-1502-5TB/xuxiaoyu/reliability_medmnistc_ab/formal_runs/cross_path_random_grapha2_sel42_43_train42_43_20260917/runs/pathmnist/random/ratio_0.05/selection_seed_42/train_seed_43/aug_0/final.pt,d3626ce451b88a36198b0e0e5ff9bdabe63990088411beaf41ec21cb3b2c4056,0.0409776360787365,-0.05225653206650832,saturate,pathmnist,0.04869047786033918,440,random,9,7180,4491,0.5238172485816495,0.05,0.9588938714499252,1.0,0.943952802359882,0.8154574132492114,0.8202898550724638,0.8530405405405406,0.9325236167341431,0.49406175771971494,0.7526358475263585,0.07433844011142061,5744,42,8e82b8d02b5daa8cde32bb701668b76db23b29ea6b80c063641c11014dbcf4e4,1,43,0.49406175771971494
0.5440111420612813,0,0.2870189905486734,0.5810553359048478,0.7398312755049996,499,/mnt/prj01/hgrp-1502-5TB/xuxiaoyu/reliability_medmnistc_ab/formal_runs/cross_path_random_grapha2_sel42_43_train42_43_20260917/runs/pathmnist/random/ratio_0.05/selection_seed_42/train_seed_43/aug_0/final.pt,d3626ce451b88a36198b0e0e5ff9bdabe63990088411beaf41ec21cb3b2c4056,0.30112848957969296,0.3201507244366616,saturate,pathmnist,0.3059239020005574,1987,random,9,7180,4491,1.892647798840911,0.05,0.7772795216741405,1.0,0.8259587020648967,0.5078864353312302,0.13333333333333333,0.8429054054054054,0.6261808367071525,0.39429928741092635,0.12165450121654502,0.4087743732590529,5744,42,8e82b8d02b5daa8cde32bb701668b76db23b29ea6b80c063641c11014dbcf4e4,2,43,0.12165450121654502
0.3902506963788301,0,0.467663012614497,0.4385121073746221,1.029550323443275,499,/mnt/prj01/hgrp-1502-5TB/xuxiaoyu/reliability_medmnistc_ab/formal_runs/cross_path_random_grapha2_sel42_43_train42_43_20260917/runs/pathmnist/random/ratio_0.05/selection_seed_42/train_seed_43/aug_0/final.pt,d3626ce451b88a36198b0e0e5ff9bdabe63990088411beaf41ec21cb3b2c4056,0.4436717181099187,0.44099419564509634,saturate,pathmnist,0.46423958433288715,2852,random,9,7180,4491,3.0951305201360557,0.05,0.5246636771300448,1.0,0.7374631268436578,0.41009463722397477,0.012560386473429951,0.8327702702702703,0.17408906882591094,0.25415676959619954,0.0008110300081103001,0.5776462395543176,5744,42,8e82b8d02b5daa8cde32bb701668b76db23b29ea6b80c063641c11014dbcf4e4,3,43,0.0008110300081103001
0.2924791086350975,0,0.5527946233299963,0.3516908191974366,1.188423596422599,499,/mnt/prj01/hgrp-1502-5TB/xuxiaoyu/reliability_medmnistc_ab/formal_runs/cross_path_random_grapha2_sel42_43_train42_43_20260917/runs/pathmnist/random/ratio_0.05/selection_seed_42/train_seed_43/aug_0/final.pt,d3626ce451b88a36198b0e0e5ff9bdabe63990088411beaf41ec21cb3b2c4056,0.5304930062871042,0.4418052256532066,saturate,pathmnist,0.5538204561327492,3253,random,9,7180,4491,3.6071551863755977,0.05,0.1860986547085202,1.0,0.6814159292035398,0.3312302839116719,0.00966183574879227,0.8429054054054054,0.018893387314439947,0.09501187648456057,0.0,0.6730501392757661,5744,42,8e82b8d02b5daa8cde32bb701668b76db23b29ea6b80c063641c11014dbcf4e4,4,43,0.0
0.22520891364902507,0,0.609479791886954,0.28091642001089157,1.2849608194768374,499,/mnt/prj01/hgrp-1502-5TB/xuxiaoyu/reliability_medmnistc_ab/formal_runs/cross_path_random_grapha2_sel42_43_train42_43_20260917/runs/pathmnist/random/ratio_0.05/selection_seed_42/train_seed_43/aug_0/final.pt,d3626ce451b88a36198b0e0e5ff9bdabe63990088411beaf41ec21cb3b2c4056,0.6012674054736492,0.4418052256532066,saturate,pathmnist,0.6053085571668606,3329,random,9,7180,4491,3.8341433851785602,0.05,0.02914798206278027,1.0,0.6194690265486725,0.02996845425867508,0.00966183574879227,0.8091216216216216,0.0,0.030878859857482184,0.0,0.7357242339832869,5744,42,8e82b8d02b5daa8cde32bb701668b76db23b29ea6b80c063641c11014dbcf4e4,5,43,0.0
0.9108635097493036,0,0.01769150793766828,0.8818264452230318,0.13863310278640845,499,/mnt/prj01/hgrp-1502-5TB/xuxiaoyu/reliability_medmnistc_ab/formal_runs/cross_path_random_grapha2_sel42_43_train42_43_20260917/runs/pathmnist/random/ratio_0.05/selection_seed_42/train_seed_43/aug_0/final.pt,d3626ce451b88a36198b0e0e5ff9bdabe63990088411beaf41ec21cb3b2c4056,0.0003573802615089994,0.0,stain_deposit,pathmnist,0.020344076096015414,267,random,9,7180,4491,0.3322119914254532,0.05,0.9417040358744395,1.0,0.9734513274336283,0.9810725552050473,0.9603864734299516,0.7533783783783784,0.9527665317139001,0.4418052256532066,0.9318734793187348,0.029770194986072425,5744,42,8e82b8d02b5daa8cde32bb701668b76db23b29ea6b80c063641c11014dbcf4e4,1,43,0.4418052256532066
0.9090529247910863,0,0.019291929697359926,0.8796137614152794,0.14231948822313037,499,/mnt/prj01/hgrp-1502-5TB/xuxiaoyu/reliability_medmnistc_ab/formal_runs/cross_path_random_grapha2_sel42_43_train42_43_20260917/runs/pathmnist/random/ratio_0.05/selection_seed_42/train_seed_43/aug_0/final.pt,d3626ce451b88a36198b0e0e5ff9bdabe63990088411beaf41ec21cb3b2c4056,0.002570064069261413,0.0,stain_deposit,pathmnist,0.019295522122329982,258,random,9,7180,4491,0.34107322777986737,0.05,0.9469357249626308,1.0,0.9734513274336283,0.9747634069400631,0.9545893719806763,0.7449324324324325,0.951417004048583,0.4418052256532066,0.9286293592862936,0.032555710306406686,5744,42,8e82b8d02b5daa8cde32bb701668b76db23b29ea6b80c063641c11014dbcf4e4,2,43,0.4418052256532066
0.9082172701949861,0,0.01950859706889559,0.8786072550453417,0.14403390509003558,499,/mnt/prj01/hgrp-1502-5TB/xuxiaoyu/reliability_medmnistc_ab/formal_runs/cross_path_random_grapha2_sel42_43_train42_43_20260917/runs/pathmnist/random/ratio_0.05/selection_seed_42/train_seed_43/aug_0/final.pt,d3626ce451b88a36198b0e0e5ff9bdabe63990088411beaf41ec21cb3b2c4056,0.0035765704391991227,-0.002375296912114022,stain_deposit,pathmnist,0.017665437876680068,246,random,9,7180,4491,0.3432137650845428,0.05,0.9581464872944694,1.0,0.9705014749262537,0.9747634069400631,0.9526570048309179,0.7466216216216216,0.9433198380566802,0.44418052256532065,0.9172749391727494,0.032729805013927575,5744,42,8e82b8d02b5daa8cde32bb701668b76db23b29ea6b80c063641c11014dbcf4e4,3,43,0.44418052256532065
0.9048746518105849,0,0.021326107582958168,0.8765398219864121,0.1497480624262443,499,/mnt/prj01/hgrp-1502-5TB/xuxiaoyu/reliability_medmnistc_ab/formal_runs/cross_path_random_grapha2_sel42_43_train42_43_20260917/runs/pathmnist/random/ratio_0.05/selection_seed_42/train_seed_43/aug_0/final.pt,d3626ce451b88a36198b0e0e5ff9bdabe63990088411beaf41ec21cb3b2c4056,0.005644003498128658,-0.014251781472684133,stain_deposit,pathmnist,0.02030842918954516,252,random,9,7180,4491,0.3580957203464151,0.05,0.9566517189835575,1.0,0.9705014749262537,0.9716088328075709,0.9381642512077295,0.7466216216216216,0.9352226720647774,0.45605700712589076,0.9140308191403081,0.03603760445682451,5744,42,8e82b8d02b5daa8cde32bb701668b76db23b29ea6b80c063641c11014dbcf4e4,4,43,0.45605700712589076
0.8998607242339833,0,0.02481323587783408,0.8708959901836462,0.1589892645780438,499,/mnt/prj01/hgrp-1502-5TB/xuxiaoyu/reliability_medmnistc_ab/formal_runs/cross_path_random_grapha2_sel42_43_train42_43_20260917/runs/pathmnist/random/ratio_0.05/selection_seed_42/train_seed_43/aug_0/final.pt,d3626ce451b88a36198b0e0e5ff9bdabe63990088411beaf41ec21cb3b2c4056,0.01128783530089461,-0.0071258907363420665,stain_deposit,pathmnist,0.025712866089138177,241,random,9,7180,4491,0.38087216915933714,0.05,0.9484304932735426,1.0,0.9734513274336283,0.9605678233438486,0.9371980676328503,0.7347972972972973,0.9149797570850202,0.4489311163895487,0.9197080291970803,0.04004178272980501,5744,42,8e82b8d02b5daa8cde32bb701668b76db23b29ea6b80c063641c11014dbcf4e4,5,43,0.4489311163895487
0.9037604456824513,0,0.01628374774715207,0.8548899577682134,0.14603345041223756,499,/mnt/prj01/hgrp-1502-5TB/xuxiaoyu/reliability_medmnistc_ab/formal_runs/cross_path_random_grapha2_sel42_43_train42_43_20260917/runs/pathmnist/random/ratio_0.05/selection_seed_43/train_seed_42/aug_0/final.pt,2b72b67cd3160be7db0334a91c462015f4696e1ee0aea75e70315a2900b67e8a,,,clean,pathmnist,0.029968705511856847,283,random,9,7180,4491,0.3342685329822591,0.05,0.9461883408071748,1.0,0.6755162241887905,0.9968454258675079,0.9690821256038648,0.731418918918919,0.9500674763832658,0.47030878859857483,0.9545823195458232,0.026462395543175487,5744,43,e5c828af1c174f27ededa892addbb3d5dec23dd566789feef7e07c1aaf82626d,0,42,0.47030878859857483
0.5846796657381615,0,0.16567442609167152,0.5229252591046686,0.6405240812773536,499,/mnt/prj01/hgrp-1502-5TB/xuxiaoyu/reliability_medmnistc_ab/formal_runs/cross_path_random_grapha2_sel42_43_train42_43_20260917/runs/pathmnist/random/ratio_0.05/selection_seed_43/train_seed_42/aug_0/final.pt,2b72b67cd3160be7db0334a91c462015f4696e1ee0aea75e70315a2900b67e8a,0.33196469866354483,0.420067242704855,brightness_down,pathmnist,0.2551196248958038,1337,random,9,7180,4491,1.6841452542592028,0.05,0.9992526158445441,1.0,0.551622418879056,0.9384858044164038,0.050241545893719805,0.10304054054054054,0.18353576248313092,0.12589073634204276,0.754257907542579,0.33130222841225626,5744,43,e5c828af1c174f27ededa892addbb3d5dec23dd566789feef7e07c1aaf82626d,1,42,0.050241545893719805
0.42409470752089135,0,0.28080450817921565,0.36079933340959147,0.9102228159545354,499,/mnt/prj01/hgrp-1502-5TB/xuxiaoyu/reliability_medmnistc_ab/formal_runs/cross_path_random_grapha2_sel42_43_train42_43_20260917/runs/pathmnist/random/ratio_0.05/selection_seed_43/train_seed_42/aug_0/final.pt,2b72b67cd3160be7db0334a91c462015f4696e1ee0aea75e70315a2900b67e8a,0.49409062435862194,0.47030878859857483,brightness_down,pathmnist,0.40449118509805626,2067,random,9,7180,4491,2.4959985799358892,0.05,0.9970104633781763,1.0,0.49852507374631266,0.3138801261829653,0.0,0.03209459459459459,0.004048582995951417,0.026128266033254157,0.37550689375506896,0.5038300835654597,5744,43,e5c828af1c174f27ededa892addbb3d5dec23dd566789feef7e07c1aaf82626d,2,42,0.0
0.318941504178273,0,0.41658600220739067,0.27421944183594416,1.187533873997164,499,/mnt/prj01/hgrp-1502-5TB/xuxiaoyu/reliability_medmnistc_ab/formal_runs/cross_path_random_grapha2_sel42_43_train42_43_20260917/runs/pathmnist/random/ratio_0.05/selection_seed_43/train_seed_42/aug_0/final.pt,2b72b67cd3160be7db0334a91c462015f4696e1ee0aea75e70315a2900b67e8a,0.5806705159322693,0.47030878859857483,brightness_down,pathmnist,0.5673083447293483,3444,random,9,7180,4491,3.559876655840605,0.05,0.922272047832586,1.0,0.49852507374631266,0.0,0.0,0.02533783783783784,0.0,0.0023752969121140144,0.019464720194647202,0.6197771587743732,5744,43,e5c828af1c174f27ededa892addbb3d5dec23dd566789feef7e07c1aaf82626d,3,42,0.0
0.30376044568245125,0,0.5105458773752732,0.2642585341005913,1.2747427516044045,499,/mnt/prj01/hgrp-1502-5TB/xuxiaoyu/reliability_medmnistc_ab/formal_runs/cross_path_random_grapha2_sel42_43_train42_43_20260917/runs/pathmnist/random/ratio_0.05/selection_seed_43/train_seed_42/aug_0/final.pt,2b72b67cd3160be7db0334a91c462015f4696e1ee0aea75e70315a2900b67e8a,0.5906314236676221,0.47030878859857483,brightness_down,pathmnist,0.6093223877188887,4072,random,9,7180,4491,4.132824665875639,0.05,0.8624813153961136,1.0,0.49557522123893805,0.0,0.0,0.02027027027027027,0.0,0.0,0.0,0.6646935933147632,5744,43,e5c828af1c174f27ededa892addbb3d5dec23dd566789feef7e07c1aaf82626d,4,42,0.0
0.2880222841225627,0,0.5549824663336229,0.254351485796682,1.3241095714635893,499,/mnt/prj01/hgrp-1502-5TB/xuxiaoyu/reliability_medmnistc_ab/formal_runs/cross_path_random_grapha2_sel42_43_train42_43_20260917/runs/pathmnist/random/ratio_0.05/selection_seed_43/train_seed_42/aug_0/final.pt,2b72b67cd3160be7db0334a91c462015f4696e1ee0aea75e70315a2900b67e8a,0.6005384719715314,0.47030878859857483,brightness_down,pathmnist,0.6244508786370828,4346,random,9,7180,4491,4.432595322403385,0.05,0.7817638266068759,1.0,0.49557522123893805,0.0,0.0,0.011824324324324325,0.0,0.0,0.0,0.7249303621169917,5744,43,e5c828af1c174f27ededa892addbb3d5dec23dd566789feef7e07c1aaf82626d,5,42,0.0
0.5635097493036212,0,0.2574308028005402,0.5504746363343666,0.6905014787994249,499,/mnt/prj01/hgrp-1502-5TB/xuxiaoyu/reliability_medmnistc_ab/formal_runs/cross_path_random_grapha2_sel42_43_train42_43_20260917/runs/pathmnist/random/ratio_0.05/selection_seed_43/train_seed_42/aug_0/final.pt,2b72b67cd3160be7db0334a91c462015f4696e1ee0aea75e70315a2900b67e8a,0.30441532143384686,0.3111638954869359,brightness_up,pathmnist,0.2647373524548948,1686,random,9,7180,4491,1.744738620147787,0.05,0.18535127055306427,1.0,0.3274336283185841,0.6088328075709779,0.5082125603864734,0.8868243243243243,0.4885290148448043,0.15914489311163896,0.7899432278994323,0.3849233983286908,5744,43,e5c828af1c174f27ededa892addbb3d5dec23dd566789feef7e07c1aaf82626d,1,42,0.15914489311163896
0.3408077994428969,0,0.4551455183192084,0.3493811372716139,1.09718912210697,499,/mnt/prj01/hgrp-1502-5TB/xuxiaoyu/reliability_medmnistc_ab/formal_runs/cross_path_random_grapha2_sel42_43_train42_43_20260917/runs/pathmnist/random/ratio_0.05/selection_seed_43/train_seed_42/aug_0/final.pt,2b72b67cd3160be7db0334a91c462015f4696e1ee0aea75e70315a2900b67e8a,0.5055088204965995,0.42992874109263657,brightness_up,pathmnist,0.4956662877999807,3061,random,9,7180,4491,3.022639769700648,0.05,0.042600896860986545,1.0,0.15634218289085547,0.35962145110410093,0.05990338164251208,0.8918918918918919,0.15654520917678813,0.040380047505938245,0.43714517437145173,0.6387534818941504,5744,43,e5c828af1c174f27ededa892addbb3d5dec23dd566789feef7e07c1aaf82626d,2,42,0.040380047505938245
0.24428969359331476,0,0.5188318123526315,0.26824045150567766,1.2716279396008312,499,/mnt/prj01/hgrp-1502-5TB/xuxiaoyu/reliability_medmnistc_ab/formal_runs/cross_path_random_grapha2_sel42_43_train42_43_20260917/runs/pathmnist/random/ratio_0.05/selection_seed_43/train_seed_42/aug_0/final.pt,2b72b67cd3160be7db0334a91c462015f4696e1ee0aea75e70315a2900b67e8a,0.5866495062625358,0.4654778707241787,brightness_up,pathmnist,0.5976453027664619,3500,random,9,7180,4491,3.726333032208103,0.05,0.01868460388639761,1.0,0.1415929203539823,0.19873817034700317,0.004830917874396135,0.8868243243243243,0.02834008097165992,0.011876484560570071,0.12327656123276562,0.729108635097493,5744,43,e5c828af1c174f27ededa892addbb3d5dec23dd566789feef7e07c1aaf82626d,3,42,0.004830917874396135
0.22298050139275766,0,0.5364577160649672,0.2509433082439128,1.3236157389690266,499,/mnt/prj01/hgrp-1502-5TB/xuxiaoyu/reliability_medmnistc_ab/formal_runs/cross_path_random_grapha2_sel42_43_train42_43_20260917/runs/pathmnist/random/ratio_0.05/selection_seed_43/train_seed_42/aug_0/final.pt,2b72b67cd3160be7db0334a91c462015f4696e1ee0aea75e70315a2900b67e8a,0.6039466495243007,0.46644405429905794,brightness_up,pathmnist,0.6276995531778814,3725,random,9,7180,4491,3.9462880046152824,0.05,0.01046337817638266,1.0,0.16519174041297935,0.14353312302839116,0.003864734299516908,0.8631756756756757,0.010796221322537112,0.007125890736342043,0.054339010543390104,0.7501740947075209,5744,43,e5c828af1c174f27ededa892addbb3d5dec23dd566789feef7e07c1aaf82626d,4,42,0.003864734299516908
0.19846796657381616,0,0.5591034609481071,0.22625972638038178,1.3985585193224117,499,/mnt/prj01/hgrp-1502-5TB/xuxiaoyu/reliability_medmnistc_ab/formal_runs/cross_path_random_grapha2_sel42_43_train42_43_20260917/runs/pathmnist/random/ratio_0.05/selection_seed_43/train_seed_42/aug_0/final.pt,2b72b67cd3160be7db0334a91c462015f4696e1ee0aea75e70315a2900b67e8a,0.6286302313878316,0.47030878859857483,brightness_up,pathmnist,0.6755096294151873,4143,random,9,7180,4491,4.284586733378982,0.05,0.0,1.0,0.17404129793510326,0.061514195583596214,0.001932367149758454,0.7888513513513513,0.002699055330634278,0.0,0.0072992700729927005,0.7698467966573816,5744,43,e5c828af1c174f27ededa892addbb3d5dec23dd566789feef7e07c1aaf82626d,5,42,0.0
0.8796657381615599,0,0.025670293988073075,0.838398665717817,0.18614199669610268,499,/mnt/prj01/hgrp-1502-5TB/xuxiaoyu/reliability_medmnistc_ab/formal_runs/cross_path_random_grapha2_sel42_43_train42_43_20260917/runs/pathmnist/random/ratio_0.05/selection_seed_43/train_seed_42/aug_0/final.pt,2b72b67cd3160be7db0334a91c462015f4696e1ee0aea75e70315a2900b67e8a,0.016491292050396456,-0.06413301662707838,bubble,pathmnist,0.04321376555560361,393,random,9,7180,4491,0.4046934883996346,0.05,0.9379671150971599,1.0,0.6519174041297935,0.9952681388012619,0.9729468599033816,0.6570945945945946,0.9622132253711201,0.5344418052256532,0.8337388483373885,0.04979108635097493,5744,43,e5c828af1c174f27ededa892addbb3d5dec23dd566789feef7e07c1aaf82626d,1,42,0.5344418052256532
0.856824512534819,0,0.03576367616995677,0.820429397891478,0.2190751587907928,499,/mnt/prj01/hgrp-1502-5TB/xuxiaoyu/reliability_medmnistc_ab/formal_runs/cross_path_random_grapha2_sel42_43_train42_43_20260917/runs/pathmnist/random/ratio_0.05/selection_seed_43/train_seed_42/aug_0/final.pt,2b72b67cd3160be7db0334a91c462015f4696e1ee0aea75e70315a2900b67e8a,0.034460559876735464,-0.04513064133016631,bubble,pathmnist,0.05527692965768835,485,random,9,7180,4491,0.4704746240271297,0.05,0.9364723467862481,0.9952774498229043,0.6312684365781711,0.9905362776025236,0.9719806763285024,0.6672297297297297,0.9554655870445344,0.5154394299287411,0.7201946472019465,0.07277158774373259,5744,43,e5c828af1c174f27ededa892addbb3d5dec23dd566789feef7e07c1aaf82626d,2,42,0.5154394299287411
0.8469359331476323,0,0.0418741141157061,0.8119879630551006,0.23654940311942318,499,/mnt/prj01/hgrp-1502-5TB/xuxiaoyu/reliability_medmnistc_ab/formal_runs/cross_path_random_grapha2_sel42_43_train42_43_20260917/runs/pathmnist/random/ratio_0.05/selection_seed_43/train_seed_42/aug_0/final.pt,2b72b67cd3160be7db0334a91c462015f4696e1ee0aea75e70315a2900b67e8a,0.042901994713112845,-0.038004750593824244,bubble,pathmnist,0.062029647295853585,530,random,9,7180,4491,0.5057055715503529,0.05,0.9364723467862481,0.9905548996458088,0.616519174041298,0.9936908517350158,0.9719806763285024,0.652027027027027,0.9676113360323887,0.5083135391923991,0.6707218167072182,0.08513231197771588,5744,43,e5c828af1c174f27ededa892addbb3d5dec23dd566789feef7e07c1aaf82626d,3,42,0.5083135391923991
0.8285515320334261,0,0.053513360910317366,0.7955562266038432,0.26452769250577407,499,/mnt/prj01/hgrp-1502-5TB/xuxiaoyu/reliability_medmnistc_ab/formal_runs/cross_path_random_grapha2_sel42_43_train42_43_20260917/runs/pathmnist/random/ratio_0.05/selection_seed_43/train_seed_42/aug_0/final.pt,2b72b67cd3160be7db0334a91c462015f4696e1ee0aea75e70315a2900b67e8a,0.05933373116437024,-0.030878859857482177,bubble,pathmnist,0.07024928716148837,571,random,9,7180,4491,0.5697741351354593,0.05,0.9237668161434978,0.9881936245572609,0.5781710914454278,0.9921135646687698,0.9777777777777777,0.6402027027027027,0.9608636977058029,0.501187648456057,0.5977291159772912,0.1006267409470752,5744,43,e5c828af1c174f27ededa892addbb3d5dec23dd566789feef7e07c1aaf82626d,4,42,0.501187648456057
0.8100278551532033,0,0.0649759679135465,0.7805132966340371,0.29530296012436646,499,/mnt/prj01/hgrp-1502-5TB/xuxiaoyu/reliability_medmnistc_ab/formal_runs/cross_path_random_grapha2_sel42_43_train42_43_20260917/runs/pathmnist/random/ratio_0.05/selection_seed_43/train_seed_42/aug_0/final.pt,2b72b67cd3160be7db0334a91c462015f4696e1ee0aea75e70315a2900b67e8a,0.07437666113417629,-0.0332541567695962,bubble,pathmnist,0.0809531393115899,669,random,9,7180,4491,0.6339375631188328,0.05,0.905829596412556,0.9775678866587958,0.56047197640118,0.9858044164037855,0.9758454106280193,0.6199324324324325,0.9595141700404858,0.503562945368171,0.5360908353609084,0.12412952646239554,5744,43,e5c828af1c174f27ededa892addbb3d5dec23dd566789feef7e07c1aaf82626d,5,42,0.503562945368171
0.7711699164345404,0,0.0847489415813898,0.7208684317083771,0.3489434004157332,499,/mnt/prj01/hgrp-1502-5TB/xuxiaoyu/reliability_medmnistc_ab/formal_runs/cross_path_random_grapha2_sel42_43_train42_43_20260917/runs/pathmnist/random/ratio_0.05/selection_seed_43/train_seed_42/aug_0/final.pt,2b72b67cd3160be7db0334a91c462015f4696e1ee0aea75e70315a2900b67e8a,0.1340215260598363,0.20190023752969122,contrast_down,pathmnist,0.07599681705900557,600,random,9,7180,4491,0.838616713558239,0.05,0.7458893871449925,1.0,0.696165191740413,0.998422712933754,0.8270531400966183,0.4375,0.553306342780027,0.2684085510688836,0.9610705596107056,0.15372562674094709,5744,43,e5c828af1c174f27ededa892addbb3d5dec23dd566789feef7e07c1aaf82626d,1,42,0.2684085510688836
0.5115598885793872,0,0.2467847267703781,0.47226284653289735,0.7035719047308446,499,/mnt/prj01/hgrp-1502-5TB/xuxiaoyu/reliability_medmnistc_ab/formal_runs/cross_path_random_grapha2_sel42_43_train42_43_20260917/runs/pathmnist/random/ratio_0.05/selection_seed_43/train_seed_42/aug_0/final.pt,2b72b67cd3160be7db0334a91c462015f4696e1ee0aea75e70315a2900b67e8a,0.38262711123531606,0.4500658736188177,contrast_down,pathmnist,0.2523827872962839,1047,random,9,7180,4491,1.7594592329720309,0.05,0.45665171898355755,1.0,0.528023598820059,0.9369085173501577,0.17681159420289855,0.17905405405405406,0.020242914979757085,0.04513064133016627,0.9075425790754258,0.41486768802228413,5744,43,e5c828af1c174f27ededa892addbb3d5dec23dd566789feef7e07c1aaf82626d,2,42,0.020242914979757085
0.3488857938718663,0,0.42809011853680423,0.315209042453348,0.9848581573114684,499,/mnt/prj01/hgrp-1502-5TB/xuxiaoyu/reliability_medmnistc_ab/formal_runs/cross_path_random_grapha2_sel42_43_train42_43_20260917/runs/pathmnist/random/ratio_0.05/selection_seed_43/train_seed_42/aug_0/final.pt,2b72b67cd3160be7db0334a91c462015f4696e1ee0aea75e70315a2900b67e8a,0.5396809153148654,0.47030878859857483,contrast_down,pathmnist,0.40340459978098986,1791,random,9,7180,4491,2.551643083431611,0.05,0.3333333333333333,1.0,0.49557522123893805,0.2886435331230284,0.043478260869565216,0.02702702702702703,0.0,0.0,0.64882400648824,0.6136838440111421,5744,43,e5c828af1c174f27ededa892addbb3d5dec23dd566789feef7e07c1aaf82626d,3,42,0.0
0.2940111420612813,0,0.49408788307570745,0.2640742188032533,1.069779682027009,499,/mnt/prj01/hgrp-1502-5TB/xuxiaoyu/reliability_medmnistc_ab/formal_runs/cross_path_random_grapha2_sel42_43_train42_43_20260917/runs/pathmnist/random/ratio_0.05/selection_seed_43/train_seed_42/aug_0/final.pt,2b72b67cd3160be7db0334a91c462015f4696e1ee0aea75e70315a2900b67e8a,0.5908157389649601,0.47030878859857483,contrast_down,pathmnist,0.4483895658076972,1917,random,9,7180,4491,2.819629116862052,0.05,0.3744394618834081,1.0,0.49262536873156343,0.031545741324921134,0.024154589371980676,0.013513513513513514,0.0,0.0,0.44038929440389296,0.6768802228412256,5744,43,e5c828af1c174f27ededa892addbb3d5dec23dd566789feef7e07c1aaf82626d,4,42,0.0
0.2381615598885794,0,0.5520933738082063,0.19790506901817104,1.1443163890447292,499,/mnt/prj01/hgrp-1502-5TB/xuxiaoyu/reliability_medmnistc_ab/formal_runs/cross_path_random_grapha2_sel42_43_train42_43_20260917/runs/pathmnist/random/ratio_0.05/selection_seed_43/train_seed_42/aug_0/final.pt,2b72b67cd3160be7db0334a91c462015f4696e1ee0aea75e70315a2900b67e8a,0.6569848887500424,0.47030878859857483,contrast_down,pathmnist,0.49835076218361973,2035,random,9,7180,4491,3.031185243500752,0.05,0.4252615844544096,1.0,0.15634218289085547,0.0,0.014492753623188406,0.0033783783783783786,0.0,0.0,0.1816707218167072,0.7379874651810585,5744,43,e5c828af1c174f27ededa892addbb3d5dec23dd566789feef7e07c1aaf82626d,5,42,0.0
0.8639275766016713,0,0.04092242363172666,0.8065538684503856,0.21275936746666874,499,/mnt/prj01/hgrp-1502-5TB/xuxiaoyu/reliability_medmnistc_ab/formal_runs/cross_path_random_grapha2_sel42_43_train42_43_20260917/runs/pathmnist/random/ratio_0.05/selection_seed_43/train_seed_42/aug_0/final.pt,2b72b67cd3160be7db0334a91c462015f4696e1ee0aea75e70315a2900b67e8a,0.048336089317827846,0.04750593824228028,contrast_up,pathmnist,0.0500077890735483,468,random,9,7180,4491,0.49778554524305824,0.05,0.9566517189835575,1.0,0.44837758112094395,0.9022082018927445,0.8743961352657005,0.8682432432432432,0.9095816464237517,0.42280285035629456,0.8767234387672344,0.0725974930362117,5744,43,e5c828af1c174f27ededa892addbb3d5dec23dd566789feef7e07c1aaf82626d,1,42,0.42280285035629456
0.7154596100278552,0,0.13780987849475398,0.6482511279859527,0.44919150808931213,499,/mnt/prj01/hgrp-1502-5TB/xuxiaoyu/reliability_medmnistc_ab/formal_runs/cross_path_random_grapha2_sel42_43_train42_43_20260917/runs/pathmnist/random/ratio_0.05/selection_seed_43/train_seed_42/aug_0/final.pt,2b72b67cd3160be7db0334a91c462015f4696e1ee0aea75e70315a2900b67e8a,0.20663882978226067,0.3021671956782208,contrast_up,pathmnist,0.14523406841877776,1063,random,9,7180,4491,1.0605703743301507,0.05,0.9424514200298953,1.0,0.168141592920354,0.6198738170347003,0.6405797101449275,0.8952702702702703,0.7516869095816464,0.21852731591448932,0.5977291159772912,0.2238857938718663,5744,43,e5c828af1c174f27ededa892addbb3d5dec23dd566789feef7e07c1aaf82626d,2,42,0.168141592920354
0.5306406685236769,0,0.2824144582894167,0.48549357182701475,0.7522807647695013,499,/mnt/prj01/hgrp-1502-5TB/xuxiaoyu/reliability_medmnistc_ab/formal_runs/cross_path_random_grapha2_sel42_43_train42_43_20260917/runs/pathmnist/random/ratio_0.05/selection_seed_43/train_seed_42/aug_0/final.pt,2b72b67cd3160be7db0334a91c462015f4696e1ee0aea75e70315a2900b67e8a,0.36939638594119867,0.40380047505938244,contrast_up,pathmnist,0.30497035413233353,1872,random,9,7180,4491,1.9365260348902134,0.05,0.9073243647234679,1.0,0.11209439528023599,0.4605678233438486,0.32463768115942027,0.9037162162162162,0.4331983805668016,0.0665083135391924,0.16139497161394972,0.421483286908078,5744,43,e5c828af1c174f27ededa892addbb3d5dec23dd566789feef7e07c1aaf82626d,3,42,0.0665083135391924
0.41977715877437327,0,0.40682832646822187,0.39400857935740374,0.9839863340902771,499,/mnt/prj01/hgrp-1502-5TB/xuxiaoyu/reliability_medmnistc_ab/formal_runs/cross_path_random_grapha2_sel42_43_train42_43_20260917/runs/pathmnist/random/ratio_0.05/selection_seed_43/train_seed_42/aug_0/final.pt,2b72b67cd3160be7db0334a91c462015f4696e1ee0aea75e70315a2900b67e8a,0.4608813784108097,0.45571024845258945,contrast_up,pathmnist,0.4373838354784134,2813,random,9,7180,4491,2.808870152498059,0.05,0.8303437967115097,1.0,0.23893805309734514,0.2334384858044164,0.14202898550724638,0.9054054054054054,0.15519568151147098,0.026128266033254157,0.014598540145985401,0.5522284122562674,5744,43,e5c828af1c174f27ededa892addbb3d5dec23dd566789feef7e07c1aaf82626d,4,42,0.014598540145985401
0.3416434540389972,0,0.6283182373834093,0.33413612188753306,1.1336697976703785,499,/mnt/prj01/hgrp-1502-5TB/xuxiaoyu/reliability_medmnistc_ab/formal_runs/cross_path_random_grapha2_sel42_43_train42_43_20260917/runs/pathmnist/random/ratio_0.05/selection_seed_43/train_seed_42/aug_0/final.pt,2b72b67cd3160be7db0334a91c462015f4696e1ee0aea75e70315a2900b67e8a,0.5207538358806804,0.46949775859046455,contrast_up,pathmnist,0.5036777073377354,3194,random,9,7180,4491,3.5027901144889126,0.05,0.679372197309417,0.961038961038961,0.3893805309734513,0.02996845425867508,0.02608695652173913,0.8699324324324325,0.04588394062078273,0.004750593824228029,0.0008110300081103001,0.6403203342618384,5744,43,e5c828af1c174f27ededa892addbb3d5dec23dd566789feef7e07c1aaf82626d,5,42,0.0008110300081103001
0.6857938718662953,0,0.13631216979798103,0.6654171703464224,0.4968684942330915,499,/mnt/prj01/hgrp-1502-5TB/xuxiaoyu/reliability_medmnistc_ab/formal_runs/cross_path_random_grapha2_sel42_43_train42_43_20260917/runs/pathmnist/random/ratio_0.05/selection_seed_43/train_seed_42/aug_0/final.pt,2b72b67cd3160be7db0334a91c462015f4696e1ee0aea75e70315a2900b67e8a,0.18947278742179097,0.24902500481479106,defocus_blur,pathmnist,0.1831178904783427,1248,random,9,7180,4491,1.1787453487699722,0.05,0.953662182361734,1.0,0.5427728613569321,0.9779179810725552,0.442512077294686,0.22128378378378377,0.9527665317139001,0.498812351543943,0.39902676399026765,0.251566852367688,5744,43,e5c828af1c174f27ededa892addbb3d5dec23dd566789feef7e07c1aaf82626d,1,42,0.22128378378378377
0.5655988857938719,0,0.22675839742529647,0.557736608200921,0.7047847783644722,499,/mnt/prj01/hgrp-1502-5TB/xuxiaoyu/reliability_medmnistc_ab/formal_runs/cross_path_random_grapha2_sel42_43_train42_43_20260917/runs/pathmnist/random/ratio_0.05/selection_seed_43/train_seed_42/aug_0/final.pt,2b72b67cd3160be7db0334a91c462015f4696e1ee0aea75e70315a2900b67e8a,0.29715334956729245,0.3505020253135507,defocus_blur,pathmnist,0.3003405680812501,1885,random,9,7180,4491,1.8663293359447413,0.05,0.9334828101644245,1.0,0.5309734513274337,0.8343848580441641,0.11980676328502415,0.17060810810810811,0.97165991902834,0.31353919239904987,0.14517437145174372,0.36942896935933145,5744,43,e5c828af1c174f27ededa892addbb3d5dec23dd566789feef7e07c1aaf82626d,2,42,0.11980676328502415
0.503899721448468,0,0.3172202823585602,0.48843131701261683,0.8465775985893645,499,/mnt/prj01/hgrp-1502-5TB/xuxiaoyu/reliability_medmnistc_ab/formal_runs/cross_path_random_grapha2_sel42_43_train42_43_20260917/runs/pathmnist/random/ratio_0.05/selection_seed_43/train_seed_42/aug_0/final.pt,2b72b67cd3160be7db0334a91c462015f4696e1ee0aea75e70315a2900b67e8a,0.3664586407555966,0.4265131681606186,defocus_blur,pathmnist,0.37728067532306264,2412,random,9,7180,4491,2.4902333812040975,0.05,0.9334828101644245,1.0,0.5250737463126843,0.5425867507886435,0.04734299516908213,0.20270270270270271,0.979757085020243,0.12114014251781473,0.043795620437956206,0.4441155988857939,5744,43,e5c828af1c174f27ededa892addbb3d5dec23dd566789feef7e07c1aaf82626d,3,42,0.043795620437956206
0.47924791086350976,0,0.36757581416814583,0.45494790368473453,0.9029568804217835,499,/mnt/prj01/hgrp-1502-5TB/xuxiaoyu/reliability_medmnistc_ab/formal_runs/cross_path_random_grapha2_sel42_43_train42_43_20260917/runs/pathmnist/random/ratio_0.05/selection_seed_43/train_seed_42/aug_0/final.pt,2b72b67cd3160be7db0334a91c462015f4696e1ee0aea75e70315a2900b67e8a,0.3999420540834789,0.45678221855026563,defocus_blur,pathmnist,0.40787512225859013,2591,random,9,7180,4491,2.83844995781929,0.05,0.9417040358744395,1.0,0.4690265486725664,0.44637223974763407,0.01352657004830918,0.20270270270270271,0.9676113360323887,0.030878859857482184,0.0227088402270884,0.4662256267409471,5744,43,e5c828af1c174f27ededa892addbb3d5dec23dd566789feef7e07c1aaf82626d,4,42,0.01352657004830918
0.4391364902506964,0,0.4131691261452427,0.3994976878927674,0.9696920321792155,499,/mnt/prj01/hgrp-1502-5TB/xuxiaoyu/reliability_medmnistc_ab/formal_runs/cross_path_random_grapha2_sel42_43_train42_43_20260917/runs/pathmnist/random/ratio_0.05/selection_seed_43/train_seed_42/aug_0/final.pt,2b72b67cd3160be7db0334a91c462015f4696e1ee0aea75e70315a2900b67e8a,0.455392269875446,0.46644405429905794,defocus_blur,pathmnist,0.4414085913708947,2770,random,9,7180,4491,3.1318970171448566,0.05,0.9551569506726457,1.0,0.35398230088495575,0.15141955835962145,0.003864734299516908,0.21114864864864866,0.9014844804318488,0.009501187648456057,0.008921330089213302,0.5132311977715878,5744,43,e5c828af1c174f27ededa892addbb3d5dec23dd566789feef7e07c1aaf82626d,5,42,0.003864734299516908
0.8863509749303621,0,0.02550993584209584,0.8222384327959662,0.1830729582553497,499,/mnt/prj01/hgrp-1502-5TB/xuxiaoyu/reliability_medmnistc_ab/formal_runs/cross_path_random_grapha2_sel42_43_train42_43_20260917/runs/pathmnist/random/ratio_0.05/selection_seed_43/train_seed_42/aug_0/final.pt,2b72b67cd3160be7db0334a91c462015f4696e1ee0aea75e70315a2900b67e8a,0.032651524972247215,0.023752969121140166,jpeg_compression,pathmnist,0.04485495313794498,425,random,9,7180,4491,0.4300876240251694,0.05,0.9618834080717489,1.0,0.5162241887905604,0.9810725552050473,0.9855072463768116,0.6266891891891891,0.9487179487179487,0.44655581947743467,0.9334955393349554,0.05100974930362117,5744,43,e5c828af1c174f27ededa892addbb3d5dec23dd566789feef7e07c1aaf82626d,1,42,0.44655581947743467
0.879108635097493,0,0.02755024673875536,0.8101846191498546,0.19345384991483472,499,/mnt/prj01/hgrp-1502-5TB/xuxiaoyu/reliability_medmnistc_ab/formal_runs/cross_path_random_grapha2_sel42_43_train42_43_20260917/runs/pathmnist/random/ratio_0.05/selection_seed_43/train_seed_42/aug_0/final.pt,2b72b67cd3160be7db0334a91c462015f4696e1ee0aea75e70315a2900b67e8a,0.04470533861835879,0.009501187648456089,jpeg_compression,pathmnist,0.050426700418623044,445,random,9,7180,4491,0.4626253764679946,0.05,0.9835575485799701,1.0,0.471976401179941,0.9810725552050473,0.9845410628019323,0.5456081081081081,0.9500674763832658,0.46080760095011875,0.9140308191403081,0.05501392757660167,5744,43,e5c828af1c174f27ededa892addbb3d5dec23dd566789feef7e07c1aaf82626d,2,42,0.46080760095011875
0.7825905292479108,0,0.06970271865104193,0.729749803405797,0.3339940112469719,499,/mnt/prj01/hgrp-1502-5TB/xuxiaoyu/reliability_medmnistc_ab/formal_runs/cross_path_random_grapha2_sel42_43_train42_43_20260917/runs/pathmnist/random/ratio_0.05/selection_seed_43/train_seed_42/aug_0/final.pt,2b72b67cd3160be7db0334a91c462015f4696e1ee0aea75e70315a2900b67e8a,0.12514015436241643,0.1281258977431176,jpeg_compression,pathmnist,0.09665218670554147,691,random,9,7180,4491,0.7894364719635362,0.05,0.6307922272047832,1.0,0.3421828908554572,0.9574132492113565,0.9758454106280193,0.46790540540540543,0.893387314439946,0.42755344418052255,0.8726682887266829,0.1368384401114206,5744,43,e5c828af1c174f27ededa892addbb3d5dec23dd566789feef7e07c1aaf82626d,3,42,0.3421828908554572
0.6665738161559889,0,0.1472497264476497,0.6234005310806522,0.49492371650539807,499,/mnt/prj01/hgrp-1502-5TB/xuxiaoyu/reliability_medmnistc_ab/formal_runs/cross_path_random_grapha2_sel42_43_train42_43_20260917/runs/pathmnist/random/ratio_0.05/selection_seed_43/train_seed_42/aug_0/final.pt,2b72b67cd3160be7db0334a91c462015f4696e1ee0aea75e70315a2900b67e8a,0.23148942668756123,0.2402202930233536,jpeg_compression,pathmnist,0.15082542868875862,910,random,9,7180,4491,1.1489298760529456,0.05,0.3692077727952167,1.0,0.23008849557522124,0.8643533123028391,0.855072463768116,0.3327702702702703,0.8029689608636977,0.3491686460807601,0.8069748580697486,0.26270891364902504,5744,43,e5c828af1c174f27ededa892addbb3d5dec23dd566789feef7e07c1aaf82626d,4,42,0.23008849557522124
0.6096100278551532,0,0.17653133317470532,0.5646982472615296,0.5845562155689049,499,/mnt/prj01/hgrp-1502-5TB/xuxiaoyu/reliability_medmnistc_ab/formal_runs/cross_path_random_grapha2_sel42_43_train42_43_20260917/runs/pathmnist/random/ratio_0.05/selection_seed_43/train_seed_42/aug_0/final.pt,2b72b67cd3160be7db0334a91c462015f4696e1ee0aea75e70315a2900b67e8a,0.2901917105066838,0.3757141940039802,jpeg_compression,pathmnist,0.21380593419324057,1117,random,9,7180,4491,1.4231939405440222,0.05,0.21599402092675635,1.0,0.25073746312684364,0.5378548895899053,0.9748792270531401,0.0945945945945946,0.8016194331983806,0.4085510688836104,0.7980535279805353,0.31145543175487467,5744,43,e5c828af1c174f27ededa892addbb3d5dec23dd566789feef7e07c1aaf82626d,5,42,0.0945945945945946
0.7317548746518105,0,0.1036159696472494,0.6879448980676464,0.4180953513580253,499,/mnt/prj01/hgrp-1502-5TB/xuxiaoyu/reliability_medmnistc_ab/formal_runs/cross_path_random_grapha2_sel42_43_train42_43_20260917/runs/pathmnist/random/ratio_0.05/selection_seed_43/train_seed_42/aug_0/final.pt,2b72b67cd3160be7db0334a91c462015f4696e1ee0aea75e70315a2900b67e8a,0.16694505970056706,0.18145743724722346,motion_blur,pathmnist,0.1443727885925504,989,random,9,7180,4491,0.9685153211308115,0.05,0.9648729446935725,1.0,0.336283185840708,0.9258675078864353,0.6618357487922706,0.28885135135135137,0.9568151147098516,0.5581947743467933,0.49878345498783455,0.19951253481894152,5744,43,e5c828af1c174f27ededa892addbb3d5dec23dd566789feef7e07c1aaf82626d,1,42,0.28885135135135137
0.7207520891364902,0,0.11348446343322785,0.6750991470164783,0.44101179518037187,499,/mnt/prj01/hgrp-1502-5TB/xuxiaoyu/reliability_medmnistc_ab/formal_runs/cross_path_random_grapha2_sel42_43_train42_43_20260917/runs/pathmnist/random/ratio_0.05/selection_seed_43/train_seed_42/aug_0/final.pt,2b72b67cd3160be7db0334a91c462015f4696e1ee0aea75e70315a2900b67e8a,0.1797908107517351,0.18821419400398026,motion_blur,pathmnist,0.15187948637104962,1044,random,9,7180,4491,1.0311439312377633,0.05,0.9626307922272048,1.0,0.336283185840708,0.886435331230284,0.6367149758454106,0.28209459459459457,0.9568151147098516,0.5201900237529691,0.49472830494728304,0.2157033426183844,5744,43,e5c828af1c174f27ededa892addbb3d5dec23dd566789feef7e07c1aaf82626d,2,42,0.28209459459459457
0.7220055710306407,0,0.11131651282457143,0.6765355163511608,0.43330585068481864,499,/mnt/prj01/hgrp-1502-5TB/xuxiaoyu/reliability_medmnistc_ab/formal_runs/cross_path_random_grapha2_sel42_43_train42_43_20260917/runs/pathmnist/random/ratio_0.05/selection_seed_43/train_seed_42/aug_0/final.pt,2b72b67cd3160be7db0334a91c462015f4696e1ee0aea75e70315a2900b67e8a,0.1783544414170526,0.1932817615715478,motion_blur,pathmnist,0.14652075827910377,1037,random,9,7180,4491,1.0162811600871242,0.05,0.9663677130044843,1.0,0.336283185840708,0.9022082018927445,0.6521739130434783,0.27702702702702703,0.9568151147098516,0.517814726840855,0.48012976480129765,0.20908774373259054,5744,43,e5c828af1c174f27ededa892addbb3d5dec23dd566789feef7e07c1aaf82626d,3,42,0.27702702702702703
0.5887186629526462,0,0.21492045162091022,0.5532287428025968,0.6463386654415726,499,/mnt/prj01/hgrp-1502-5TB/xuxiaoyu/reliability_medmnistc_ab/formal_runs/cross_path_random_grapha2_sel42_43_train42_43_20260917/runs/pathmnist/random/ratio_0.05/selection_seed_43/train_seed_42/aug_0/final.pt,2b72b67cd3160be7db0334a91c462015f4696e1ee0aea75e70315a2900b67e8a,0.3016612149656166,0.27322849662777193,motion_blur,pathmnist,0.2573054090640339,1538,random,9,7180,4491,1.6439401487808,0.05,0.9596412556053812,1.0,0.3480825958702065,0.5899053627760252,0.3652173913043478,0.22297297297297297,0.9541160593792173,0.342042755344418,0.19708029197080293,0.3466225626740947,5744,43,e5c828af1c174f27ededa892addbb3d5dec23dd566789feef7e07c1aaf82626d,4,42,0.19708029197080293
0.4977715877437326,0,0.31966981309852854,0.46685125620114054,0.7977251292162043,499,/mnt/prj01/hgrp-1502-5TB/xuxiaoyu/reliability_medmnistc_ab/formal_runs/cross_path_random_grapha2_sel42_43_train42_43_20260917/runs/pathmnist/random/ratio_0.05/selection_seed_43/train_seed_42/aug_0/final.pt,2b72b67cd3160be7db0334a91c462015f4696e1ee0aea75e70315a2900b67e8a,0.3880387015670729,0.4102925679984126,motion_blur,pathmnist,0.3309136178624663,1854,random,9,7180,4491,2.2059949686226186,0.05,0.952914798206278,1.0,0.4218289085545723,0.334384858044164,0.1855072463768116,0.20608108108108109,0.8461538461538461,0.19477434679334918,0.06001622060016221,0.43819637883008355,5744,43,e5c828af1c174f27ededa892addbb3d5dec23dd566789feef7e07c1aaf82626d,5,42,0.06001622060016221
0.9020891364902507,0,0.017370099574662658,0.8531612198887929,0.15122394492500776,499,/mnt/prj01/hgrp-1502-5TB/xuxiaoyu/reliability_medmnistc_ab/formal_runs/cross_path_random_grapha2_sel42_43_train42_43_20260917/runs/pathmnist/random/ratio_0.05/selection_seed_43/train_seed_42/aug_0/final.pt,2b72b67cd3160be7db0334a91c462015f4696e1ee0aea75e70315a2900b67e8a,0.0017287378794205166,-0.040380047505938266,pixelate,pathmnist,0.03235236612825669,306,random,9,7180,4491,0.3435755969684764,0.05,0.9521674140508222,1.0,0.6578171091445427,0.998422712933754,0.966183574879227,0.6993243243243243,0.9433198380566802,0.5106888361045131,0.9505271695052717,0.030118384401114206,5744,43,e5c828af1c174f27ededa892addbb3d5dec23dd566789feef7e07c1aaf82626d,1,42,0.5106888361045131
0.8955431754874652,0,0.020186043878005905,0.8460791427987289,0.1621144855121451,499,/mnt/prj01/hgrp-1502-5TB/xuxiaoyu/reliability_medmnistc_ab/formal_runs/cross_path_random_grapha2_sel42_43_train42_43_20260917/runs/pathmnist/random/ratio_0.05/selection_seed_43/train_seed_42/aug_0/final.pt,2b72b67cd3160be7db0334a91c462015f4696e1ee0aea75e70315a2900b67e8a,0.008810814969484548,-0.061757719714964354,pixelate,pathmnist,0.03739643443718263,343,random,9,7180,4491,0.36651872725019946,0.05,0.9581464872944694,1.0,0.6312684365781711,0.998422712933754,0.9623188405797102,0.6621621621621622,0.9433198380566802,0.5320665083135392,0.927007299270073,0.03812674094707521,5744,43,e5c828af1c174f27ededa892addbb3d5dec23dd566789feef7e07c1aaf82626d,2,42,0.5320665083135392
0.8784122562674095,0,0.026817547425937366,0.8289031162907727,0.1890334639673755,499,/mnt/prj01/hgrp-1502-5TB/xuxiaoyu/reliability_medmnistc_ab/formal_runs/cross_path_random_grapha2_sel42_43_train42_43_20260917/runs/pathmnist/random/ratio_0.05/selection_seed_43/train_seed_42/aug_0/final.pt,2b72b67cd3160be7db0334a91c462015f4696e1ee0aea75e70315a2900b67e8a,0.02598684147744068,-0.09263657957244653,pixelate,pathmnist,0.04742189073795066,431,random,9,7180,4491,0.4266330865585791,0.05,0.9618834080717489,1.0,0.5958702064896755,0.9968454258675079,0.9400966183574879,0.581081081081081,0.9365721997300944,0.5629453681710214,0.8848337388483374,0.05536211699164345,5744,43,e5c828af1c174f27ededa892addbb3d5dec23dd566789feef7e07c1aaf82626d,3,42,0.5629453681710214
0.8612813370473538,0,0.03617284706869139,0.8079461376944486,0.2198778738537843,499,/mnt/prj01/hgrp-1502-5TB/xuxiaoyu/reliability_medmnistc_ab/formal_runs/cross_path_random_grapha2_sel42_43_train42_43_20260917/runs/pathmnist/random/ratio_0.05/selection_seed_43/train_seed_42/aug_0/final.pt,2b72b67cd3160be7db0334a91c462015f4696e1ee0aea75e70315a2900b67e8a,0.04694382007376485,-0.01448850869872248,pixelate,pathmnist,0.05966163037713193,508,random,9,7180,4491,0.49673790025518877,0.05,0.9633781763826607,1.0,0.551622418879056,0.9905362776025236,0.9111111111111111,0.4847972972972973,0.9433198380566802,0.5605700712589073,0.8661800486618005,0.07294568245125348,5744,43,e5c828af1c174f27ededa892addbb3d5dec23dd566789feef7e07c1aaf82626d,4,42,0.4847972972972973
0.8380222841225626,0,0.04712901088577568,0.7692359692345533,0.25489162863476095,499,/mnt/prj01/hgrp-1502-5TB/xuxiaoyu/reliability_medmnistc_ab/formal_runs/cross_path_random_grapha2_sel42_43_train42_43_20260917/runs/pathmnist/random/ratio_0.05/selection_seed_43/train_seed_42/aug_0/final.pt,2b72b67cd3160be7db0334a91c462015f4696e1ee0aea75e70315a2900b67e8a,0.08565398853366013,0.08076009501187648,pixelate,pathmnist,0.07470018659253974,608,random,9,7180,4491,0.5747168055462657,0.05,0.9626307922272048,1.0,0.5368731563421829,0.8391167192429022,0.8724637681159421,0.5050675675675675,0.8920377867746289,0.38954869358669836,0.9253852392538524,0.0927924791086351,5744,43,e5c828af1c174f27ededa892addbb3d5dec23dd566789feef7e07c1aaf82626d,5,42,0.38954869358669836
0.8447075208913649,0,0.04812046835460422,0.8170641486681445,0.23442540405328055,499,/mnt/prj01/hgrp-1502-5TB/xuxiaoyu/reliability_medmnistc_ab/formal_runs/cross_path_random_grapha2_sel42_43_train42_43_20260917/runs/pathmnist/random/ratio_0.05/selection_seed_43/train_seed_42/aug_0/final.pt,2b72b67cd3160be7db0334a91c462015f4696e1ee0aea75e70315a2900b67e8a,0.03782580910006894,-0.026128266033254133,saturate,pathmnist,0.05156704697104217,452,random,9,7180,4491,0.5311802163956222,0.05,0.953662182361734,1.0,0.7640117994100295,0.8217665615141956,0.7304347826086957,0.8293918918918919,0.9379217273954116,0.49643705463182897,0.8199513381995134,0.0826949860724234,5744,43,e5c828af1c174f27ededa892addbb3d5dec23dd566789feef7e07c1aaf82626d,1,42,0.49643705463182897
0.6011142061281337,0,0.24859413948819395,0.6083603324751926,0.6404622249315917,499,/mnt/prj01/hgrp-1502-5TB/xuxiaoyu/reliability_medmnistc_ab/formal_runs/cross_path_random_grapha2_sel42_43_train42_43_20260917/runs/pathmnist/random/ratio_0.05/selection_seed_43/train_seed_42/aug_0/final.pt,2b72b67cd3160be7db0334a91c462015f4696e1ee0aea75e70315a2900b67e8a,0.2465296252930208,0.3331107209657246,saturate,pathmnist,0.23426647931544892,1580,random,9,7180,4491,1.579166732777138,0.05,0.8408071748878924,1.0,0.6873156342182891,0.5,0.13719806763285025,0.893581081081081,0.7651821862348178,0.30403800475059384,0.3471208434712084,0.3555013927576602,5744,43,e5c828af1c174f27ededa892addbb3d5dec23dd566789feef7e07c1aaf82626d,2,42,0.13719806763285025
0.39958217270194984,0,0.4381028828265318,0.41661995700646154,0.9929688038101,499,/mnt/prj01/hgrp-1502-5TB/xuxiaoyu/reliability_medmnistc_ab/formal_runs/cross_path_random_grapha2_sel42_43_train42_43_20260917/runs/pathmnist/random/ratio_0.05/selection_seed_43/train_seed_42/aug_0/final.pt,2b72b67cd3160be7db0334a91c462015f4696e1ee0aea75e70315a2900b67e8a,0.4382700007617519,0.45388366782562795,saturate,pathmnist,0.4272803927592746,2581,random,9,7180,4491,2.8416434333699696,0.05,0.6121076233183856,1.0,0.49852507374631266,0.3911671924290221,0.01642512077294686,0.8969594594594594,0.252361673414305,0.06175771971496437,0.0202757502027575,0.5677228412256268,5744,43,e5c828af1c174f27ededa892addbb3d5dec23dd566789feef7e07c1aaf82626d,3,42,0.01642512077294686
0.3118384401114206,0,0.5444445075069387,0.3396321972151476,1.2005941099651907,499,/mnt/prj01/hgrp-1502-5TB/xuxiaoyu/reliability_medmnistc_ab/formal_runs/cross_path_random_grapha2_sel42_43_train42_43_20260917/runs/pathmnist/random/ratio_0.05/selection_seed_43/train_seed_42/aug_0/final.pt,2b72b67cd3160be7db0334a91c462015f4696e1ee0aea75e70315a2900b67e8a,0.5152577605530658,0.47030878859857483,saturate,pathmnist,0.5542437257291879,3526,random,9,7180,4491,3.747877420982353,0.05,0.37668161434977576,1.0,0.49557522123893805,0.2586750788643533,0.011594202898550725,0.8952702702702703,0.018893387314439947,0.0,0.0,0.6702646239554317,5744,43,e5c828af1c174f27ededa892addbb3d5dec23dd566789feef7e07c1aaf82626d,4,42,0.0
0.2636490250696379,0,0.6584692254017972,0.2952387712194655,1.2862896344495096,499,/mnt/prj01/hgrp-1502-5TB/xuxiaoyu/reliability_medmnistc_ab/formal_runs/cross_path_random_grapha2_sel42_43_train42_43_20260917/runs/pathmnist/random/ratio_0.05/selection_seed_43/train_seed_42/aug_0/final.pt,2b72b67cd3160be7db0334a91c462015f4696e1ee0aea75e70315a2900b67e8a,0.5596511865487479,0.47030878859857483,saturate,pathmnist,0.6057451428601668,3702,random,9,7180,4491,4.22756226039175,0.05,0.25037369207772797,1.0,0.49852507374631266,0.011041009463722398,0.008695652173913044,0.8885135135135135,0.0,0.0,0.0,0.7047353760445683,5744,43,e5c828af1c174f27ededa892addbb3d5dec23dd566789feef7e07c1aaf82626d,5,42,0.0
0.9045961002785515,0,0.015721686723201005,0.855174484362489,0.14373880168752312,499,/mnt/prj01/hgrp-1502-5TB/xuxiaoyu/reliability_medmnistc_ab/formal_runs/cross_path_random_grapha2_sel42_43_train42_43_20260917/runs/pathmnist/random/ratio_0.05/selection_seed_43/train_seed_42/aug_0/final.pt,2b72b67cd3160be7db0334a91c462015f4696e1ee0aea75e70315a2900b67e8a,-0.00028452659427558036,0.023752969121140166,stain_deposit,pathmnist,0.024999219758181885,252,random,9,7180,4491,0.3310750036310968,0.05,0.9678624813153961,1.0,0.7079646017699115,0.9968454258675079,0.966183574879227,0.7297297297297297,0.9325236167341431,0.44655581947743467,0.948905109489051,0.02663649025069638,5744,43,e5c828af1c174f27ededa892addbb3d5dec23dd566789feef7e07c1aaf82626d,1,42,0.44655581947743467
0.9032033426183844,0,0.016742132068349975,0.8535677384298866,0.14666495733853172,499,/mnt/prj01/hgrp-1502-5TB/xuxiaoyu/reliability_medmnistc_ab/formal_runs/cross_path_random_grapha2_sel42_43_train42_43_20260917/runs/pathmnist/random/ratio_0.05/selection_seed_43/train_seed_42/aug_0/final.pt,2b72b67cd3160be7db0334a91c462015f4696e1ee0aea75e70315a2900b67e8a,0.0013222193383267689,0.0498812351543943,stain_deposit,pathmnist,0.01923578557322285,235,random,9,7180,4491,0.34026243922683325,0.05,0.9738415545590433,1.0,0.7345132743362832,0.9936908517350158,0.9719806763285024,0.722972972972973,0.9230769230769231,0.42042755344418054,0.9416058394160584,0.02924791086350975,5744,43,e5c828af1c174f27ededa892addbb3d5dec23dd566789feef7e07c1aaf82626d,2,42,0.42042755344418054
0.8977715877437326,0,0.017649855911952457,0.845845618577461,0.15284636376214314,499,/mnt/prj01/hgrp-1502-5TB/xuxiaoyu/reliability_medmnistc_ab/formal_runs/cross_path_random_grapha2_sel42_43_train42_43_20260917/runs/pathmnist/random/ratio_0.05/selection_seed_43/train_seed_42/aug_0/final.pt,2b72b67cd3160be7db0334a91c462015f4696e1ee0aea75e70315a2900b67e8a,0.009044339190752426,0.06413301662707838,stain_deposit,pathmnist,0.014711927873676565,220,random,9,7180,4491,0.3551435034354641,0.05,0.976083707025411,1.0,0.7109144542772862,0.9905362776025236,0.9710144927536232,0.7212837837837838,0.9014844804318488,0.40617577197149646,0.935117599351176,0.031337047353760444,5744,43,e5c828af1c174f27ededa892addbb3d5dec23dd566789feef7e07c1aaf82626d,3,42,0.40617577197149646
0.8915041782729805,0,0.01968688477112912,0.8422977443599192,0.16236309409426164,499,/mnt/prj01/hgrp-1502-5TB/xuxiaoyu/reliability_medmnistc_ab/formal_runs/cross_path_random_grapha2_sel42_43_train42_43_20260917/runs/pathmnist/random/ratio_0.05/selection_seed_43/train_seed_42/aug_0/final.pt,2b72b67cd3160be7db0334a91c462015f4696e1ee0aea75e70315a2900b67e8a,0.012592213408294195,0.09501187648456061,stain_deposit,pathmnist,0.014208381097960967,232,random,9,7180,4491,0.3805133066695873,0.05,0.9701046337817638,1.0,0.7610619469026548,0.9905362776025236,0.966183574879227,0.7111486486486487,0.8866396761133604,0.3752969121140142,0.9197080291970803,0.03743036211699164,5744,43,e5c828af1c174f27ededa892addbb3d5dec23dd566789feef7e07c1aaf82626d,4,42,0.3752969121140142
0.8828690807799443,0,0.023082916382429756,0.8314483294551513,0.17665443693707125,499,/mnt/prj01/hgrp-1502-5TB/xuxiaoyu/reliability_medmnistc_ab/formal_runs/cross_path_random_grapha2_sel42_43_train42_43_20260917/runs/pathmnist/random/ratio_0.05/selection_seed_43/train_seed_42/aug_0/final.pt,2b72b67cd3160be7db0334a91c462015f4696e1ee0aea75e70315a2900b67e8a,0.02344162831306207,0.11876484560570072,stain_deposit,pathmnist,0.015492850324154551,221,random,9,7180,4491,0.41593477427220005,0.05,0.976831091180867,1.0,0.7699115044247787,0.973186119873817,0.9681159420289855,0.6959459459459459,0.8326585695006747,0.3515439429928741,0.9148418491484185,0.042827298050139274,5744,43,e5c828af1c174f27ededa892addbb3d5dec23dd566789feef7e07c1aaf82626d,5,42,0.3515439429928741
0.9136490250696379,0,0.01838573409404616,0.8768055603577839,0.13822742602228555,499,/mnt/prj01/hgrp-1502-5TB/xuxiaoyu/reliability_medmnistc_ab/formal_runs/cross_path_random_grapha2_sel42_43_train42_43_20260917/runs/pathmnist/random/ratio_0.05/selection_seed_43/train_seed_43/aug_0/final.pt,24eb39b6eb7525b6c85064887c09c0eed981752973f886d0f5a1e27f2d45acdf,,,clean,pathmnist,0.02856314279823917,298,random,9,7180,4491,0.3320356074024657,0.05,0.9439461883408071,1.0,0.8436578171091446,0.9858044164037855,0.9729468599033816,0.8175675675675675,0.9446693657219973,0.43942992874109266,0.943227899432279,0.03151114206128134,5744,43,e5c828af1c174f27ededa892addbb3d5dec23dd566789feef7e07c1aaf82626d,0,43,0.43942992874109266
0.6231197771587744,0,0.19224293312411203,0.5434911575196826,0.5897061103604958,499,/mnt/prj01/hgrp-1502-5TB/xuxiaoyu/reliability_medmnistc_ab/formal_runs/cross_path_random_grapha2_sel42_43_train42_43_20260917/runs/pathmnist/random/ratio_0.05/selection_seed_43/train_seed_43/aug_0/final.pt,24eb39b6eb7525b6c85064887c09c0eed981752973f886d0f5a1e27f2d45acdf,0.3333144028381013,0.32541567695962,brightness_down,pathmnist,0.226815289690634,1344,random,9,7180,4491,1.506190806041552,0.05,0.9573991031390134,1.0,0.5191740412979351,0.6640378548895899,0.242512077294686,0.2179054054054054,0.2631578947368421,0.11401425178147269,0.9132197891321979,0.30170612813370473,5744,43,e5c828af1c174f27ededa892addbb3d5dec23dd566789feef7e07c1aaf82626d,1,43,0.11401425178147269
0.4892757660167131,0,0.32615097211203803,0.40619478068613396,0.8385739761787825,499,/mnt/prj01/hgrp-1502-5TB/xuxiaoyu/reliability_medmnistc_ab/formal_runs/cross_path_random_grapha2_sel42_43_train42_43_20260917/runs/pathmnist/random/ratio_0.05/selection_seed_43/train_seed_43/aug_0/final.pt,24eb39b6eb7525b6c85064887c09c0eed981752973f886d0f5a1e27f2d45acdf,0.47061077967164994,0.4346793349168646,brightness_down,pathmnist,0.34988872327512355,1988,random,9,7180,4491,2.446949906977822,0.05,0.9932735426008968,1.0,0.49852507374631266,0.3501577287066246,0.022222222222222223,0.04560810810810811,0.04048582995951417,0.004750593824228029,0.7007299270072993,0.44846796657381616,5744,43,e5c828af1c174f27ededa892addbb3d5dec23dd566789feef7e07c1aaf82626d,2,43,0.004750593824228029
0.3192200557103064,0,0.46601442578477154,0.2752552069403591,1.1790442467294848,499,/mnt/prj01/hgrp-1502-5TB/xuxiaoyu/reliability_medmnistc_ab/formal_runs/cross_path_random_grapha2_sel42_43_train42_43_20260917/runs/pathmnist/random/ratio_0.05/selection_seed_43/train_seed_43/aug_0/final.pt,24eb39b6eb7525b6c85064887c09c0eed981752973f886d0f5a1e27f2d45acdf,0.6015503534174248,0.43942992874109266,brightness_down,pathmnist,0.5636323164017419,3367,random,9,7180,4491,3.740597288825373,0.05,0.8841554559043349,1.0,0.49852507374631266,0.014195583596214511,0.0,0.02364864864864865,0.0,0.0,0.05677210056772101,0.6175139275766016,5744,43,e5c828af1c174f27ededa892addbb3d5dec23dd566789feef7e07c1aaf82626d,3,43,0.0
0.30376044568245125,0,0.5449767945364813,0.26460789781010824,1.3077941039400682,499,/mnt/prj01/hgrp-1502-5TB/xuxiaoyu/reliability_medmnistc_ab/formal_runs/cross_path_random_grapha2_sel42_43_train42_43_20260917/runs/pathmnist/random/ratio_0.05/selection_seed_43/train_seed_43/aug_0/final.pt,24eb39b6eb7525b6c85064887c09c0eed981752973f886d0f5a1e27f2d45acdf,0.6121976625476757,0.43942992874109266,brightness_down,pathmnist,0.6341796445149233,4312,random,9,7180,4491,4.669300171702919,0.05,0.8609865470852018,1.0,0.49852507374631266,0.0,0.0,0.02195945945945946,0.0,0.0,0.0,0.6615598885793872,5744,43,e5c828af1c174f27ededa892addbb3d5dec23dd566789feef7e07c1aaf82626d,4,43,0.0
0.28885793871866294,0,0.6073246532742577,0.255094460606088,1.3635743167806604,499,/mnt/prj01/hgrp-1502-5TB/xuxiaoyu/reliability_medmnistc_ab/formal_runs/cross_path_random_grapha2_sel42_43_train42_43_20260917/runs/pathmnist/random/ratio_0.05/selection_seed_43/train_seed_43/aug_0/final.pt,24eb39b6eb7525b6c85064887c09c0eed981752973f886d0f5a1e27f2d45acdf,0.6217110997516959,0.43942992874109266,brightness_down,pathmnist,0.6625037630661949,4651,random,9,7180,4491,5.214596711311831,0.05,0.7855007473841554,1.0,0.49852507374631266,0.0,0.0,0.011824324324324325,0.0,0.0,0.0,0.7177924791086351,5744,43,e5c828af1c174f27ededa892addbb3d5dec23dd566789feef7e07c1aaf82626d,5,43,0.0
0.6012534818941504,0,0.22218850242150626,0.5863613730561195,0.6349428075461518,499,/mnt/prj01/hgrp-1502-5TB/xuxiaoyu/reliability_medmnistc_ab/formal_runs/cross_path_random_grapha2_sel42_43_train42_43_20260917/runs/pathmnist/random/ratio_0.05/selection_seed_43/train_seed_43/aug_0/final.pt,24eb39b6eb7525b6c85064887c09c0eed981752973f886d0f5a1e27f2d45acdf,0.29044418730166444,0.2304038004750594,brightness_up,pathmnist,0.23887032762709431,1567,random,9,7180,4491,1.5711071723936856,0.05,0.26606875934230195,1.0,0.4808259587020649,0.5283911671924291,0.5980676328502416,0.8885135135135135,0.46288798920377866,0.20902612826603326,0.8434712084347121,0.3450557103064067,5744,43,e5c828af1c174f27ededa892addbb3d5dec23dd566789feef7e07c1aaf82626d,1,43,0.20902612826603326
0.36991643454038997,0,0.4364462545244661,0.3788056382727293,1.0581728462192788,499,/mnt/prj01/hgrp-1502-5TB/xuxiaoyu/reliability_medmnistc_ab/formal_runs/cross_path_random_grapha2_sel42_43_train42_43_20260917/runs/pathmnist/random/ratio_0.05/selection_seed_43/train_seed_43/aug_0/final.pt,24eb39b6eb7525b6c85064887c09c0eed981752973f886d0f5a1e27f2d45acdf,0.4979999220850546,0.4080397942119447,brightness_up,pathmnist,0.47377692595705345,2982,random,9,7180,4491,2.9350363971655646,0.05,0.03139013452914798,1.0,0.336283185840708,0.23659305993690852,0.14492753623188406,0.9003378378378378,0.14709851551956815,0.05463182897862233,0.5579886455798865,0.6079387186629527,5744,43,e5c828af1c174f27ededa892addbb3d5dec23dd566789feef7e07c1aaf82626d,2,43,0.03139013452914798
0.2416434540389972,0,0.5158199241005224,0.2581192946258831,1.2946277446323295,499,/mnt/prj01/hgrp-1502-5TB/xuxiaoyu/reliability_medmnistc_ab/formal_runs/cross_path_random_grapha2_sel42_43_train42_43_20260917/runs/pathmnist/random/ratio_0.05/selection_seed_43/train_seed_43/aug_0/final.pt,24eb39b6eb7525b6c85064887c09c0eed981752973f886d0f5a1e27f2d45acdf,0.6186862657319008,0.4278357258425419,brightness_up,pathmnist,0.61760704466933,3731,random,9,7180,4491,3.842822928210745,0.05,0.017937219730941704,1.0,0.14454277286135694,0.01892744479495268,0.011594202898550725,0.9070945945945946,0.022941970310391364,0.011876484560570071,0.18815896188158962,0.7332869080779945,5744,43,e5c828af1c174f27ededa892addbb3d5dec23dd566789feef7e07c1aaf82626d,3,43,0.011594202898550725
0.2181058495821727,0,0.5302637176266137,0.2362326474703914,1.3560481846644024,499,/mnt/prj01/hgrp-1502-5TB/xuxiaoyu/reliability_medmnistc_ab/formal_runs/cross_path_random_grapha2_sel42_43_train42_43_20260917/runs/pathmnist/random/ratio_0.05/selection_seed_43/train_seed_43/aug_0/final.pt,24eb39b6eb7525b6c85064887c09c0eed981752973f886d0f5a1e27f2d45acdf,0.6405729128873925,0.43556519444157576,brightness_up,pathmnist,0.6534945802602263,3999,random,9,7180,4491,4.1232281959805475,0.05,0.013452914798206279,1.0,0.07964601769911504,0.006309148264984227,0.003864734299516908,0.9070945945945946,0.012145748987854251,0.009501187648456057,0.09407948094079481,0.7501740947075209,5744,43,e5c828af1c174f27ededa892addbb3d5dec23dd566789feef7e07c1aaf82626d,4,43,0.003864734299516908
0.19763231197771589,0,0.5426254894462067,0.2171473126081006,1.4350852812481527,499,/mnt/prj01/hgrp-1502-5TB/xuxiaoyu/reliability_medmnistc_ab/formal_runs/cross_path_random_grapha2_sel42_43_train42_43_20260917/runs/pathmnist/random/ratio_0.05/selection_seed_43/train_seed_43/aug_0/final.pt,24eb39b6eb7525b6c85064887c09c0eed981752973f886d0f5a1e27f2d45acdf,0.6596582477496833,0.43942992874109266,brightness_up,pathmnist,0.7030873879458247,4484,random,9,7180,4491,4.539387683061171,0.05,0.0,1.0,0.02064896755162242,0.0,0.000966183574879227,0.9070945945945946,0.005398110661268556,0.0023752969121140144,0.017842660178426603,0.7587047353760445,5744,43,e5c828af1c174f27ededa892addbb3d5dec23dd566789feef7e07c1aaf82626d,5,43,0.0
0.8930362116991644,0,0.025455853681191336,0.8628372458882407,0.16595579311568248,499,/mnt/prj01/hgrp-1502-5TB/xuxiaoyu/reliability_medmnistc_ab/formal_runs/cross_path_random_grapha2_sel42_43_train42_43_20260917/runs/pathmnist/random/ratio_0.05/selection_seed_43/train_seed_43/aug_0/final.pt,24eb39b6eb7525b6c85064887c09c0eed981752973f886d0f5a1e27f2d45acdf,0.013968314469543164,-0.0665083135391924,bubble,pathmnist,0.03911898498498628,372,random,9,7180,4491,0.37722247622420574,0.05,0.9342301943198804,1.0,0.831858407079646,0.9858044164037855,0.9729468599033816,0.7331081081081081,0.9500674763832658,0.505938242280285,0.851581508515815,0.04369777158774373,5744,43,e5c828af1c174f27ededa892addbb3d5dec23dd566789feef7e07c1aaf82626d,1,43,0.505938242280285
0.8855153203342618,0,0.030918297205839246,0.8580138704669751,0.18151409521366352,499,/mnt/prj01/hgrp-1502-5TB/xuxiaoyu/reliability_medmnistc_ab/formal_runs/cross_path_random_grapha2_sel42_43_train42_43_20260917/runs/pathmnist/random/ratio_0.05/selection_seed_43/train_seed_43/aug_0/final.pt,24eb39b6eb7525b6c85064887c09c0eed981752973f886d0f5a1e27f2d45acdf,0.018791689890808816,-0.0783847980997624,bubble,pathmnist,0.04388097543943894,432,random,9,7180,4491,0.40827136623833843,0.05,0.9327354260089686,1.0,0.8141592920353983,0.9810725552050473,0.9710144927536232,0.7347972972972973,0.9676113360323887,0.517814726840855,0.8029197080291971,0.05188022284122563,5744,43,e5c828af1c174f27ededa892addbb3d5dec23dd566789feef7e07c1aaf82626d,2,43,0.517814726840855
0.8784122562674095,0,0.0336600188928617,0.8501906966969882,0.1894983876380575,499,/mnt/prj01/hgrp-1502-5TB/xuxiaoyu/reliability_medmnistc_ab/formal_runs/cross_path_random_grapha2_sel42_43_train42_43_20260917/runs/pathmnist/random/ratio_0.05/selection_seed_43/train_seed_43/aug_0/final.pt,24eb39b6eb7525b6c85064887c09c0eed981752973f886d0f5a1e27f2d45acdf,0.026614863660795685,-0.0498812351543943,bubble,pathmnist,0.04472586123226081,431,random,9,7180,4491,0.4267983444311324,0.05,0.9267563527653214,1.0,0.8082595870206489,0.9810725552050473,0.9758454106280193,0.7280405405405406,0.9581646423751687,0.48931116389548696,0.7842660178426601,0.05727715877437326,5744,43,e5c828af1c174f27ededa892addbb3d5dec23dd566789feef7e07c1aaf82626d,3,43,0.48931116389548696
0.868941504178273,0,0.040340449343750695,0.8437493452345973,0.2082605361804106,499,/mnt/prj01/hgrp-1502-5TB/xuxiaoyu/reliability_medmnistc_ab/formal_runs/cross_path_random_grapha2_sel42_43_train42_43_20260917/runs/pathmnist/random/ratio_0.05/selection_seed_43/train_seed_43/aug_0/final.pt,24eb39b6eb7525b6c85064887c09c0eed981752973f886d0f5a1e27f2d45acdf,0.03305621512318657,-0.0498812351543943,bubble,pathmnist,0.0501360703270083,483,random,9,7180,4491,0.4709496128170217,0.05,0.9192825112107623,1.0,0.8082595870206489,0.9763406940063092,0.9758454106280193,0.7195945945945946,0.9662618083670715,0.48931116389548696,0.7388483373884833,0.0685933147632312,5744,43,e5c828af1c174f27ededa892addbb3d5dec23dd566789feef7e07c1aaf82626d,4,43,0.48931116389548696
0.8547353760445683,0,0.0454226427792394,0.8306337131195746,0.22670131608980218,499,/mnt/prj01/hgrp-1502-5TB/xuxiaoyu/reliability_medmnistc_ab/formal_runs/cross_path_random_grapha2_sel42_43_train42_43_20260917/runs/pathmnist/random/ratio_0.05/selection_seed_43/train_seed_43/aug_0/final.pt,24eb39b6eb7525b6c85064887c09c0eed981752973f886d0f5a1e27f2d45acdf,0.04617184723820933,-0.0498812351543943,bubble,pathmnist,0.05107508985777085,481,random,9,7180,4491,0.5048385479812398,0.05,0.906576980568012,0.9988193624557261,0.7905604719764012,0.973186119873817,0.978743961352657,0.6925675675675675,0.9460188933873145,0.48931116389548696,0.699918896999189,0.07973537604456825,5744,43,e5c828af1c174f27ededa892addbb3d5dec23dd566789feef7e07c1aaf82626d,5,43,0.48931116389548696
0.8098885793871866,0,0.05676566950321108,0.7663962028862132,0.2881437271757259,499,/mnt/prj01/hgrp-1502-5TB/xuxiaoyu/reliability_medmnistc_ab/formal_runs/cross_path_random_grapha2_sel42_43_train42_43_20260917/runs/pathmnist/random/ratio_0.05/selection_seed_43/train_seed_43/aug_0/final.pt,24eb39b6eb7525b6c85064887c09c0eed981752973f886d0f5a1e27f2d45acdf,0.11040935747157066,0.1971496437054632,contrast_down,pathmnist,0.07609495781880896,568,random,9,7180,4491,0.6911862384497235,0.05,0.7115097159940209,1.0,0.7079646017699115,0.9810725552050473,0.9101449275362319,0.6858108108108109,0.6936572199730094,0.24228028503562946,0.9651257096512571,0.10706824512534818,5744,43,e5c828af1c174f27ededa892addbb3d5dec23dd566789feef7e07c1aaf82626d,1,43,0.24228028503562946
0.5763231197771588,0,0.2103281676516091,0.5252553686308795,0.6299879325469667,499,/mnt/prj01/hgrp-1502-5TB/xuxiaoyu/reliability_medmnistc_ab/formal_runs/cross_path_random_grapha2_sel42_43_train42_43_20260917/runs/pathmnist/random/ratio_0.05/selection_seed_43/train_seed_43/aug_0/final.pt,24eb39b6eb7525b6c85064887c09c0eed981752973f886d0f5a1e27f2d45acdf,0.3515501917269044,0.40380047505938244,contrast_down,pathmnist,0.22903633172673105,1154,random,9,7180,4491,1.4787280220280776,0.05,0.3938714499252616,1.0,0.49852507374631266,0.4952681388012618,0.6830917874396135,0.5304054054054054,0.20242914979757085,0.035629453681710214,0.8880778588807786,0.35985376044568246,5744,43,e5c828af1c174f27ededa892addbb3d5dec23dd566789feef7e07c1aaf82626d,2,43,0.035629453681710214
0.2608635097493036,0,0.5390072404918005,0.25613136591464725,1.155575696230874,499,/mnt/prj01/hgrp-1502-5TB/xuxiaoyu/reliability_medmnistc_ab/formal_runs/cross_path_random_grapha2_sel42_43_train42_43_20260917/runs/pathmnist/random/ratio_0.05/selection_seed_43/train_seed_43/aug_0/final.pt,24eb39b6eb7525b6c85064887c09c0eed981752973f886d0f5a1e27f2d45acdf,0.6206741944431367,0.43942992874109266,contrast_down,pathmnist,0.5242844808628798,2607,random,9,7180,4491,3.1110651571770833,0.05,0.187593423019432,1.0,0.49852507374631266,0.015772870662460567,0.1178743961352657,0.19425675675675674,0.0,0.0,0.2911597729115977,0.7177924791086351,5744,43,e5c828af1c174f27ededa892addbb3d5dec23dd566789feef7e07c1aaf82626d,3,43,0.0
0.18579387186629526,0,0.6233861578173163,0.19744711523736186,1.3747752419905594,499,/mnt/prj01/hgrp-1502-5TB/xuxiaoyu/reliability_medmnistc_ab/formal_runs/cross_path_random_grapha2_sel42_43_train42_43_20260917/runs/pathmnist/random/ratio_0.05/selection_seed_43/train_seed_43/aug_0/final.pt,24eb39b6eb7525b6c85064887c09c0eed981752973f886d0f5a1e27f2d45acdf,0.679358445120422,0.43942992874109266,contrast_down,pathmnist,0.6556510745067783,3762,random,9,7180,4491,4.133283016752626,0.05,0.14648729446935724,1.0,0.49852507374631266,0.0,0.030917874396135265,0.05405405405405406,0.0,0.0,0.047039740470397405,0.7926532033426184,5744,43,e5c828af1c174f27ededa892addbb3d5dec23dd566789feef7e07c1aaf82626d,4,43,0.0
0.16142061281337047,0,0.662756093010518,0.15884189148471164,1.4816849109518369,499,/mnt/prj01/hgrp-1502-5TB/xuxiaoyu/reliability_medmnistc_ab/formal_runs/cross_path_random_grapha2_sel42_43_train42_43_20260917/runs/pathmnist/random/ratio_0.05/selection_seed_43/train_seed_43/aug_0/final.pt,24eb39b6eb7525b6c85064887c09c0eed981752973f886d0f5a1e27f2d45acdf,0.7179636688730723,0.43942992874109266,contrast_down,pathmnist,0.7103735245266166,4334,random,9,7180,4491,4.980552766298017,0.05,0.13602391629297458,1.0,0.2448377581120944,0.0,0.03864734299516908,0.008445945945945946,0.0,0.0,0.0016220600162206002,0.8185933147632312,5744,43,e5c828af1c174f27ededa892addbb3d5dec23dd566789feef7e07c1aaf82626d,5,43,0.0
0.8828690807799443,0,0.03714235827011344,0.8327165000253326,0.18886461571763652,499,/mnt/prj01/hgrp-1502-5TB/xuxiaoyu/reliability_medmnistc_ab/formal_runs/cross_path_random_grapha2_sel42_43_train42_43_20260917/runs/pathmnist/random/ratio_0.05/selection_seed_43/train_seed_43/aug_0/final.pt,24eb39b6eb7525b6c85064887c09c0eed981752973f886d0f5a1e27f2d45acdf,0.0440890603324513,-0.02375296912114011,contrast_up,pathmnist,0.04606601602104714,443,random,9,7180,4491,0.4539762759383281,0.05,0.9633781763826607,1.0,0.5575221238938053,0.917981072555205,0.9024154589371981,0.8885135135135135,0.902834008097166,0.46318289786223277,0.8986212489862125,0.06006267409470752,5744,43,e5c828af1c174f27ededa892addbb3d5dec23dd566789feef7e07c1aaf82626d,1,43,0.46318289786223277
0.7540389972144846,0,0.12171802258218416,0.6923014692266624,0.38865642360664765,499,/mnt/prj01/hgrp-1502-5TB/xuxiaoyu/reliability_medmnistc_ab/formal_runs/cross_path_random_grapha2_sel42_43_train42_43_20260917/runs/pathmnist/random/ratio_0.05/selection_seed_43/train_seed_43/aug_0/final.pt,24eb39b6eb7525b6c85064887c09c0eed981752973f886d0f5a1e27f2d45acdf,0.18450409113112154,0.17102137767220904,contrast_up,pathmnist,0.1227521905535443,945,random,9,7180,4491,0.9544501977297419,0.05,0.9566517189835575,1.0,0.4247787610619469,0.5362776025236593,0.7072463768115942,0.8986486486486487,0.7071524966261808,0.2684085510688836,0.7315490673154906,0.17983983286908078,5744,43,e5c828af1c174f27ededa892addbb3d5dec23dd566789feef7e07c1aaf82626d,2,43,0.2684085510688836
0.5637883008356546,0,0.27312125810738497,0.4963059786182634,0.6957398345602993,499,/mnt/prj01/hgrp-1502-5TB/xuxiaoyu/reliability_medmnistc_ab/formal_runs/cross_path_random_grapha2_sel42_43_train42_43_20260917/runs/pathmnist/random/ratio_0.05/selection_seed_43/train_seed_43/aug_0/final.pt,24eb39b6eb7525b6c85064887c09c0eed981752973f886d0f5a1e27f2d45acdf,0.3804995817395205,0.35391923990498814,contrast_up,pathmnist,0.27754539849656873,1773,random,9,7180,4491,1.8068847177732348,0.05,0.9372197309417041,1.0,0.12094395280235988,0.222397476340694,0.40869565217391307,0.9054054054054054,0.40620782726045884,0.0855106888361045,0.38037307380373075,0.3871866295264624,5744,43,e5c828af1c174f27ededa892addbb3d5dec23dd566789feef7e07c1aaf82626d,3,43,0.0855106888361045
0.4193593314763231,0,0.3974836898584603,0.3674910039365425,0.9861727946398927,499,/mnt/prj01/hgrp-1502-5TB/xuxiaoyu/reliability_medmnistc_ab/formal_runs/cross_path_random_grapha2_sel42_43_train42_43_20260917/runs/pathmnist/random/ratio_0.05/selection_seed_43/train_seed_43/aug_0/final.pt,24eb39b6eb7525b6c85064887c09c0eed981752973f886d0f5a1e27f2d45acdf,0.5093145564212413,0.4180522565320665,contrast_up,pathmnist,0.44359027806015733,2851,random,9,7180,4491,2.79103652902172,0.05,0.8729446935724963,1.0,0.02654867256637168,0.03943217665615142,0.17971014492753623,0.9070945945945946,0.18488529014844804,0.021377672209026127,0.07542579075425791,0.5494428969359332,5744,43,e5c828af1c174f27ededa892addbb3d5dec23dd566789feef7e07c1aaf82626d,4,43,0.021377672209026127
0.32590529247910865,0,0.5246982016360253,0.2949082767611782,1.2093928282667497,499,/mnt/prj01/hgrp-1502-5TB/xuxiaoyu/reliability_medmnistc_ab/formal_runs/cross_path_random_grapha2_sel42_43_train42_43_20260917/runs/pathmnist/random/ratio_0.05/selection_seed_43/train_seed_43/aug_0/final.pt,24eb39b6eb7525b6c85064887c09c0eed981752973f886d0f5a1e27f2d45acdf,0.5818972835966056,0.43942992874109266,contrast_up,pathmnist,0.5676555165216783,3746,random,9,7180,4491,4.013358567714206,0.05,0.6666666666666666,1.0,0.0,0.0,0.01352657004830918,0.9070945945945946,0.0620782726045884,0.0023752969121140144,0.0024330900243309003,0.6523328690807799,5744,43,e5c828af1c174f27ededa892addbb3d5dec23dd566789feef7e07c1aaf82626d,5,43,0.0
0.6742339832869081,0,0.14618929590506097,0.6659674598764735,0.5151671218426116,499,/mnt/prj01/hgrp-1502-5TB/xuxiaoyu/reliability_medmnistc_ab/formal_runs/cross_path_random_grapha2_sel42_43_train42_43_20260917/runs/pathmnist/random/ratio_0.05/selection_seed_43/train_seed_43/aug_0/final.pt,24eb39b6eb7525b6c85064887c09c0eed981752973f886d0f5a1e27f2d45acdf,0.21083810048131035,0.2620650638762278,defocus_blur,pathmnist,0.20266811532645507,1316,random,9,7180,4491,1.2646113598013695,0.05,0.9379671150971599,1.0,0.6047197640117994,0.9858044164037855,0.41352657004830917,0.17736486486486486,0.9635627530364372,0.5676959619952494,0.34306569343065696,0.25696378830083566,5744,43,e5c828af1c174f27ededa892addbb3d5dec23dd566789feef7e07c1aaf82626d,1,43,0.17736486486486486
0.5733983286908078,0,0.24284582400687105,0.5709838152203838,0.7145969079495088,499,/mnt/prj01/hgrp-1502-5TB/xuxiaoyu/reliability_medmnistc_ab/formal_runs/cross_path_random_grapha2_sel42_43_train42_43_20260917/runs/pathmnist/random/ratio_0.05/selection_seed_43/train_seed_43/aug_0/final.pt,24eb39b6eb7525b6c85064887c09c0eed981752973f886d0f5a1e27f2d45acdf,0.3058217451374001,0.3397677665789305,defocus_blur,pathmnist,0.3072078773321215,1995,random,9,7180,4491,1.962423157254528,0.05,0.9155455904334828,1.0,0.5486725663716814,0.8501577287066246,0.11304347826086956,0.09966216216216216,0.9770580296896086,0.44655581947743467,0.18815896188158962,0.3713440111420613,5744,43,e5c828af1c174f27ededa892addbb3d5dec23dd566789feef7e07c1aaf82626d,2,43,0.09966216216216216
0.504874651810585,0,0.3453708341593609,0.4861406703089099,0.8599509891702837,499,/mnt/prj01/hgrp-1502-5TB/xuxiaoyu/reliability_medmnistc_ab/formal_runs/cross_path_random_grapha2_sel42_43_train42_43_20260917/runs/pathmnist/random/ratio_0.05/selection_seed_43/train_seed_43/aug_0/final.pt,24eb39b6eb7525b6c85064887c09c0eed981752973f886d0f5a1e27f2d45acdf,0.390664890048874,0.39981640217104436,defocus_blur,pathmnist,0.38339321011454286,2509,random,9,7180,4491,2.61251332146616,0.05,0.9125560538116592,1.0,0.4837758112094395,0.5047318611987381,0.03961352657004831,0.07432432432432433,0.9892037786774629,0.2494061757719715,0.12165450121654502,0.45386490250696376,5744,43,e5c828af1c174f27ededa892addbb3d5dec23dd566789feef7e07c1aaf82626d,3,43,0.03961352657004831
0.46977715877437326,0,0.4151543628495258,0.4339741561793677,0.9285080301179679,499,/mnt/prj01/hgrp-1502-5TB/xuxiaoyu/reliability_medmnistc_ab/formal_runs/cross_path_random_grapha2_sel42_43_train42_43_20260917/runs/pathmnist/random/ratio_0.05/selection_seed_43/train_seed_43/aug_0/final.pt,24eb39b6eb7525b6c85064887c09c0eed981752973f886d0f5a1e27f2d45acdf,0.4428314041784162,0.4317004601420588,defocus_blur,pathmnist,0.4144934908136685,2721,random,9,7180,4491,2.9945762822239255,0.05,0.922272047832586,1.0,0.37168141592920356,0.3659305993690852,0.007729468599033816,0.0625,0.9865047233468286,0.09263657957244656,0.09651257096512571,0.4947771587743733,5744,43,e5c828af1c174f27ededa892addbb3d5dec23dd566789feef7e07c1aaf82626d,4,43,0.007729468599033816
0.4246518105849582,0,0.47541183515338314,0.3736339815823578,1.0067880472106532,499,/mnt/prj01/hgrp-1502-5TB/xuxiaoyu/reliability_medmnistc_ab/formal_runs/cross_path_random_grapha2_sel42_43_train42_43_20260917/runs/pathmnist/random/ratio_0.05/selection_seed_43/train_seed_43/aug_0/final.pt,24eb39b6eb7525b6c85064887c09c0eed981752973f886d0f5a1e27f2d45acdf,0.5031715787754261,0.43846374516621345,defocus_blur,pathmnist,0.4614481223140089,2934,random,9,7180,4491,3.3294427833877998,0.05,0.9312406576980568,1.0,0.30383480825958703,0.014195583596214511,0.000966183574879227,0.0472972972972973,0.9541160593792173,0.035629453681710214,0.07542579075425791,0.5301183844011143,5744,43,e5c828af1c174f27ededa892addbb3d5dec23dd566789feef7e07c1aaf82626d,5,43,0.000966183574879227
0.8909470752089137,0,0.027391786804087968,0.8433569284307666,0.17258635384708126,499,/mnt/prj01/hgrp-1502-5TB/xuxiaoyu/reliability_medmnistc_ab/formal_runs/cross_path_random_grapha2_sel42_43_train42_43_20260917/runs/pathmnist/random/ratio_0.05/selection_seed_43/train_seed_43/aug_0/final.pt,24eb39b6eb7525b6c85064887c09c0eed981752973f886d0f5a1e27f2d45acdf,0.0334486319270173,-0.09026128266033251,jpeg_compression,pathmnist,0.04246083578525475,379,random,9,7180,4491,0.3992833380440264,0.05,0.9431988041853513,1.0,0.7020648967551623,0.9747634069400631,0.9845410628019323,0.5929054054054054,0.9311740890688259,0.5296912114014252,0.9318734793187348,0.04613509749303621,5744,43,e5c828af1c174f27ededa892addbb3d5dec23dd566789feef7e07c1aaf82626d,1,43,0.5296912114014252
0.885933147632312,0,0.028825701185520105,0.8322373642701621,0.1815165515606496,499,/mnt/prj01/hgrp-1502-5TB/xuxiaoyu/reliability_medmnistc_ab/formal_runs/cross_path_random_grapha2_sel42_43_train42_43_20260917/runs/pathmnist/random/ratio_0.05/selection_seed_43/train_seed_43/aug_0/final.pt,24eb39b6eb7525b6c85064887c09c0eed981752973f886d0f5a1e27f2d45acdf,0.04456819608762175,-0.04198899017782626,jpeg_compression,pathmnist,0.04652626439721469,422,random,9,7180,4491,0.42176117689369125,0.05,0.9775784753363229,1.0,0.6637168141592921,0.9763406940063092,0.978743961352657,0.4814189189189189,0.9095816464237517,0.5700712589073634,0.9326845093268451,0.05083565459610028,5744,43,e5c828af1c174f27ededa892addbb3d5dec23dd566789feef7e07c1aaf82626d,2,43,0.4814189189189189
0.7791086350974931,0,0.06939736677821687,0.7451969053375628,0.332154877385127,499,/mnt/prj01/hgrp-1502-5TB/xuxiaoyu/reliability_medmnistc_ab/formal_runs/cross_path_random_grapha2_sel42_43_train42_43_20260917/runs/pathmnist/random/ratio_0.05/selection_seed_43/train_seed_43/aug_0/final.pt,24eb39b6eb7525b6c85064887c09c0eed981752973f886d0f5a1e27f2d45acdf,0.13160865502022112,0.04584884766001157,jpeg_compression,pathmnist,0.09552157269920476,624,random,9,7180,4491,0.7776697270482406,0.05,0.570254110612855,1.0,0.5398230088495575,0.9637223974763407,0.9768115942028985,0.3935810810810811,0.8407557354925776,0.5296912114014252,0.8921330089213301,0.13126740947075208,5744,43,e5c828af1c174f27ededa892addbb3d5dec23dd566789feef7e07c1aaf82626d,3,43,0.3935810810810811
0.6643454038997214,0,0.12118766551714404,0.6388543570126033,0.49795564928127206,499,/mnt/prj01/hgrp-1502-5TB/xuxiaoyu/reliability_medmnistc_ab/formal_runs/cross_path_random_grapha2_sel42_43_train42_43_20260917/runs/pathmnist/random/ratio_0.05/selection_seed_43/train_seed_43/aug_0/final.pt,24eb39b6eb7525b6c85064887c09c0eed981752973f886d0f5a1e27f2d45acdf,0.2379512033451806,0.21371991379340954,jpeg_compression,pathmnist,0.17686292929652672,842,random,9,7180,4491,1.193739356831443,0.05,0.2257100149476831,1.0,0.35988200589970504,0.9479495268138801,0.9507246376811594,0.27533783783783783,0.7462887989203779,0.41330166270783847,0.8304947283049473,0.24529944289693592,5744,43,e5c828af1c174f27ededa892addbb3d5dec23dd566789feef7e07c1aaf82626d,4,43,0.2257100149476831
0.6149025069637883,0,0.16648490604386657,0.5964667824897432,0.5963915129271813,499,/mnt/prj01/hgrp-1502-5TB/xuxiaoyu/reliability_medmnistc_ab/formal_runs/cross_path_random_grapha2_sel42_43_train42_43_20260917/runs/pathmnist/random/ratio_0.05/selection_seed_43/train_seed_43/aug_0/final.pt,24eb39b6eb7525b6c85064887c09c0eed981752973f886d0f5a1e27f2d45acdf,0.28033877786804073,0.3414569557681197,jpeg_compression,pathmnist,0.22672212261675462,1138,random,9,7180,4491,1.5523039458605288,0.05,0.1218236173393124,1.0,0.3834808259587021,0.8722397476340694,0.9256038647342996,0.09797297297297297,0.5762483130904184,0.5368171021377672,0.8540145985401459,0.3043175487465181,5744,43,e5c828af1c174f27ededa892addbb3d5dec23dd566789feef7e07c1aaf82626d,5,43,0.09797297297297297
0.7448467966573816,0,0.10684005251489731,0.7094071651773232,0.41054699175571907,499,/mnt/prj01/hgrp-1502-5TB/xuxiaoyu/reliability_medmnistc_ab/formal_runs/cross_path_random_grapha2_sel42_43_train42_43_20260917/runs/pathmnist/random/ratio_0.05/selection_seed_43/train_seed_43/aug_0/final.pt,24eb39b6eb7525b6c85064887c09c0eed981752973f886d0f5a1e27f2d45acdf,0.16739839518046074,0.054294793605957514,motion_blur,pathmnist,0.14996871887641366,1080,random,9,7180,4491,0.9914264753302766,0.05,0.9334828101644245,1.0,0.3864306784660767,0.9369085173501577,0.6869565217391305,0.38513513513513514,0.97165991902834,0.5771971496437055,0.5068937550689375,0.19098189415041783,5744,43,e5c828af1c174f27ededa892addbb3d5dec23dd566789feef7e07c1aaf82626d,1,43,0.38513513513513514
0.7364902506963789,0,0.1137020901233117,0.7014160617696075,0.4252786567900962,499,/mnt/prj01/hgrp-1502-5TB/xuxiaoyu/reliability_medmnistc_ab/formal_runs/cross_path_random_grapha2_sel42_43_train42_43_20260917/runs/pathmnist/random/ratio_0.05/selection_seed_43/train_seed_43/aug_0/final.pt,24eb39b6eb7525b6c85064887c09c0eed981752973f886d0f5a1e27f2d45acdf,0.17538949858817643,0.07069836531926377,motion_blur,pathmnist,0.1536438005382304,1107,random,9,7180,4491,1.0210352293017522,0.05,0.9342301943198804,1.0,0.3687315634218289,0.916403785488959,0.6463768115942029,0.38175675675675674,0.9757085020242915,0.5866983372921615,0.5028386050283861,0.2036908077994429,5744,43,e5c828af1c174f27ededa892addbb3d5dec23dd566789feef7e07c1aaf82626d,2,43,0.3687315634218289
0.7369080779944289,0,0.11195966259109481,0.7006724521174916,0.4194661187012676,499,/mnt/prj01/hgrp-1502-5TB/xuxiaoyu/reliability_medmnistc_ab/formal_runs/cross_path_random_grapha2_sel42_43_train42_43_20260917/runs/pathmnist/random/ratio_0.05/selection_seed_43/train_seed_43/aug_0/final.pt,24eb39b6eb7525b6c85064887c09c0eed981752973f886d0f5a1e27f2d45acdf,0.17613310824029227,0.05936236117352511,motion_blur,pathmnist,0.15405483452348984,1097,random,9,7180,4491,1.0119397969941124,0.05,0.9402092675635276,1.0,0.3834808259587021,0.9116719242902208,0.6628019323671498,0.38006756756756754,0.9757085020242915,0.5581947743467933,0.49391727493917276,0.1991643454038997,5744,43,e5c828af1c174f27ededa892addbb3d5dec23dd566789feef7e07c1aaf82626d,3,43,0.38006756756756754
0.6158774373259053,0,0.21354702941575404,0.5826528209984814,0.6231791646633813,499,/mnt/prj01/hgrp-1502-5TB/xuxiaoyu/reliability_medmnistc_ab/formal_runs/cross_path_random_grapha2_sel42_43_train42_43_20260917/runs/pathmnist/random/ratio_0.05/selection_seed_43/train_seed_43/aug_0/final.pt,24eb39b6eb7525b6c85064887c09c0eed981752973f886d0f5a1e27f2d45acdf,0.29415273935930253,0.14720019901136294,motion_blur,pathmnist,0.24976618252798374,1599,random,9,7180,4491,1.5995033025935712,0.05,0.9304932735426009,1.0,0.31268436578171094,0.583596214511041,0.3671497584541063,0.2922297297297297,0.9649122807017544,0.4821852731591449,0.31062449310624496,0.3255571030640669,5744,43,e5c828af1c174f27ededa892addbb3d5dec23dd566789feef7e07c1aaf82626d,4,43,0.2922297297297297
0.48871866295264627,0,0.35045984280035136,0.448615977868153,0.8403076415329773,499,/mnt/prj01/hgrp-1502-5TB/xuxiaoyu/reliability_medmnistc_ab/formal_runs/cross_path_random_grapha2_sel42_43_train42_43_20260917/runs/pathmnist/random/ratio_0.05/selection_seed_43/train_seed_43/aug_0/final.pt,24eb39b6eb7525b6c85064887c09c0eed981752973f886d0f5a1e27f2d45acdf,0.4281895824896309,0.3842248814224807,motion_blur,pathmnist,0.36126465227320004,2191,random,9,7180,4491,2.3458373837194655,0.05,0.9237668161434978,1.0,0.3185840707964602,0.055205047318611984,0.17971014492753623,0.21621621621621623,0.8852901484480432,0.31116389548693585,0.14760746147607462,0.4594359331476323,5744,43,e5c828af1c174f27ededa892addbb3d5dec23dd566789feef7e07c1aaf82626d,5,43,0.055205047318611984
0.909192200557103,0,0.018741400231703693,0.8732305286627006,0.1416371738188461,499,/mnt/prj01/hgrp-1502-5TB/xuxiaoyu/reliability_medmnistc_ab/formal_runs/cross_path_random_grapha2_sel42_43_train42_43_20260917/runs/pathmnist/random/ratio_0.05/selection_seed_43/train_seed_43/aug_0/final.pt,24eb39b6eb7525b6c85064887c09c0eed981752973f886d0f5a1e27f2d45acdf,0.0035750316950833305,-0.04750593824228028,pixelate,pathmnist,0.030722255419555828,298,random,9,7180,4491,0.3346726874214185,0.05,0.9469357249626308,1.0,0.8259587020648967,0.9952681388012619,0.9681159420289855,0.7601351351351351,0.9487179487179487,0.48693586698337293,0.927007299270073,0.03151114206128134,5744,43,e5c828af1c174f27ededa892addbb3d5dec23dd566789feef7e07c1aaf82626d,1,43,0.48693586698337293
0.9027855153203342,0,0.02073950558991347,0.8696738275384832,0.15177196812334975,499,/mnt/prj01/hgrp-1502-5TB/xuxiaoyu/reliability_medmnistc_ab/formal_runs/cross_path_random_grapha2_sel42_43_train42_43_20260917/runs/pathmnist/random/ratio_0.05/selection_seed_43/train_seed_43/aug_0/final.pt,24eb39b6eb7525b6c85064887c09c0eed981752973f886d0f5a1e27f2d45acdf,0.007131732819300685,-0.10451306413301664,pixelate,pathmnist,0.0337477940433039,334,random,9,7180,4491,0.35318013025490075,0.05,0.9469357249626308,1.0,0.8112094395280236,0.998422712933754,0.9623188405797102,0.7195945945945946,0.9460188933873145,0.5439429928741093,0.8986212489862125,0.036211699164345405,5744,43,e5c828af1c174f27ededa892addbb3d5dec23dd566789feef7e07c1aaf82626d,2,43,0.5439429928741093
0.8837047353760445,0,0.028807576894065264,0.8497447153533958,0.18400447323058217,499,/mnt/prj01/hgrp-1502-5TB/xuxiaoyu/reliability_medmnistc_ab/formal_runs/cross_path_random_grapha2_sel42_43_train42_43_20260917/runs/pathmnist/random/ratio_0.05/selection_seed_43/train_seed_43/aug_0/final.pt,24eb39b6eb7525b6c85064887c09c0eed981752973f886d0f5a1e27f2d45acdf,0.0270608450043881,-0.13064133016627077,pixelate,pathmnist,0.04584839236105388,406,random,9,7180,4491,0.42672347086875767,0.05,0.9446935724962631,1.0,0.7699115044247787,0.998422712933754,0.9410628019323671,0.6148648648648649,0.951417004048583,0.5700712589073634,0.8572587185725872,0.05501392757660167,5744,43,e5c828af1c174f27ededa892addbb3d5dec23dd566789feef7e07c1aaf82626d,3,43,0.5700712589073634
0.8537604456824512,0,0.03758919574581724,0.8114893897515117,0.22168453533102722,499,/mnt/prj01/hgrp-1502-5TB/xuxiaoyu/reliability_medmnistc_ab/formal_runs/cross_path_random_grapha2_sel42_43_train42_43_20260917/runs/pathmnist/random/ratio_0.05/selection_seed_43/train_seed_43/aug_0/final.pt,24eb39b6eb7525b6c85064887c09c0eed981752973f886d0f5a1e27f2d45acdf,0.06531617060627215,0.015443442254606143,pixelate,pathmnist,0.06189065334441602,495,random,9,7180,4491,0.5018548611152737,0.05,0.9245142002989537,1.0,0.7374631268436578,0.9936908517350158,0.9082125603864735,0.4239864864864865,0.941970310391363,0.5130641330166271,0.8605028386050284,0.06981197771587744,5744,43,e5c828af1c174f27ededa892addbb3d5dec23dd566789feef7e07c1aaf82626d,4,43,0.4239864864864865
0.8350974930362117,0,0.04706829559600097,0.782432109077943,0.2537112032475603,499,/mnt/prj01/hgrp-1502-5TB/xuxiaoyu/reliability_medmnistc_ab/formal_runs/cross_path_random_grapha2_sel42_43_train42_43_20260917/runs/pathmnist/random/ratio_0.05/selection_seed_43/train_seed_43/aug_0/final.pt,24eb39b6eb7525b6c85064887c09c0eed981752973f886d0f5a1e27f2d45acdf,0.09437345127984087,0.07363420427553447,pixelate,pathmnist,0.06733699002637838,541,random,9,7180,4491,0.570219298920618,0.05,0.9043348281016442,1.0,0.7345132743362832,0.8943217665615142,0.8444444444444444,0.4527027027027027,0.9122807017543859,0.3657957244655582,0.9334955393349554,0.08948467966573816,5744,43,e5c828af1c174f27ededa892addbb3d5dec23dd566789feef7e07c1aaf82626d,5,43,0.3657957244655582
0.875766016713092,0,0.04302827433492799,0.8525403469133274,0.19414303126315974,499,/mnt/prj01/hgrp-1502-5TB/xuxiaoyu/reliability_medmnistc_ab/formal_runs/cross_path_random_grapha2_sel42_43_train42_43_20260917/runs/pathmnist/random/ratio_0.05/selection_seed_43/train_seed_43/aug_0/final.pt,24eb39b6eb7525b6c85064887c09c0eed981752973f886d0f5a1e27f2d45acdf,0.024265213444456535,-0.07363420427553447,saturate,pathmnist,0.037212452207352156,384,random,9,7180,4491,0.4623989266982571,0.05,0.9304932735426009,1.0,0.8141592920353983,0.9369085173501577,0.8077294685990338,0.8631756756756757,0.9460188933873145,0.5130641330166271,0.8613138686131386,0.061455431754874654,5744,43,e5c828af1c174f27ededa892addbb3d5dec23dd566789feef7e07c1aaf82626d,1,43,0.5130641330166271
0.6332869080779945,0,0.2242351718140014,0.6396159250317607,0.5781188792039162,499,/mnt/prj01/hgrp-1502-5TB/xuxiaoyu/reliability_medmnistc_ab/formal_runs/cross_path_random_grapha2_sel42_43_train42_43_20260917/runs/pathmnist/random/ratio_0.05/selection_seed_43/train_seed_43/aug_0/final.pt,24eb39b6eb7525b6c85064887c09c0eed981752973f886d0f5a1e27f2d45acdf,0.23718963532602322,0.17952654709858057,saturate,pathmnist,0.19659288924260057,1391,random,9,7180,4491,1.342767751900825,0.05,0.6913303437967115,1.0,0.696165191740413,0.5394321766561514,0.2599033816425121,0.8918918918918919,0.7908232118758435,0.34441805225653205,0.5425790754257908,0.32207520891364905,5744,43,e5c828af1c174f27ededa892addbb3d5dec23dd566789feef7e07c1aaf82626d,2,43,0.2599033816425121
0.36727019498607244,0,0.4474623178218894,0.4012413841973808,1.0117520129937714,499,/mnt/prj01/hgrp-1502-5TB/xuxiaoyu/reliability_medmnistc_ab/formal_runs/cross_path_random_grapha2_sel42_43_train42_43_20260917/runs/pathmnist/random/ratio_0.05/selection_seed_43/train_seed_43/aug_0/final.pt,24eb39b6eb7525b6c85064887c09c0eed981752973f886d0f5a1e27f2d45acdf,0.4755641761604031,0.42010625724350814,saturate,pathmnist,0.44634378315637036,2608,random,9,7180,4491,2.7199891693540637,0.05,0.30119581464872947,1.0,0.46017699115044247,0.4305993690851735,0.01932367149758454,0.8952702702702703,0.2941970310391363,0.0855106888361045,0.12489862124898621,0.6021935933147632,5744,43,e5c828af1c174f27ededa892addbb3d5dec23dd566789feef7e07c1aaf82626d,3,43,0.01932367149758454
0.2604456824512535,0,0.5191062036989984,0.29664259295455614,1.2436346591729415,499,/mnt/prj01/hgrp-1502-5TB/xuxiaoyu/reliability_medmnistc_ab/formal_runs/cross_path_random_grapha2_sel42_43_train42_43_20260917/runs/pathmnist/random/ratio_0.05/selection_seed_43/train_seed_43/aug_0/final.pt,24eb39b6eb7525b6c85064887c09c0eed981752973f886d0f5a1e27f2d45acdf,0.5801629674032278,0.4346793349168646,saturate,pathmnist,0.5900020601855679,3474,random,9,7180,4491,3.6088965478976363,0.05,0.09790732436472346,1.0,0.2920353982300885,0.33753943217665616,0.005797101449275362,0.8952702702702703,0.008097165991902834,0.004750593824228029,0.028386050283860504,0.7087395543175488,5744,43,e5c828af1c174f27ededa892addbb3d5dec23dd566789feef7e07c1aaf82626d,4,43,0.004750593824228029
0.21406685236768802,0,0.5483104758906011,0.24554433017876873,1.3486514484068857,499,/mnt/prj01/hgrp-1502-5TB/xuxiaoyu/reliability_medmnistc_ab/formal_runs/cross_path_random_grapha2_sel42_43_train42_43_20260917/runs/pathmnist/random/ratio_0.05/selection_seed_43/train_seed_43/aug_0/final.pt,24eb39b6eb7525b6c85064887c09c0eed981752973f886d0f5a1e27f2d45acdf,0.6312612301790151,0.43942992874109266,saturate,pathmnist,0.6488138425150953,3817,random,9,7180,4491,4.126416316094526,0.05,0.029895366218236172,1.0,0.21238938053097345,0.06782334384858044,0.002898550724637681,0.8952702702702703,0.0,0.0,0.0016220600162206002,0.7489554317548747,5744,43,e5c828af1c174f27ededa892addbb3d5dec23dd566789feef7e07c1aaf82626d,5,43,0.0
0.9110027855153203,0,0.02037433938136331,0.8747137807356333,0.13910962004039548,499,/mnt/prj01/hgrp-1502-5TB/xuxiaoyu/reliability_medmnistc_ab/formal_runs/cross_path_random_grapha2_sel42_43_train42_43_20260917/runs/pathmnist/random/ratio_0.05/selection_seed_43/train_seed_43/aug_0/final.pt,24eb39b6eb7525b6c85064887c09c0eed981752973f886d0f5a1e27f2d45acdf,0.002091779622150569,0.002375296912114022,stain_deposit,pathmnist,0.022352196537684603,275,random,9,7180,4491,0.3343339486765326,0.05,0.9461883408071748,1.0,0.855457227138643,0.9810725552050473,0.9719806763285024,0.8057432432432432,0.9406207827260459,0.43705463182897863,0.9343065693430657,0.031337047353760444,5744,43,e5c828af1c174f27ededa892addbb3d5dec23dd566789feef7e07c1aaf82626d,1,43,0.43705463182897863
0.9129526462395543,0,0.02145738348300846,0.876660974473198,0.13846047578898005,499,/mnt/prj01/hgrp-1502-5TB/xuxiaoyu/reliability_medmnistc_ab/formal_runs/cross_path_random_grapha2_sel42_43_train42_43_20260917/runs/pathmnist/random/ratio_0.05/selection_seed_43/train_seed_43/aug_0/final.pt,24eb39b6eb7525b6c85064887c09c0eed981752973f886d0f5a1e27f2d45acdf,0.0001445858845858794,0.004750593824228044,stain_deposit,pathmnist,0.02364432213407704,263,random,9,7180,4491,0.3356149996806024,0.05,0.953662182361734,1.0,0.8672566371681416,0.9826498422712934,0.9710144927536232,0.8125,0.9298245614035088,0.4346793349168646,0.9383617193836172,0.03185933147632312,5744,43,e5c828af1c174f27ededa892addbb3d5dec23dd566789feef7e07c1aaf82626d,2,43,0.4346793349168646
0.9061281337047353,0,0.023549124043366607,0.8693744932816236,0.1452127012094055,499,/mnt/prj01/hgrp-1502-5TB/xuxiaoyu/reliability_medmnistc_ab/formal_runs/cross_path_random_grapha2_sel42_43_train42_43_20260917/runs/pathmnist/random/ratio_0.05/selection_seed_43/train_seed_43/aug_0/final.pt,24eb39b6eb7525b6c85064887c09c0eed981752973f886d0f5a1e27f2d45acdf,0.007431067076160258,0.019002375296912122,stain_deposit,pathmnist,0.017248845511326206,254,random,9,7180,4491,0.35038174183732584,0.05,0.9476831091180867,1.0,0.8702064896755162,0.9794952681388013,0.9729468599033816,0.7905405405405406,0.9136302294197031,0.42042755344418054,0.9294403892944039,0.03325208913649025,5744,43,e5c828af1c174f27ededa892addbb3d5dec23dd566789feef7e07c1aaf82626d,3,43,0.42042755344418054
0.9027855153203342,0,0.025242193206333443,0.8659915664397715,0.14863607883505103,499,/mnt/prj01/hgrp-1502-5TB/xuxiaoyu/reliability_medmnistc_ab/formal_runs/cross_path_random_grapha2_sel42_43_train42_43_20260917/runs/pathmnist/random/ratio_0.05/selection_seed_43/train_seed_43/aug_0/final.pt,24eb39b6eb7525b6c85064887c09c0eed981752973f886d0f5a1e27f2d45acdf,0.01081399391801241,0.023752969121140166,stain_deposit,pathmnist,0.021064522011532433,243,random,9,7180,4491,0.36015716473138515,0.05,0.9476831091180867,1.0,0.8672566371681416,0.9747634069400631,0.9739130434782609,0.7888513513513513,0.9068825910931174,0.4156769596199525,0.9188969991889699,0.035515320334261836,5744,43,e5c828af1c174f27ededa892addbb3d5dec23dd566789feef7e07c1aaf82626d,4,43,0.4156769596199525
0.8994428969359332,0,0.02870255397634085,0.8635986467855066,0.15751278477518238,499,/mnt/prj01/hgrp-1502-5TB/xuxiaoyu/reliability_medmnistc_ab/formal_runs/cross_path_random_grapha2_sel42_43_train42_43_20260917/runs/pathmnist/random/ratio_0.05/selection_seed_43/train_seed_43/aug_0/final.pt,24eb39b6eb7525b6c85064887c09c0eed981752973f886d0f5a1e27f2d45acdf,0.013206913572277323,0.030878859857482233,stain_deposit,pathmnist,0.027407902140886335,225,random,9,7180,4491,0.38802519667458424,0.05,0.9409566517189836,1.0,0.8908554572271387,0.9668769716088328,0.9690821256038648,0.777027027027027,0.8960863697705803,0.4085510688836104,0.9229521492295215,0.037604456824512536,5744,43,e5c828af1c174f27ededa892addbb3d5dec23dd566789feef7e07c1aaf82626d,5,43,0.4085510688836104
